url,section,first_status,final_status,redirect_chain,elapsed_s,html_bytes,wire_bytes,content_encoding,cache_control,x_robots_tag,error,canonical,canonical_count,canonical_is_self,robots_meta,title,title_len,title_count,title_where,canonical_where,brand_in_title,meta_description,desc_len,desc_count,og_url,og_title,og_description,og_image,og_type,twitter_card,hreflang,jsonld_blocks,h1_count,h1,html_lang,main_text_chars,hu_char_share_main,meta_in_body,forbid_supabase.co,forbid_vercel.app,forbid_localhost,private_share_links
https://www.kinaiauto.com/,/,200,200,,0.38,555711,54738,gzip,"public, max-age=0, must-revalidate",,,https://www.kinaiauto.com,1,Y,"index, follow","Találd meg a számodra megfelelő kínai modellt — kategória, ársáv, hajtás",72,1,head,head,0,"Kategória, ársáv és hajtás alapján szűrhető 60+ kínai autómodell, 15 márkától. Vizuális kínálat-számegyenes, modellösszehasonlítás, importőri linkek — egy oldalon.",163,1,https://www.kinaiauto.com,kinaiauto.com — Találd meg a számodra megfelelő kínai modellt,"Független magyar nyelvű kínai autó-iránytű. Kategória, ársáv és hajtás alapján szűrhető teljes hazai kínálat.",https://www.kinaiauto.com/opengraph-image?db1e57c3d017fe11,website,summary_large_image,,3,1,Találd meg új kínai autódat kategória és ár alapján — majd kérj ajánlatokat egy kattintással.,hu,15574,8.91,0,0,0,0,0
https://www.kinaiauto.com/kinalat,/kinalat,200,200,,1.917,289857,41716,gzip,"private, no-cache, no-store, max-age=0, must-revalidate",,,https://www.kinaiauto.com/kinalat,1,Y,"index, follow",Kínálat — vizuális hasáb a kínai modellekről — kinaiauto.com,60,1,head,head,1,"Szűrj kategóriára, hajtásra, márkára, ársávra. Válaszd ki, melyik adatot mutassuk: ár, hatótáv, csomagtartó, teljesítmény. A modellek a függőleges hasábon arányosan helyezkednek el.",181,1,https://www.kinaiauto.com,kinaiauto.com — Találd meg a számodra megfelelő kínai modellt,"Független magyar nyelvű kínai autó-iránytű. Kategória, ársáv és hajtás alapján szűrhető teljes hazai kínálat.",https://www.kinaiauto.com/opengraph-image?db1e57c3d017fe11,website,summary_large_image,,3,2,Lásd a tényleges különbségeket. / Lásd a tényleges különbségeket.,hu,4384,10.48,0,0,0,0,0
https://www.kinaiauto.com/osszehasonlitas,/osszehasonlitas,200,200,,0.439,185579,29311,gzip,"public, max-age=0, must-revalidate",,,https://www.kinaiauto.com/osszehasonlitas,1,Y,"index, follow",Összehasonlítás — kínai autók egymás mellett — kinaiauto.com,60,1,head,head,1,"Tedd egymás mellé akár 4 kínai modellt: ár, méret, csomagtartó, hatótáv, akku, teljesítmény. A táblázat automatikusan kiemeli az adott sor legjobb értékét.",155,1,https://www.kinaiauto.com,kinaiauto.com — Találd meg a számodra megfelelő kínai modellt,"Független magyar nyelvű kínai autó-iránytű. Kategória, ársáv és hajtás alapján szűrhető teljes hazai kínálat.",https://www.kinaiauto.com/opengraph-image?db1e57c3d017fe11,website,summary_large_image,,3,1,"Tedd egymás mellé, és döntsd el.",hu,283,6.91,0,0,0,0,0
https://www.kinaiauto.com/markak,/markak,307,200,307:https://www.kinaiauto.com/markak/byd,0.972,186774,28940,gzip,"public, max-age=0, must-revalidate",,,https://www.kinaiauto.com/markak/byd,1,N,"index, follow",BYD — modellek és háttér — kinaiauto.com,40,1,head,head,1,A világ legnagyobb új energiás autógyártója.,44,1,https://www.kinaiauto.com,kinaiauto.com — Találd meg a számodra megfelelő kínai modellt,"Független magyar nyelvű kínai autó-iránytű. Kategória, ársáv és hajtás alapján szűrhető teljes hazai kínálat.",https://www.kinaiauto.com/opengraph-image?db1e57c3d017fe11,website,summary_large_image,,3,1,BYD,hu,3836,10.18,0,0,0,0,0
https://www.kinaiauto.com/modellek,/modellek,307,200,307:https://www.kinaiauto.com/modellek/byd/atto-2-dm-i,0.839,273870,46676,gzip,"public, max-age=0, must-revalidate",,,https://www.kinaiauto.com/modellek/byd/atto-2-dm-i,1,N,"index, follow","BYD Atto 2 DM-i — adatlap · listaár 10,0 M Ft-tól — kinaiauto.com",65,1,head,head,1,"BYD Atto 2 DM-i (Mini SUV, plug-in hibrid) magyarországi adatlap: ár, méretek, hatótáv, akkumulátor, töltés, garancia, importőri linkek.",136,1,https://www.kinaiauto.com,kinaiauto.com — Találd meg a számodra megfelelő kínai modellt,"Független magyar nyelvű kínai autó-iránytű. Kategória, ársáv és hajtás alapján szűrhető teljes hazai kínálat.",https://www.kinaiauto.com/opengraph-image?db1e57c3d017fe11,website,summary_large_image,,4,2,"Válassz márkát, majd modellt. / Atto 2 DM-i",hu,423,5.56,0,0,0,0,0
https://www.kinaiauto.com/tudastar,/tudastar,200,200,,0.605,80033,18452,gzip,"public, max-age=0, must-revalidate",,,https://www.kinaiauto.com/tudastar,1,Y,"index, follow",Tudástár — kínai autó vásárlás érthetően — kinaiauto.com,56,1,head,head,1,"Hajtástípusok, hatótáv, töltés, pénzügy, lízing — a kínai autó vásárláshoz minden gyakorlati tudás egy helyen. Vásárlói útmutató 8 fejezetben.",142,1,https://www.kinaiauto.com,kinaiauto.com — Találd meg a számodra megfelelő kínai modellt,"Független magyar nyelvű kínai autó-iránytű. Kategória, ársáv és hajtás alapján szűrhető teljes hazai kínálat.",https://www.kinaiauto.com/opengraph-image?db1e57c3d017fe11,website,summary_large_image,,5,1,Kínai autók vásárlása érthetően.,hu,10678,10.38,0,0,0,0,0
https://www.kinaiauto.com/markak/byd,/markak/*,200,200,,0.64,186774,28940,gzip,"public, max-age=0, must-revalidate",,,https://www.kinaiauto.com/markak/byd,1,Y,"index, follow",BYD — modellek és háttér — kinaiauto.com,40,1,head,head,1,A világ legnagyobb új energiás autógyártója.,44,1,https://www.kinaiauto.com,kinaiauto.com — Találd meg a számodra megfelelő kínai modellt,"Független magyar nyelvű kínai autó-iránytű. Kategória, ársáv és hajtás alapján szűrhető teljes hazai kínálat.",https://www.kinaiauto.com/opengraph-image?db1e57c3d017fe11,website,summary_large_image,,3,1,BYD,hu,3836,10.18,0,0,0,0,0
https://www.kinaiauto.com/markak/chery,/markak/*,200,200,,0.48,104857,21062,gzip,"public, max-age=0, must-revalidate",,,https://www.kinaiauto.com/markak/chery,1,Y,"index, follow",Chery — modellek és háttér — kinaiauto.com,42,1,head,head,1,"Kína egyik vezető exportőre, hatalmas globális hálózattal.",58,1,https://www.kinaiauto.com,kinaiauto.com — Találd meg a számodra megfelelő kínai modellt,"Független magyar nyelvű kínai autó-iránytű. Kategória, ársáv és hajtás alapján szűrhető teljes hazai kínálat.",https://www.kinaiauto.com/opengraph-image?db1e57c3d017fe11,website,summary_large_image,,3,1,Chery,hu,2177,8.33,0,0,0,0,0
https://www.kinaiauto.com/markak/omoda,/markak/*,200,200,,0.346,128242,23263,gzip,"public, max-age=0, must-revalidate",,,https://www.kinaiauto.com/markak/omoda,1,Y,"index, follow",Omoda — modellek és háttér — kinaiauto.com,42,1,head,head,1,"A Chery prémiumosabb, fiatalos almárkája.",41,1,https://www.kinaiauto.com,kinaiauto.com — Találd meg a számodra megfelelő kínai modellt,"Független magyar nyelvű kínai autó-iránytű. Kategória, ársáv és hajtás alapján szűrhető teljes hazai kínálat.",https://www.kinaiauto.com/opengraph-image?db1e57c3d017fe11,website,summary_large_image,,3,1,Omoda,hu,3606,8.11,0,0,0,0,0
https://www.kinaiauto.com/markak/jaecoo,/markak/*,200,200,,0.386,120290,22354,gzip,"public, max-age=0, must-revalidate",,,https://www.kinaiauto.com/markak/jaecoo,1,Y,"index, follow",Jaecoo — modellek és háttér — kinaiauto.com,43,1,head,head,1,"Robusztus SUV-karakter, prémium technológia.",44,1,https://www.kinaiauto.com,kinaiauto.com — Találd meg a számodra megfelelő kínai modellt,"Független magyar nyelvű kínai autó-iránytű. Kategória, ársáv és hajtás alapján szűrhető teljes hazai kínálat.",https://www.kinaiauto.com/opengraph-image?db1e57c3d017fe11,website,summary_large_image,,3,1,Jaecoo,hu,3380,9.84,0,0,0,0,0
https://www.kinaiauto.com/markak/mg,/markak/*,200,200,,0.538,159704,26554,gzip,"public, max-age=0, must-revalidate",,,https://www.kinaiauto.com/markak/mg,1,Y,"index, follow",MG — modellek és háttér — kinaiauto.com,39,1,head,head,1,"Brit gyökerek, kínai hátszél — Európa egyik legsikeresebb kínai márkája.",72,1,https://www.kinaiauto.com,kinaiauto.com — Találd meg a számodra megfelelő kínai modellt,"Független magyar nyelvű kínai autó-iránytű. Kategória, ársáv és hajtás alapján szűrhető teljes hazai kínálat.",https://www.kinaiauto.com/opengraph-image?db1e57c3d017fe11,website,summary_large_image,,3,1,MG,hu,3473,11.02,0,0,0,0,0
https://www.kinaiauto.com/markak/nio,/markak/*,200,200,,0.39,96765,19408,gzip,"public, max-age=0, must-revalidate",,,https://www.kinaiauto.com/markak/nio,1,Y,"index, follow",NIO — modellek és háttér — kinaiauto.com,40,1,head,head,1,Prémium elektromos márka csere-akkumulátoros technológiával.,60,1,https://www.kinaiauto.com,kinaiauto.com — Találd meg a számodra megfelelő kínai modellt,"Független magyar nyelvű kínai autó-iránytű. Kategória, ársáv és hajtás alapján szűrhető teljes hazai kínálat.",https://www.kinaiauto.com/opengraph-image?db1e57c3d017fe11,website,summary_large_image,,3,1,NIO,hu,1388,7.14,0,0,0,0,0
https://www.kinaiauto.com/markak/firefly,/markak/*,200,200,,0.314,69065,15638,gzip,"public, max-age=0, must-revalidate",,,https://www.kinaiauto.com/markak/firefly,1,Y,"index, follow",Firefly — modellek és háttér — kinaiauto.com,44,1,head,head,1,"A NIO új lifestyle almárkája — városi, design-fókuszú.",54,1,https://www.kinaiauto.com,kinaiauto.com — Találd meg a számodra megfelelő kínai modellt,"Független magyar nyelvű kínai autó-iránytű. Kategória, ársáv és hajtás alapján szűrhető teljes hazai kínálat.",https://www.kinaiauto.com/opengraph-image?db1e57c3d017fe11,website,summary_large_image,,3,1,Firefly,hu,988,8.94,0,0,0,0,0
https://www.kinaiauto.com/markak/xpeng,/markak/*,200,200,,0.39,99690,19815,gzip,"public, max-age=0, must-revalidate",,,https://www.kinaiauto.com/markak/xpeng,1,Y,"index, follow",XPENG — modellek és háttér — kinaiauto.com,42,1,head,head,1,"Tech-fókuszú prémium EV-gyártó, erős vezető-asszisztensekkel.",61,1,https://www.kinaiauto.com,kinaiauto.com — Találd meg a számodra megfelelő kínai modellt,"Független magyar nyelvű kínai autó-iránytű. Kategória, ársáv és hajtás alapján szűrhető teljes hazai kínálat.",https://www.kinaiauto.com/opengraph-image?db1e57c3d017fe11,website,summary_large_image,,3,1,XPENG,hu,1937,10.0,0,0,0,0,0
https://www.kinaiauto.com/markak/leapmotor,/markak/*,200,200,,0.437,113846,21500,gzip,"public, max-age=0, must-revalidate",,,https://www.kinaiauto.com/markak/leapmotor,1,Y,"index, follow",Leapmotor — modellek és háttér — kinaiauto.com,46,1,head,head,1,A Stellantis kínai stratégiai partnere — kedvező árú EV-k.,58,1,https://www.kinaiauto.com,kinaiauto.com — Találd meg a számodra megfelelő kínai modellt,"Független magyar nyelvű kínai autó-iránytű. Kategória, ársáv és hajtás alapján szűrhető teljes hazai kínálat.",https://www.kinaiauto.com/opengraph-image?db1e57c3d017fe11,website,summary_large_image,,3,1,Leapmotor,hu,2605,11.49,0,0,0,0,0
https://www.kinaiauto.com/markak/geely,/markak/*,200,200,,0.346,86573,18566,gzip,"public, max-age=0, must-revalidate",,,https://www.kinaiauto.com/markak/geely,1,Y,"index, follow",Geely — modellek és háttér — kinaiauto.com,42,1,head,head,1,"A kínai autóipar globális óriása — Volvo, Polestar, Lotus tulajdonos.",69,1,https://www.kinaiauto.com,kinaiauto.com — Találd meg a számodra megfelelő kínai modellt,"Független magyar nyelvű kínai autó-iránytű. Kategória, ársáv és hajtás alapján szűrhető teljes hazai kínálat.",https://www.kinaiauto.com/opengraph-image?db1e57c3d017fe11,website,summary_large_image,,3,1,Geely,hu,1669,6.98,0,0,0,0,0
https://www.kinaiauto.com/markak/dongfeng,/markak/*,200,200,,0.373,199646,29974,gzip,"public, max-age=0, must-revalidate",,,https://www.kinaiauto.com/markak/dongfeng,1,Y,"index, follow",Dongfeng — modellek és háttér — kinaiauto.com,45,1,head,head,1,"Kína egyik legnagyobb állami autógyártója, széles modellpalettával.",67,1,https://www.kinaiauto.com,kinaiauto.com — Találd meg a számodra megfelelő kínai modellt,"Független magyar nyelvű kínai autó-iránytű. Kategória, ársáv és hajtás alapján szűrhető teljes hazai kínálat.",https://www.kinaiauto.com/opengraph-image?db1e57c3d017fe11,website,summary_large_image,,3,1,Dongfeng,hu,4085,9.65,0,0,0,0,0
https://www.kinaiauto.com/markak/voyah,/markak/*,200,200,,0.367,117189,21783,gzip,"public, max-age=0, must-revalidate",,,https://www.kinaiauto.com/markak/voyah,1,Y,"index, follow",Voyah — modellek és háttér — kinaiauto.com,42,1,head,head,1,A Dongfeng prémium elektromos / range extender almárkája.,57,1,https://www.kinaiauto.com,kinaiauto.com — Találd meg a számodra megfelelő kínai modellt,"Független magyar nyelvű kínai autó-iránytű. Kategória, ársáv és hajtás alapján szűrhető teljes hazai kínálat.",https://www.kinaiauto.com/opengraph-image?db1e57c3d017fe11,website,summary_large_image,,3,1,Voyah,hu,2115,5.83,0,0,0,0,0
https://www.kinaiauto.com/markak/baic,/markak/*,200,200,,0.377,95782,19071,gzip,"public, max-age=0, must-revalidate",,,https://www.kinaiauto.com/markak/baic,1,Y,"index, follow",BAIC — modellek és háttér — kinaiauto.com,41,1,head,head,1,A Pekingi Autóipar (BAIC) klasszikus tömeggyártója.,51,1,https://www.kinaiauto.com,kinaiauto.com — Találd meg a számodra megfelelő kínai modellt,"Független magyar nyelvű kínai autó-iránytű. Kategória, ársáv és hajtás alapján szűrhető teljes hazai kínálat.",https://www.kinaiauto.com/opengraph-image?db1e57c3d017fe11,website,summary_large_image,,3,1,BAIC,hu,1428,5.47,0,0,0,0,0
https://www.kinaiauto.com/markak/maxus,/markak/*,200,200,,0.381,88197,18770,gzip,"public, max-age=0, must-revalidate",,,https://www.kinaiauto.com/markak/maxus,1,Y,"index, follow",Maxus — modellek és háttér — kinaiauto.com,42,1,head,head,1,A SAIC kishaszon-járműves és pickup márkája.,44,1,https://www.kinaiauto.com,kinaiauto.com — Találd meg a számodra megfelelő kínai modellt,"Független magyar nyelvű kínai autó-iránytű. Kategória, ársáv és hajtás alapján szűrhető teljes hazai kínálat.",https://www.kinaiauto.com/opengraph-image?db1e57c3d017fe11,website,summary_large_image,,3,1,Maxus,hu,2266,10.87,0,0,0,0,0
https://www.kinaiauto.com/modellek/mg/mg3-hybrid-plus,/modellek/*,200,200,,0.404,280800,48314,gzip,"public, max-age=0, must-revalidate",,,https://www.kinaiauto.com/modellek/mg/mg3-hybrid-plus,1,Y,"index, follow","MG MG3 Hybrid+ — adatlap · listaár 8,7 M Ft-tól — kinaiauto.com",63,1,head,head,1,"MG MG3 Hybrid+ (Városi kisautó, önttöltő hibrid) magyarországi adatlap: ár, méretek, hatótáv, akkumulátor, töltés, garancia, importőri linkek.",142,1,https://www.kinaiauto.com,kinaiauto.com — Találd meg a számodra megfelelő kínai modellt,"Független magyar nyelvű kínai autó-iránytű. Kategória, ársáv és hajtás alapján szűrhető teljes hazai kínálat.",https://www.kinaiauto.com/opengraph-image?db1e57c3d017fe11,website,summary_large_image,,4,2,"Válassz márkát, majd modellt. / MG3 Hybrid+",hu,384,5.56,0,0,0,0,0
https://www.kinaiauto.com/modellek/dongfeng/forthing-t5-evo-hev,/modellek/*,200,200,,0.387,276139,47548,gzip,"public, max-age=0, must-revalidate",,,https://www.kinaiauto.com/modellek/dongfeng/forthing-t5-evo-hev,1,Y,"index, follow","Dongfeng Forthing T5 EVO HEV — adatlap · listaár 15,8 M Ft-tól — kinaiauto.com",78,1,head,head,1,"Dongfeng Forthing T5 EVO HEV (Kompakt SUV, önttöltő hibrid) magyarországi adatlap: ár, méretek, hatótáv, akkumulátor, töltés, garancia, importőri linkek.",153,1,https://www.kinaiauto.com,kinaiauto.com — Találd meg a számodra megfelelő kínai modellt,"Független magyar nyelvű kínai autó-iránytű. Kategória, ársáv és hajtás alapján szűrhető teljes hazai kínálat.",https://www.kinaiauto.com/opengraph-image?db1e57c3d017fe11,website,summary_large_image,,4,2,"Válassz márkát, majd modellt. / Forthing T5 EVO HEV",hu,426,5.56,0,0,0,0,0
https://www.kinaiauto.com/modellek/byd/sealion-7,/modellek/*,200,200,,0.713,287216,48344,gzip,"public, max-age=0, must-revalidate",,,https://www.kinaiauto.com/modellek/byd/sealion-7,1,Y,"index, follow","BYD Sealion 7 — adatlap · listaár 19,0 M Ft-tól — kinaiauto.com",63,1,head,head,1,"BYD Sealion 7 (Középméretű SUV, elektromos) magyarországi adatlap: ár, méretek, hatótáv, akkumulátor, töltés, garancia, importőri linkek.",137,1,https://www.kinaiauto.com,kinaiauto.com — Találd meg a számodra megfelelő kínai modellt,"Független magyar nyelvű kínai autó-iránytű. Kategória, ársáv és hajtás alapján szűrhető teljes hazai kínálat.",https://www.kinaiauto.com/opengraph-image?db1e57c3d017fe11,website,summary_large_image,,4,2,"Válassz márkát, majd modellt. / Sealion 7",hu,423,5.56,0,0,0,0,0
https://www.kinaiauto.com/modellek/nio/el6,/modellek/*,200,200,,0.34,273452,46482,gzip,"public, max-age=0, must-revalidate",,,https://www.kinaiauto.com/modellek/nio/el6,1,Y,"index, follow","NIO EL6 — adatlap · listaár 27,0 M Ft-tól — kinaiauto.com",57,1,head,head,1,"NIO EL6 (Nagy SUV, elektromos) magyarországi adatlap: ár, méretek, hatótáv, akkumulátor, töltés, garancia, importőri linkek.",124,1,https://www.kinaiauto.com,kinaiauto.com — Találd meg a számodra megfelelő kínai modellt,"Független magyar nyelvű kínai autó-iránytű. Kategória, ársáv és hajtás alapján szűrhető teljes hazai kínálat.",https://www.kinaiauto.com/opengraph-image?db1e57c3d017fe11,website,summary_large_image,,4,2,"Válassz márkát, majd modellt. / EL6",hu,312,5.56,0,0,0,0,0
https://www.kinaiauto.com/modellek/byd/seal-u-dm-i,/modellek/*,200,200,,0.387,274776,46999,gzip,"public, max-age=0, must-revalidate",,,https://www.kinaiauto.com/modellek/byd/seal-u-dm-i,1,Y,"index, follow","BYD Seal U DM-i — adatlap · listaár 13,6 M Ft-tól — kinaiauto.com",65,1,head,head,1,"BYD Seal U DM-i (Középméretű SUV, plug-in hibrid) magyarországi adatlap: ár, méretek, hatótáv, akkumulátor, töltés, garancia, importőri linkek.",143,1,https://www.kinaiauto.com,kinaiauto.com — Találd meg a számodra megfelelő kínai modellt,"Független magyar nyelvű kínai autó-iránytű. Kategória, ársáv és hajtás alapján szűrhető teljes hazai kínálat.",https://www.kinaiauto.com/opengraph-image?db1e57c3d017fe11,website,summary_large_image,,4,2,"Válassz márkát, majd modellt. / Seal U DM-i",hu,423,5.56,0,0,0,0,0
https://www.kinaiauto.com/modellek/chery/tiggo-9,/modellek/*,200,200,,0.449,279526,48333,gzip,"public, max-age=0, must-revalidate",,,https://www.kinaiauto.com/modellek/chery/tiggo-9,1,Y,"index, follow","Chery Tiggo 9 — adatlap · listaár 19,5 M Ft-tól — kinaiauto.com",63,1,head,head,1,"Chery Tiggo 9 (Nagy SUV, plug-in hibrid) magyarországi adatlap: ár, méretek, hatótáv, akkumulátor, töltés, garancia, importőri linkek.",134,1,https://www.kinaiauto.com,kinaiauto.com — Találd meg a számodra megfelelő kínai modellt,"Független magyar nyelvű kínai autó-iránytű. Kategória, ársáv és hajtás alapján szűrhető teljes hazai kínálat.",https://www.kinaiauto.com/opengraph-image?db1e57c3d017fe11,website,summary_large_image,,4,2,"Válassz márkát, majd modellt. / Tiggo 9",hu,320,5.56,0,0,0,0,0
https://www.kinaiauto.com/modellek/nio/et5-touring,/modellek/*,200,200,,0.364,273305,46303,gzip,"public, max-age=0, must-revalidate",,,https://www.kinaiauto.com/modellek/nio/et5-touring,1,Y,"index, follow","NIO ET5 Touring — adatlap · listaár 24,9 M Ft-tól — kinaiauto.com",65,1,head,head,1,"NIO ET5 Touring (Kombi, elektromos) magyarországi adatlap: ár, méretek, hatótáv, akkumulátor, töltés, garancia, importőri linkek.",129,1,https://www.kinaiauto.com,kinaiauto.com — Találd meg a számodra megfelelő kínai modellt,"Független magyar nyelvű kínai autó-iránytű. Kategória, ársáv és hajtás alapján szűrhető teljes hazai kínálat.",https://www.kinaiauto.com/opengraph-image?db1e57c3d017fe11,website,summary_large_image,,4,2,"Válassz márkát, majd modellt. / ET5 Touring",hu,312,5.56,0,0,0,0,0
https://www.kinaiauto.com/modellek/leapmotor/t03,/modellek/*,200,200,,0.333,282004,47754,gzip,"public, max-age=0, must-revalidate",,,https://www.kinaiauto.com/modellek/leapmotor/t03,1,Y,"index, follow","Leapmotor T03 — adatlap · listaár 7,8 M Ft-tól — kinaiauto.com",62,1,head,head,1,"Leapmotor T03 (Városi kisautó, elektromos) magyarországi adatlap: ár, méretek, hatótáv, akkumulátor, töltés, garancia, importőri linkek.",136,1,https://www.kinaiauto.com,kinaiauto.com — Találd meg a számodra megfelelő kínai modellt,"Független magyar nyelvű kínai autó-iránytű. Kategória, ársáv és hajtás alapján szűrhető teljes hazai kínálat.",https://www.kinaiauto.com/opengraph-image?db1e57c3d017fe11,website,summary_large_image,,4,2,"Válassz márkát, majd modellt. / T03",hu,322,5.56,0,0,0,0,0
https://www.kinaiauto.com/modellek/omoda/omoda-9-shs-p,/modellek/*,200,200,,0.445,295767,49971,gzip,"public, max-age=0, must-revalidate",,,https://www.kinaiauto.com/modellek/omoda/omoda-9-shs-p,1,Y,"index, follow","Omoda Omoda 9 SHS-P — adatlap · listaár 22,0 M Ft-tól — kinaiauto.com",69,1,head,head,1,"Omoda Omoda 9 SHS-P (Nagy SUV, plug-in hibrid) magyarországi adatlap: ár, méretek, hatótáv, akkumulátor, töltés, garancia, importőri linkek.",140,1,https://www.kinaiauto.com,kinaiauto.com — Találd meg a számodra megfelelő kínai modellt,"Független magyar nyelvű kínai autó-iránytű. Kategória, ársáv és hajtás alapján szűrhető teljes hazai kínálat.",https://www.kinaiauto.com/opengraph-image?db1e57c3d017fe11,website,summary_large_image,,4,2,"Válassz márkát, majd modellt. / Omoda 9 SHS-P",hu,344,5.56,0,0,0,0,0
https://www.kinaiauto.com/modellek/byd/seal,/modellek/*,200,200,,0.387,281367,47383,gzip,"public, max-age=0, must-revalidate",,,https://www.kinaiauto.com/modellek/byd/seal,1,Y,"index, follow","BYD Seal — adatlap · listaár 16,0 M Ft-tól — kinaiauto.com",58,1,head,head,1,"BYD Seal (Szedán, elektromos) magyarországi adatlap: ár, méretek, hatótáv, akkumulátor, töltés, garancia, importőri linkek.",123,1,https://www.kinaiauto.com,kinaiauto.com — Találd meg a számodra megfelelő kínai modellt,"Független magyar nyelvű kínai autó-iránytű. Kategória, ársáv és hajtás alapján szűrhető teljes hazai kínálat.",https://www.kinaiauto.com/opengraph-image?db1e57c3d017fe11,website,summary_large_image,,4,2,"Válassz márkát, majd modellt. / Seal",hu,423,5.56,0,0,0,0,0
https://www.kinaiauto.com/modellek/byd/Sealion_5_DM-i,/modellek/*,200,200,,0.441,275996,47181,gzip,"public, max-age=0, must-revalidate",,,https://www.kinaiauto.com/modellek/byd/Sealion_5_DM-i,1,Y,"index, follow","BYD Sealion 5 DM-i — adatlap · listaár 13,2 M Ft-tól — kinaiauto.com",68,1,head,head,1,"BYD Sealion 5 DM-i (Kompakt SUV, plug-in hibrid) magyarországi adatlap: ár, méretek, hatótáv, akkumulátor, töltés, garancia, importőri linkek.",142,1,https://www.kinaiauto.com,kinaiauto.com — Találd meg a számodra megfelelő kínai modellt,"Független magyar nyelvű kínai autó-iránytű. Kategória, ársáv és hajtás alapján szűrhető teljes hazai kínálat.",https://www.kinaiauto.com/opengraph-image?db1e57c3d017fe11,website,summary_large_image,,4,2,"Válassz márkát, majd modellt. / Sealion 5 DM-i",hu,423,5.56,0,0,0,0,0
https://www.kinaiauto.com/modellek/byd/atto-2-dm-i,/modellek/*,200,200,,0.34,273870,46676,gzip,"public, max-age=0, must-revalidate",,,https://www.kinaiauto.com/modellek/byd/atto-2-dm-i,1,Y,"index, follow","BYD Atto 2 DM-i — adatlap · listaár 10,0 M Ft-tól — kinaiauto.com",65,1,head,head,1,"BYD Atto 2 DM-i (Mini SUV, plug-in hibrid) magyarországi adatlap: ár, méretek, hatótáv, akkumulátor, töltés, garancia, importőri linkek.",136,1,https://www.kinaiauto.com,kinaiauto.com — Találd meg a számodra megfelelő kínai modellt,"Független magyar nyelvű kínai autó-iránytű. Kategória, ársáv és hajtás alapján szűrhető teljes hazai kínálat.",https://www.kinaiauto.com/opengraph-image?db1e57c3d017fe11,website,summary_large_image,,4,2,"Válassz márkát, majd modellt. / Atto 2 DM-i",hu,423,5.56,0,0,0,0,0
https://www.kinaiauto.com/modellek/baic/baicbj60,/modellek/*,200,200,,0.442,259879,44824,gzip,"public, max-age=0, must-revalidate",,,https://www.kinaiauto.com/modellek/baic/baicbj60,1,Y,"index, follow","BAIC BJ60 — adatlap · listaár 25,0 M Ft-tól — kinaiauto.com",59,1,head,head,1,"BAIC BJ60 (Nagy SUV, önttöltő hibrid) magyarországi adatlap: ár, méretek, hatótáv, akkumulátor, töltés, garancia, importőri linkek.",131,1,https://www.kinaiauto.com,kinaiauto.com — Találd meg a számodra megfelelő kínai modellt,"Független magyar nyelvű kínai autó-iránytű. Kategória, ársáv és hajtás alapján szűrhető teljes hazai kínálat.",https://www.kinaiauto.com/opengraph-image?db1e57c3d017fe11,website,summary_large_image,,4,2,"Válassz márkát, majd modellt. / BJ60",hu,306,5.56,0,0,0,0,0
https://www.kinaiauto.com/modellek/dongfeng/dfmage,/modellek/*,200,200,,0.535,278969,47728,gzip,"public, max-age=0, must-revalidate",,,https://www.kinaiauto.com/modellek/dongfeng/dfmage,1,Y,"index, follow","Dongfeng MAGE — adatlap · listaár 9,4 M Ft-tól — kinaiauto.com",62,1,head,head,1,"Dongfeng MAGE (Kompakt SUV, benzin) magyarországi adatlap: ár, méretek, hatótáv, akkumulátor, töltés, garancia, importőri linkek.",129,1,https://www.kinaiauto.com,kinaiauto.com — Találd meg a számodra megfelelő kínai modellt,"Független magyar nyelvű kínai autó-iránytű. Kategória, ársáv és hajtás alapján szűrhető teljes hazai kínálat.",https://www.kinaiauto.com/opengraph-image?db1e57c3d017fe11,website,summary_large_image,,4,2,"Válassz márkát, majd modellt. / MAGE",hu,426,5.56,0,0,0,0,0
https://www.kinaiauto.com/modellek/voyah/voy_passion,/modellek/*,200,200,,0.451,267150,45859,gzip,"public, max-age=0, must-revalidate",,,https://www.kinaiauto.com/modellek/voyah/voy_passion,1,Y,"index, follow","Voyah Passion PHEV — adatlap · listaár 26,0 M Ft-tól — kinaiauto.com",68,1,head,head,1,"Voyah Passion PHEV (Szedán, plug-in hibrid) magyarországi adatlap: ár, méretek, hatótáv, akkumulátor, töltés, garancia, importőri linkek.",137,1,https://www.kinaiauto.com,kinaiauto.com — Találd meg a számodra megfelelő kínai modellt,"Független magyar nyelvű kínai autó-iránytű. Kategória, ársáv és hajtás alapján szűrhető teljes hazai kínálat.",https://www.kinaiauto.com/opengraph-image?db1e57c3d017fe11,website,summary_large_image,,4,2,"Válassz márkát, majd modellt. / Passion PHEV",hu,353,5.56,0,0,0,0,0
https://www.kinaiauto.com/modellek/byd/atto3evo,/modellek/*,200,200,,0.433,287316,48154,gzip,"public, max-age=0, must-revalidate",,,https://www.kinaiauto.com/modellek/byd/atto3evo,1,Y,"index, follow","BYD Atto 3 EVO — adatlap · listaár 14,8 M Ft-tól — kinaiauto.com",64,1,head,head,1,"BYD Atto 3 EVO (Kompakt SUV, elektromos) magyarországi adatlap: ár, méretek, hatótáv, akkumulátor, töltés, garancia, importőri linkek.",134,1,https://www.kinaiauto.com,kinaiauto.com — Találd meg a számodra megfelelő kínai modellt,"Független magyar nyelvű kínai autó-iránytű. Kategória, ársáv és hajtás alapján szűrhető teljes hazai kínálat.",https://www.kinaiauto.com/opengraph-image?db1e57c3d017fe11,website,summary_large_image,,4,2,"Válassz márkát, majd modellt. / Atto 3 EVO",hu,423,5.56,0,0,0,0,0
https://www.kinaiauto.com/modellek/dongfeng/dfs7,/modellek/*,200,200,,0.352,279809,47576,gzip,"public, max-age=0, must-revalidate",,,https://www.kinaiauto.com/modellek/dongfeng/dfs7,1,Y,"index, follow","Dongfeng S7 — adatlap · listaár 14,3 M Ft-tól — kinaiauto.com",61,1,head,head,1,"Dongfeng S7 (Szedán, elektromos) magyarországi adatlap: ár, méretek, hatótáv, akkumulátor, töltés, garancia, importőri linkek.",126,1,https://www.kinaiauto.com,kinaiauto.com — Találd meg a számodra megfelelő kínai modellt,"Független magyar nyelvű kínai autó-iránytű. Kategória, ársáv és hajtás alapján szűrhető teljes hazai kínálat.",https://www.kinaiauto.com/opengraph-image?db1e57c3d017fe11,website,summary_large_image,,4,2,"Válassz márkát, majd modellt. / S7",hu,426,5.56,0,0,0,0,0
https://www.kinaiauto.com/modellek/leapmotor/b10,/modellek/*,200,200,,0.358,292213,48665,gzip,"public, max-age=0, must-revalidate",,,https://www.kinaiauto.com/modellek/leapmotor/b10,1,Y,"index, follow","Leapmotor B10 — adatlap · listaár 12,2 M Ft-tól — kinaiauto.com",63,1,head,head,1,"Leapmotor B10 (Kompakt SUV, elektromos) magyarországi adatlap: ár, méretek, hatótáv, akkumulátor, töltés, garancia, importőri linkek.",133,1,https://www.kinaiauto.com,kinaiauto.com — Találd meg a számodra megfelelő kínai modellt,"Független magyar nyelvű kínai autó-iránytű. Kategória, ársáv és hajtás alapján szűrhető teljes hazai kínálat.",https://www.kinaiauto.com/opengraph-image?db1e57c3d017fe11,website,summary_large_image,,4,2,"Válassz márkát, majd modellt. / B10",hu,322,5.56,0,0,0,0,0
https://www.kinaiauto.com/modellek/omoda/omoda-5,/modellek/*,200,200,,0.424,299252,50471,gzip,"public, max-age=0, must-revalidate",,,https://www.kinaiauto.com/modellek/omoda/omoda-5,1,Y,"index, follow","Omoda Omoda 5 — adatlap · listaár 9,5 M Ft-tól — kinaiauto.com",62,1,head,head,1,"Omoda Omoda 5 (Kompakt SUV, benzin) magyarországi adatlap: ár, méretek, hatótáv, akkumulátor, töltés, garancia, importőri linkek.",129,1,https://www.kinaiauto.com,kinaiauto.com — Találd meg a számodra megfelelő kínai modellt,"Független magyar nyelvű kínai autó-iránytű. Kategória, ársáv és hajtás alapján szűrhető teljes hazai kínálat.",https://www.kinaiauto.com/opengraph-image?db1e57c3d017fe11,website,summary_large_image,,4,2,"Válassz márkát, majd modellt. / Omoda 5",hu,344,5.56,0,0,0,0,0
https://www.kinaiauto.com/modellek/xpeng/xpengg9,/modellek/*,200,200,,0.312,287376,47511,gzip,"public, max-age=0, must-revalidate",,,https://www.kinaiauto.com/modellek/xpeng/xpengg9,1,Y,"index, follow","XPENG X9 — adatlap · listaár 30,0 M Ft-tól — kinaiauto.com",58,1,head,head,1,"XPENG X9 (Egyterű / MPV, elektromos) magyarországi adatlap: ár, méretek, hatótáv, akkumulátor, töltés, garancia, importőri linkek.",130,1,https://www.kinaiauto.com,kinaiauto.com — Találd meg a számodra megfelelő kínai modellt,"Független magyar nyelvű kínai autó-iránytű. Kategória, ársáv és hajtás alapján szűrhető teljes hazai kínálat.",https://www.kinaiauto.com/opengraph-image?db1e57c3d017fe11,website,summary_large_image,,4,2,"Válassz márkát, majd modellt. / X9",hu,301,5.56,0,0,0,0,0
https://www.kinaiauto.com/modellek/voyah/voy_dreambev,/modellek/*,200,200,,0.344,271096,46349,gzip,"public, max-age=0, must-revalidate",,,https://www.kinaiauto.com/modellek/voyah/voy_dreambev,1,Y,"index, follow","Voyah DREAM BEV — adatlap · listaár 44,2 M Ft-tól — kinaiauto.com",65,1,head,head,1,"Voyah DREAM BEV (Egyterű / MPV, elektromos) magyarországi adatlap: ár, méretek, hatótáv, akkumulátor, töltés, garancia, importőri linkek.",137,1,https://www.kinaiauto.com,kinaiauto.com — Találd meg a számodra megfelelő kínai modellt,"Független magyar nyelvű kínai autó-iránytű. Kategória, ársáv és hajtás alapján szűrhető teljes hazai kínálat.",https://www.kinaiauto.com/opengraph-image?db1e57c3d017fe11,website,summary_large_image,,4,2,"Válassz márkát, majd modellt. / DREAM BEV",hu,353,5.56,0,0,0,0,0
https://www.kinaiauto.com/modellek/xpeng/g6,/modellek/*,200,200,,0.348,283608,47019,gzip,"public, max-age=0, must-revalidate",,,https://www.kinaiauto.com/modellek/xpeng/g6,1,Y,"index, follow","XPENG G6 — adatlap · listaár 18,0 M Ft-tól — kinaiauto.com",58,1,head,head,1,"XPENG G6 (Középméretű SUV, elektromos) magyarországi adatlap: ár, méretek, hatótáv, akkumulátor, töltés, garancia, importőri linkek.",132,1,https://www.kinaiauto.com,kinaiauto.com — Találd meg a számodra megfelelő kínai modellt,"Független magyar nyelvű kínai autó-iránytű. Kategória, ársáv és hajtás alapján szűrhető teljes hazai kínálat.",https://www.kinaiauto.com/opengraph-image?db1e57c3d017fe11,website,summary_large_image,,4,2,"Válassz márkát, majd modellt. / G6",hu,301,5.56,0,0,0,0,0
https://www.kinaiauto.com/modellek/mg/mg4-electric,/modellek/*,200,200,,0.518,298183,49551,gzip,"public, max-age=0, must-revalidate",,,https://www.kinaiauto.com/modellek/mg/mg4-electric,1,Y,"index, follow","MG MG4 Electric — adatlap · listaár 11,3 M Ft-tól — kinaiauto.com",65,1,head,head,1,"MG MG4 Electric (Kompakt ferdehátú, elektromos) magyarországi adatlap: ár, méretek, hatótáv, akkumulátor, töltés, garancia, importőri linkek.",141,1,https://www.kinaiauto.com,kinaiauto.com — Találd meg a számodra megfelelő kínai modellt,"Független magyar nyelvű kínai autó-iránytű. Kategória, ársáv és hajtás alapján szűrhető teljes hazai kínálat.",https://www.kinaiauto.com/opengraph-image?db1e57c3d017fe11,website,summary_large_image,,4,2,"Válassz márkát, majd modellt. / MG4 Electric",hu,384,5.56,0,0,0,0,0
https://www.kinaiauto.com/modellek/mg/mgs5-ev,/modellek/*,200,200,,0.353,297032,49884,gzip,"public, max-age=0, must-revalidate",,,https://www.kinaiauto.com/modellek/mg/mgs5-ev,1,Y,"index, follow","MG MGS5 EV — adatlap · listaár 12,2 M Ft-tól — kinaiauto.com",60,1,head,head,1,"MG MGS5 EV (Kompakt SUV, elektromos) magyarországi adatlap: ár, méretek, hatótáv, akkumulátor, töltés, garancia, importőri linkek.",130,1,https://www.kinaiauto.com,kinaiauto.com — Találd meg a számodra megfelelő kínai modellt,"Független magyar nyelvű kínai autó-iránytű. Kategória, ársáv és hajtás alapján szűrhető teljes hazai kínálat.",https://www.kinaiauto.com/opengraph-image?db1e57c3d017fe11,website,summary_large_image,,4,2,"Válassz márkát, majd modellt. / MGS5 EV",hu,384,5.56,0,0,0,0,0
https://www.kinaiauto.com/modellek/mg/mg-hs-hybrid-plus,/modellek/*,200,200,,0.393,276647,47970,gzip,"public, max-age=0, must-revalidate",,,https://www.kinaiauto.com/modellek/mg/mg-hs-hybrid-plus,1,Y,"index, follow","MG MG HS Hybrid+ — adatlap · listaár 11,9 M Ft-tól — kinaiauto.com",66,1,head,head,1,"MG MG HS Hybrid+ (Középméretű SUV, önttöltő hibrid) magyarországi adatlap: ár, méretek, hatótáv, akkumulátor, töltés, garancia, importőri linkek.",145,1,https://www.kinaiauto.com,kinaiauto.com — Találd meg a számodra megfelelő kínai modellt,"Független magyar nyelvű kínai autó-iránytű. Kategória, ársáv és hajtás alapján szűrhető teljes hazai kínálat.",https://www.kinaiauto.com/opengraph-image?db1e57c3d017fe11,website,summary_large_image,,4,2,"Válassz márkát, majd modellt. / MG HS Hybrid+",hu,384,5.56,0,0,0,0,0
https://www.kinaiauto.com/modellek/mg/mg-hs-phev,/modellek/*,200,200,,0.411,282924,48458,gzip,"public, max-age=0, must-revalidate",,,https://www.kinaiauto.com/modellek/mg/mg-hs-phev,1,Y,"index, follow","MG MG HS PHEV — adatlap · listaár 14,3 M Ft-tól — kinaiauto.com",63,1,head,head,1,"MG MG HS PHEV (Középméretű SUV, plug-in hibrid) magyarországi adatlap: ár, méretek, hatótáv, akkumulátor, töltés, garancia, importőri linkek.",141,1,https://www.kinaiauto.com,kinaiauto.com — Találd meg a számodra megfelelő kínai modellt,"Független magyar nyelvű kínai autó-iránytű. Kategória, ársáv és hajtás alapján szűrhető teljes hazai kínálat.",https://www.kinaiauto.com/opengraph-image?db1e57c3d017fe11,website,summary_large_image,,4,2,"Válassz márkát, majd modellt. / MG HS PHEV",hu,384,5.56,0,0,0,0,0
https://www.kinaiauto.com/modellek/dongfeng/dfshine,/modellek/*,200,200,,0.393,278396,47622,gzip,"public, max-age=0, must-revalidate",,,https://www.kinaiauto.com/modellek/dongfeng/dfshine,1,Y,"index, follow","Dongfeng Shine — adatlap · listaár 8,3 M Ft-tól — kinaiauto.com",63,1,head,head,1,"Dongfeng Shine (Szedán, benzin) magyarországi adatlap: ár, méretek, hatótáv, akkumulátor, töltés, garancia, importőri linkek.",125,1,https://www.kinaiauto.com,kinaiauto.com — Találd meg a számodra megfelelő kínai modellt,"Független magyar nyelvű kínai autó-iránytű. Kategória, ársáv és hajtás alapján szűrhető teljes hazai kínálat.",https://www.kinaiauto.com/opengraph-image?db1e57c3d017fe11,website,summary_large_image,,4,2,"Válassz márkát, majd modellt. / Shine",hu,426,5.56,0,0,0,0,0
https://www.kinaiauto.com/modellek/voyah/dream-phev,/modellek/*,200,200,,0.349,265688,45576,gzip,"public, max-age=0, must-revalidate",,,https://www.kinaiauto.com/modellek/voyah/dream-phev,1,Y,"index, follow","Voyah Dream PHEV — adatlap · listaár 41,0 M Ft-tól — kinaiauto.com",66,1,head,head,1,"Voyah Dream PHEV (Egyterű / MPV, plug-in hibrid) magyarországi adatlap: ár, méretek, hatótáv, akkumulátor, töltés, garancia, importőri linkek.",142,1,https://www.kinaiauto.com,kinaiauto.com — Találd meg a számodra megfelelő kínai modellt,"Független magyar nyelvű kínai autó-iránytű. Kategória, ársáv és hajtás alapján szűrhető teljes hazai kínálat.",https://www.kinaiauto.com/opengraph-image?db1e57c3d017fe11,website,summary_large_image,,4,2,"Válassz márkát, majd modellt. / Dream PHEV",hu,353,5.56,0,0,0,0,0
https://www.kinaiauto.com/modellek/dongfeng/dfmherobev,/modellek/*,200,200,,0.435,280019,47778,gzip,"public, max-age=0, must-revalidate",,,https://www.kinaiauto.com/modellek/dongfeng/dfmherobev,1,Y,"index, follow",Dongfeng MHERO 917 BEV — adatlap — kinaiauto.com,48,1,head,head,1,"Dongfeng MHERO 917 BEV (Nagy SUV, elektromos) magyarországi adatlap: ár, méretek, hatótáv, akkumulátor, töltés, garancia, importőri linkek.",139,1,https://www.kinaiauto.com,kinaiauto.com — Találd meg a számodra megfelelő kínai modellt,"Független magyar nyelvű kínai autó-iránytű. Kategória, ársáv és hajtás alapján szűrhető teljes hazai kínálat.",https://www.kinaiauto.com/opengraph-image?db1e57c3d017fe11,website,summary_large_image,,4,2,"Válassz márkát, majd modellt. / MHERO 917 BEV",hu,426,5.56,0,0,0,0,0
https://www.kinaiauto.com/modellek/byd/seal-u,/modellek/*,200,200,,0.514,285785,47953,gzip,"public, max-age=0, must-revalidate",,,https://www.kinaiauto.com/modellek/byd/seal-u,1,Y,"index, follow","BYD Seal U — adatlap · listaár 17,0 M Ft-tól — kinaiauto.com",60,1,head,head,1,"BYD Seal U (Középméretű SUV, elektromos) magyarországi adatlap: ár, méretek, hatótáv, akkumulátor, töltés, garancia, importőri linkek.",134,1,https://www.kinaiauto.com,kinaiauto.com — Találd meg a számodra megfelelő kínai modellt,"Független magyar nyelvű kínai autó-iránytű. Kategória, ársáv és hajtás alapján szűrhető teljes hazai kínálat.",https://www.kinaiauto.com/opengraph-image?db1e57c3d017fe11,website,summary_large_image,,4,2,"Válassz márkát, majd modellt. / Seal U",hu,423,5.56,0,0,0,0,0
https://www.kinaiauto.com/modellek/nio/et5,/modellek/*,200,200,,0.417,273884,46575,gzip,"public, max-age=0, must-revalidate",,,https://www.kinaiauto.com/modellek/nio/et5,1,Y,"index, follow","NIO ET5 — adatlap · listaár 24,5 M Ft-tól — kinaiauto.com",57,1,head,head,1,"NIO ET5 (Szedán, elektromos) magyarországi adatlap: ár, méretek, hatótáv, akkumulátor, töltés, garancia, importőri linkek.",122,1,https://www.kinaiauto.com,kinaiauto.com — Találd meg a számodra megfelelő kínai modellt,"Független magyar nyelvű kínai autó-iránytű. Kategória, ársáv és hajtás alapján szűrhető teljes hazai kínálat.",https://www.kinaiauto.com/opengraph-image?db1e57c3d017fe11,website,summary_large_image,,4,2,"Válassz márkát, majd modellt. / ET5",hu,312,5.56,0,0,0,0,0
https://www.kinaiauto.com/modellek/geely/e5,/modellek/*,200,200,,0.42,283284,47547,gzip,"public, max-age=0, must-revalidate",,,https://www.kinaiauto.com/modellek/geely/e5,1,Y,"index, follow","Geely E5 — adatlap · listaár 15,0 M Ft-tól — kinaiauto.com",58,1,head,head,1,"Geely E5 (Középméretű SUV, elektromos) magyarországi adatlap: ár, méretek, hatótáv, akkumulátor, töltés, garancia, importőri linkek.",132,1,https://www.kinaiauto.com,kinaiauto.com — Találd meg a számodra megfelelő kínai modellt,"Független magyar nyelvű kínai autó-iránytű. Kategória, ársáv és hajtás alapján szűrhető teljes hazai kínálat.",https://www.kinaiauto.com/opengraph-image?db1e57c3d017fe11,website,summary_large_image,,4,2,"Válassz márkát, majd modellt. / E5",hu,306,5.56,0,0,0,0,0
https://www.kinaiauto.com/modellek/leapmotor/c10,/modellek/*,200,200,,0.369,293493,48654,gzip,"public, max-age=0, must-revalidate",,,https://www.kinaiauto.com/modellek/leapmotor/c10,1,Y,"index, follow","Leapmotor C10 — adatlap · listaár 15,0 M Ft-tól — kinaiauto.com",63,1,head,head,1,"Leapmotor C10 (Középméretű SUV, elektromos) magyarországi adatlap: ár, méretek, hatótáv, akkumulátor, töltés, garancia, importőri linkek.",137,1,https://www.kinaiauto.com,kinaiauto.com — Találd meg a számodra megfelelő kínai modellt,"Független magyar nyelvű kínai autó-iránytű. Kategória, ársáv és hajtás alapján szűrhető teljes hazai kínálat.",https://www.kinaiauto.com/opengraph-image?db1e57c3d017fe11,website,summary_large_image,,4,2,"Válassz márkát, majd modellt. / C10",hu,322,5.56,0,0,0,0,0
https://www.kinaiauto.com/modellek/mg/mg-zs-hybrid-plus,/modellek/*,200,200,,0.467,277306,47905,gzip,"public, max-age=0, must-revalidate",,,https://www.kinaiauto.com/modellek/mg/mg-zs-hybrid-plus,1,Y,"index, follow","MG MG ZS Hybrid+ — adatlap · listaár 10,4 M Ft-tól — kinaiauto.com",66,1,head,head,1,"MG MG ZS Hybrid+ (Kompakt SUV, önttöltő hibrid) magyarországi adatlap: ár, méretek, hatótáv, akkumulátor, töltés, garancia, importőri linkek.",141,1,https://www.kinaiauto.com,kinaiauto.com — Találd meg a számodra megfelelő kínai modellt,"Független magyar nyelvű kínai autó-iránytű. Kategória, ársáv és hajtás alapján szűrhető teljes hazai kínálat.",https://www.kinaiauto.com/opengraph-image?db1e57c3d017fe11,website,summary_large_image,,4,2,"Válassz márkát, majd modellt. / MG ZS Hybrid+",hu,384,5.56,0,0,0,0,0
https://www.kinaiauto.com/modellek/jaecoo/jaecoo-5,/modellek/*,200,200,,0.329,287291,48701,gzip,"public, max-age=0, must-revalidate",,,https://www.kinaiauto.com/modellek/jaecoo/jaecoo-5,1,Y,"index, follow","Jaecoo Jaecoo 5 — adatlap · listaár 10,5 M Ft-tól — kinaiauto.com",65,1,head,head,1,"Jaecoo Jaecoo 5 (Kompakt SUV, benzin) magyarországi adatlap: ár, méretek, hatótáv, akkumulátor, töltés, garancia, importőri linkek.",131,1,https://www.kinaiauto.com,kinaiauto.com — Találd meg a számodra megfelelő kínai modellt,"Független magyar nyelvű kínai autó-iránytű. Kategória, ársáv és hajtás alapján szűrhető teljes hazai kínálat.",https://www.kinaiauto.com/opengraph-image?db1e57c3d017fe11,website,summary_large_image,,4,2,"Válassz márkát, majd modellt. / Jaecoo 5",hu,333,5.56,0,0,0,0,0
https://www.kinaiauto.com/modellek/dongfeng/dfbox,/modellek/*,200,200,,0.4,283779,48364,gzip,"public, max-age=0, must-revalidate",,,https://www.kinaiauto.com/modellek/dongfeng/dfbox,1,Y,"index, follow","Dongfeng Box — adatlap · listaár 10,5 M Ft-tól — kinaiauto.com",62,1,head,head,1,"Dongfeng Box  (Városi kisautó, elektromos) magyarországi adatlap: ár, méretek, hatótáv, akkumulátor, töltés, garancia, importőri linkek.",136,1,https://www.kinaiauto.com,kinaiauto.com — Találd meg a számodra megfelelő kínai modellt,"Független magyar nyelvű kínai autó-iránytű. Kategória, ársáv és hajtás alapján szűrhető teljes hazai kínálat.",https://www.kinaiauto.com/opengraph-image?db1e57c3d017fe11,website,summary_large_image,,4,2,"Válassz márkát, majd modellt. / Box",hu,426,5.56,0,0,0,0,0
https://www.kinaiauto.com/modellek/xpeng/g9,/modellek/*,200,200,,0.331,284502,47220,gzip,"public, max-age=0, must-revalidate",,,https://www.kinaiauto.com/modellek/xpeng/g9,1,Y,"index, follow","XPENG G9 — adatlap · listaár 22,0 M Ft-tól — kinaiauto.com",58,1,head,head,1,"XPENG G9 (Nagy SUV, elektromos) magyarországi adatlap: ár, méretek, hatótáv, akkumulátor, töltés, garancia, importőri linkek.",125,1,https://www.kinaiauto.com,kinaiauto.com — Találd meg a számodra megfelelő kínai modellt,"Független magyar nyelvű kínai autó-iránytű. Kategória, ársáv és hajtás alapján szűrhető teljes hazai kínálat.",https://www.kinaiauto.com/opengraph-image?db1e57c3d017fe11,website,summary_large_image,,4,2,"Válassz márkát, majd modellt. / G9",hu,301,5.56,0,0,0,0,0
https://www.kinaiauto.com/modellek/byd/atto-2,/modellek/*,200,200,,0.314,289678,47984,gzip,"public, max-age=0, must-revalidate",,,https://www.kinaiauto.com/modellek/byd/atto-2,1,Y,"index, follow","BYD Atto 2 — adatlap · listaár 11,5 M Ft-tól — kinaiauto.com",60,1,head,head,1,"BYD Atto 2 (Mini SUV, elektromos) magyarországi adatlap: ár, méretek, hatótáv, akkumulátor, töltés, garancia, importőri linkek.",127,1,https://www.kinaiauto.com,kinaiauto.com — Találd meg a számodra megfelelő kínai modellt,"Független magyar nyelvű kínai autó-iránytű. Kategória, ársáv és hajtás alapján szűrhető teljes hazai kínálat.",https://www.kinaiauto.com/opengraph-image?db1e57c3d017fe11,website,summary_large_image,,4,2,"Válassz márkát, majd modellt. / Atto 2",hu,423,5.56,0,0,0,0,0
https://www.kinaiauto.com/modellek/dongfeng/forthing-u-tour-hev,/modellek/*,200,200,,0.38,273974,47533,gzip,"public, max-age=0, must-revalidate",,,https://www.kinaiauto.com/modellek/dongfeng/forthing-u-tour-hev,1,Y,"index, follow","Dongfeng Forthing U-Tour HEV — adatlap · listaár 16,9 M Ft-tól — kinaiauto.com",78,1,head,head,1,"Dongfeng Forthing U-Tour HEV (Egyterű / MPV, önttöltő hibrid) magyarországi adatlap: ár, méretek, hatótáv, akkumulátor, töltés, garancia, importőri linkek.",155,1,https://www.kinaiauto.com,kinaiauto.com — Találd meg a számodra megfelelő kínai modellt,"Független magyar nyelvű kínai autó-iránytű. Kategória, ársáv és hajtás alapján szűrhető teljes hazai kínálat.",https://www.kinaiauto.com/opengraph-image?db1e57c3d017fe11,website,summary_large_image,,4,2,"Válassz márkát, majd modellt. / Forthing U-Tour HEV",hu,426,5.56,0,0,0,0,0
https://www.kinaiauto.com/modellek/voyah/free-rev-318,/modellek/*,200,200,,0.411,262531,45525,gzip,"public, max-age=0, must-revalidate",,,https://www.kinaiauto.com/modellek/voyah/free-rev-318,1,Y,"index, follow","Voyah Free REV 318 — adatlap · listaár 26,0 M Ft-tól — kinaiauto.com",68,1,head,head,1,"Voyah Free REV 318 (Nagy SUV, plug-in hibrid) magyarországi adatlap: ár, méretek, hatótáv, akkumulátor, töltés, garancia, importőri linkek.",139,1,https://www.kinaiauto.com,kinaiauto.com — Találd meg a számodra megfelelő kínai modellt,"Független magyar nyelvű kínai autó-iránytű. Kategória, ársáv és hajtás alapján szűrhető teljes hazai kínálat.",https://www.kinaiauto.com/opengraph-image?db1e57c3d017fe11,website,summary_large_image,,4,2,"Válassz márkát, majd modellt. / Free REV 318",hu,353,5.56,0,0,0,0,0
https://www.kinaiauto.com/modellek/jaecoo/jaecoo-7,/modellek/*,200,200,,0.408,290249,49251,gzip,"public, max-age=0, must-revalidate",,,https://www.kinaiauto.com/modellek/jaecoo/jaecoo-7,1,Y,"index, follow","Jaecoo Jaecoo 7 — adatlap · listaár 11,5 M Ft-tól — kinaiauto.com",65,1,head,head,1,"Jaecoo Jaecoo 7 (Középméretű SUV, benzin) magyarországi adatlap: ár, méretek, hatótáv, akkumulátor, töltés, garancia, importőri linkek.",135,1,https://www.kinaiauto.com,kinaiauto.com — Találd meg a számodra megfelelő kínai modellt,"Független magyar nyelvű kínai autó-iránytű. Kategória, ársáv és hajtás alapján szűrhető teljes hazai kínálat.",https://www.kinaiauto.com/opengraph-image?db1e57c3d017fe11,website,summary_large_image,,4,2,"Válassz márkát, majd modellt. / Jaecoo 7",hu,333,5.56,0,0,0,0,0
https://www.kinaiauto.com/modellek/jaecoo/jaecoo-5-ev,/modellek/*,200,200,,0.394,299768,50790,gzip,"public, max-age=0, must-revalidate",,,https://www.kinaiauto.com/modellek/jaecoo/jaecoo-5-ev,1,Y,"index, follow","Jaecoo Jaecoo 5 ev — adatlap · listaár 15,0 M Ft-tól — kinaiauto.com",68,1,head,head,1,"Jaecoo Jaecoo 5 ev (Kompakt SUV, elektromos) magyarországi adatlap: ár, méretek, hatótáv, akkumulátor, töltés, garancia, importőri linkek.",138,1,https://www.kinaiauto.com,kinaiauto.com — Találd meg a számodra megfelelő kínai modellt,"Független magyar nyelvű kínai autó-iránytű. Kategória, ársáv és hajtás alapján szűrhető teljes hazai kínálat.",https://www.kinaiauto.com/opengraph-image?db1e57c3d017fe11,website,summary_large_image,,4,2,"Válassz márkát, majd modellt. / Jaecoo 5 ev",hu,333,5.56,0,0,0,0,0
https://www.kinaiauto.com/modellek/chery/tiggo-8,/modellek/*,200,200,,0.371,277656,47987,gzip,"public, max-age=0, must-revalidate",,,https://www.kinaiauto.com/modellek/chery/tiggo-8,1,Y,"index, follow","Chery Tiggo 8 — adatlap · listaár 13,9 M Ft-tól — kinaiauto.com",63,1,head,head,1,"Chery Tiggo 8 (Nagy SUV, önttöltő hibrid) magyarországi adatlap: ár, méretek, hatótáv, akkumulátor, töltés, garancia, importőri linkek.",135,1,https://www.kinaiauto.com,kinaiauto.com — Találd meg a számodra megfelelő kínai modellt,"Független magyar nyelvű kínai autó-iránytű. Kategória, ársáv és hajtás alapján szűrhető teljes hazai kínálat.",https://www.kinaiauto.com/opengraph-image?db1e57c3d017fe11,website,summary_large_image,,4,2,"Válassz márkát, majd modellt. / Tiggo 8",hu,320,5.56,0,0,0,0,0
https://www.kinaiauto.com/modellek/chery/tiggo-4,/modellek/*,200,200,,0.373,276602,47879,gzip,"public, max-age=0, must-revalidate",,,https://www.kinaiauto.com/modellek/chery/tiggo-4,1,Y,"index, follow","Chery Tiggo 4 — adatlap · listaár 9,2 M Ft-tól — kinaiauto.com",62,1,head,head,1,"Chery Tiggo 4 (Kompakt SUV, önttöltő hibrid) magyarországi adatlap: ár, méretek, hatótáv, akkumulátor, töltés, garancia, importőri linkek.",138,1,https://www.kinaiauto.com,kinaiauto.com — Találd meg a számodra megfelelő kínai modellt,"Független magyar nyelvű kínai autó-iránytű. Kategória, ársáv és hajtás alapján szűrhető teljes hazai kínálat.",https://www.kinaiauto.com/opengraph-image?db1e57c3d017fe11,website,summary_large_image,,4,2,"Válassz márkát, majd modellt. / Tiggo 4",hu,320,5.56,0,0,0,0,0
https://www.kinaiauto.com/modellek/byd/tang,/modellek/*,200,200,,0.367,278678,47539,gzip,"public, max-age=0, must-revalidate",,,https://www.kinaiauto.com/modellek/byd/tang,1,Y,"index, follow","BYD Tang — adatlap · listaár 25,0 M Ft-tól — kinaiauto.com",58,1,head,head,1,"BYD Tang (Nagy SUV, elektromos) magyarországi adatlap: ár, méretek, hatótáv, akkumulátor, töltés, garancia, importőri linkek.",125,1,https://www.kinaiauto.com,kinaiauto.com — Találd meg a számodra megfelelő kínai modellt,"Független magyar nyelvű kínai autó-iránytű. Kategória, ársáv és hajtás alapján szűrhető teljes hazai kínálat.",https://www.kinaiauto.com/opengraph-image?db1e57c3d017fe11,website,summary_large_image,,4,2,"Válassz márkát, majd modellt. / Tang",hu,423,5.56,0,0,0,0,0
https://www.kinaiauto.com/modellek/firefly/firefly,/modellek/*,200,200,,0.397,271544,46189,gzip,"public, max-age=0, must-revalidate",,,https://www.kinaiauto.com/modellek/firefly/firefly,1,Y,"index, follow","Firefly Firefly — adatlap · listaár 12,0 M Ft-tól — kinaiauto.com",65,1,head,head,1,"Firefly Firefly (Városi kisautó, elektromos) magyarországi adatlap: ár, méretek, hatótáv, akkumulátor, töltés, garancia, importőri linkek.",138,1,https://www.kinaiauto.com,kinaiauto.com — Találd meg a számodra megfelelő kínai modellt,"Független magyar nyelvű kínai autó-iránytű. Kategória, ársáv és hajtás alapján szűrhető teljes hazai kínálat.",https://www.kinaiauto.com/opengraph-image?db1e57c3d017fe11,website,summary_large_image,,4,2,"Válassz márkát, majd modellt. / Firefly",hu,299,5.56,0,0,0,0,0
https://www.kinaiauto.com/modellek/mg/zs,/modellek/*,200,200,,0.35,276382,47767,gzip,"public, max-age=0, must-revalidate",,,https://www.kinaiauto.com/modellek/mg/zs,1,Y,"index, follow","MG MG ZS — adatlap · listaár 7,5 M Ft-tól — kinaiauto.com",57,1,head,head,1,"MG MG ZS (Kompakt SUV, benzin) magyarországi adatlap: ár, méretek, hatótáv, akkumulátor, töltés, garancia, importőri linkek.",124,1,https://www.kinaiauto.com,kinaiauto.com — Találd meg a számodra megfelelő kínai modellt,"Független magyar nyelvű kínai autó-iránytű. Kategória, ársáv és hajtás alapján szűrhető teljes hazai kínálat.",https://www.kinaiauto.com/opengraph-image?db1e57c3d017fe11,website,summary_large_image,,4,2,"Válassz márkát, majd modellt. / MG ZS",hu,384,5.56,0,0,0,0,0
https://www.kinaiauto.com/modellek/byd/atto-3,/modellek/*,200,200,,0.398,275954,47029,gzip,"public, max-age=0, must-revalidate",,,https://www.kinaiauto.com/modellek/byd/atto-3,1,Y,"index, follow","BYD Atto 3 — adatlap · listaár 12,0 M Ft-tól — kinaiauto.com",60,1,head,head,1,"BYD Atto 3 (Kompakt SUV, elektromos) magyarországi adatlap: ár, méretek, hatótáv, akkumulátor, töltés, garancia, importőri linkek.",130,1,https://www.kinaiauto.com,kinaiauto.com — Találd meg a számodra megfelelő kínai modellt,"Független magyar nyelvű kínai autó-iránytű. Kategória, ársáv és hajtás alapján szűrhető teljes hazai kínálat.",https://www.kinaiauto.com/opengraph-image?db1e57c3d017fe11,website,summary_large_image,,4,2,"Válassz márkát, majd modellt. / Atto 3",hu,423,5.56,0,0,0,0,0
https://www.kinaiauto.com/modellek/baic/x55,/modellek/*,200,200,,0.342,261904,45260,gzip,"public, max-age=0, must-revalidate",,,https://www.kinaiauto.com/modellek/baic/x55,1,Y,"index, follow","BAIC X55 — adatlap · listaár 12,0 M Ft-tól — kinaiauto.com",58,1,head,head,1,"BAIC X55 (Kompakt SUV, benzin) magyarországi adatlap: ár, méretek, hatótáv, akkumulátor, töltés, garancia, importőri linkek.",124,1,https://www.kinaiauto.com,kinaiauto.com — Találd meg a számodra megfelelő kínai modellt,"Független magyar nyelvű kínai autó-iránytű. Kategória, ársáv és hajtás alapján szűrhető teljes hazai kínálat.",https://www.kinaiauto.com/opengraph-image?db1e57c3d017fe11,website,summary_large_image,,4,2,"Válassz márkát, majd modellt. / X55",hu,306,5.56,0,0,0,0,0
https://www.kinaiauto.com/modellek/leapmotor/c10-hibrid-ev,/modellek/*,200,200,,0.385,281045,47790,gzip,"public, max-age=0, must-revalidate",,,https://www.kinaiauto.com/modellek/leapmotor/c10-hibrid-ev,1,Y,"index, follow","Leapmotor C10 Hibrid-EV — adatlap · listaár 15,0 M Ft-tól — kinaiauto.com",73,1,head,head,1,"Leapmotor C10 Hibrid-EV (Középméretű SUV, plug-in hibrid) magyarországi adatlap: ár, méretek, hatótáv, akkumulátor, töltés, garancia, importőri linkek.",151,1,https://www.kinaiauto.com,kinaiauto.com — Találd meg a számodra megfelelő kínai modellt,"Független magyar nyelvű kínai autó-iránytű. Kategória, ársáv és hajtás alapján szűrhető teljes hazai kínálat.",https://www.kinaiauto.com/opengraph-image?db1e57c3d017fe11,website,summary_large_image,,4,2,"Válassz márkát, majd modellt. / C10 Hibrid-EV",hu,322,5.56,0,0,0,0,0
https://www.kinaiauto.com/modellek/dongfeng/shine-gs,/modellek/*,200,200,,0.354,268952,46636,gzip,"public, max-age=0, must-revalidate",,,https://www.kinaiauto.com/modellek/dongfeng/shine-gs,1,Y,"index, follow","Dongfeng Shine GS — adatlap · listaár 8,7 M Ft-tól — kinaiauto.com",66,1,head,head,1,"Dongfeng Shine GS (Középméretű SUV, benzin) magyarországi adatlap: ár, méretek, hatótáv, akkumulátor, töltés, garancia, importőri linkek.",137,1,https://www.kinaiauto.com,kinaiauto.com — Találd meg a számodra megfelelő kínai modellt,"Független magyar nyelvű kínai autó-iránytű. Kategória, ársáv és hajtás alapján szűrhető teljes hazai kínálat.",https://www.kinaiauto.com/opengraph-image?db1e57c3d017fe11,website,summary_large_image,,4,2,"Válassz márkát, majd modellt. / Shine GS",hu,426,5.56,0,0,0,0,0
https://www.kinaiauto.com/modellek/omoda/omoda-5-shs-h,/modellek/*,200,200,,0.599,290172,49130,gzip,"public, max-age=0, must-revalidate",,,https://www.kinaiauto.com/modellek/omoda/omoda-5-shs-h,1,Y,"index, follow","Omoda Omoda 5 SHS-H — adatlap · listaár 12,0 M Ft-tól — kinaiauto.com",69,1,head,head,1,"Omoda Omoda 5 SHS-H (Kompakt SUV, önttöltő hibrid) magyarországi adatlap: ár, méretek, hatótáv, akkumulátor, töltés, garancia, importőri linkek.",144,1,https://www.kinaiauto.com,kinaiauto.com — Találd meg a számodra megfelelő kínai modellt,"Független magyar nyelvű kínai autó-iránytű. Kategória, ársáv és hajtás alapján szűrhető teljes hazai kínálat.",https://www.kinaiauto.com/opengraph-image?db1e57c3d017fe11,website,summary_large_image,,4,2,"Válassz márkát, majd modellt. / Omoda 5 SHS-H",hu,344,5.56,0,0,0,0,0
https://www.kinaiauto.com/modellek/baic/bj30e,/modellek/*,200,200,,1.044,260986,45048,gzip,"public, max-age=0, must-revalidate",,,https://www.kinaiauto.com/modellek/baic/bj30e,1,Y,"index, follow","BAIC BJ30e — adatlap · listaár 15,0 M Ft-tól — kinaiauto.com",60,1,head,head,1,"BAIC BJ30e (Középméretű SUV, önttöltő hibrid) magyarországi adatlap: ár, méretek, hatótáv, akkumulátor, töltés, garancia, importőri linkek.",139,1,https://www.kinaiauto.com,kinaiauto.com — Találd meg a számodra megfelelő kínai modellt,"Független magyar nyelvű kínai autó-iránytű. Kategória, ársáv és hajtás alapján szűrhető teljes hazai kínálat.",https://www.kinaiauto.com/opengraph-image?db1e57c3d017fe11,website,summary_large_image,,4,2,"Válassz márkát, majd modellt. / BJ30e",hu,306,5.56,0,0,0,0,0
https://www.kinaiauto.com/modellek/omoda/omoda-7-shs,/modellek/*,200,200,,0.52,292302,49708,gzip,"public, max-age=0, must-revalidate",,,https://www.kinaiauto.com/modellek/omoda/omoda-7-shs,1,Y,"index, follow",Omoda Omoda 7 SHS — adatlap — kinaiauto.com,43,1,head,head,1,"Omoda Omoda 7 SHS (Középméretű SUV, plug-in hibrid) magyarországi adatlap: ár, méretek, hatótáv, akkumulátor, töltés, garancia, importőri linkek.",145,1,https://www.kinaiauto.com,kinaiauto.com — Találd meg a számodra megfelelő kínai modellt,"Független magyar nyelvű kínai autó-iránytű. Kategória, ársáv és hajtás alapján szűrhető teljes hazai kínálat.",https://www.kinaiauto.com/opengraph-image?db1e57c3d017fe11,website,summary_large_image,,4,2,"Válassz márkát, majd modellt. / Omoda 7 SHS",hu,344,5.56,0,0,0,0,0
https://www.kinaiauto.com/modellek/byd/seal-6-dm-i,/modellek/*,200,200,,0.461,275990,47122,gzip,"public, max-age=0, must-revalidate",,,https://www.kinaiauto.com/modellek/byd/seal-6-dm-i,1,Y,"index, follow","BYD Seal 6 DM-i — adatlap · listaár 14,8 M Ft-tól — kinaiauto.com",65,1,head,head,1,"BYD Seal 6 DM-i (Szedán, plug-in hibrid) magyarországi adatlap: ár, méretek, hatótáv, akkumulátor, töltés, garancia, importőri linkek.",134,1,https://www.kinaiauto.com,kinaiauto.com — Találd meg a számodra megfelelő kínai modellt,"Független magyar nyelvű kínai autó-iránytű. Kategória, ársáv és hajtás alapján szűrhető teljes hazai kínálat.",https://www.kinaiauto.com/opengraph-image?db1e57c3d017fe11,website,summary_large_image,,4,2,"Válassz márkát, majd modellt. / Seal 6 DM-i",hu,423,5.56,0,0,0,0,0
https://www.kinaiauto.com/modellek/mg/hs,/modellek/*,200,200,,0.325,276365,47689,gzip,"public, max-age=0, must-revalidate",,,https://www.kinaiauto.com/modellek/mg/hs,1,Y,"index, follow","MG MG HS — adatlap · listaár 10,0 M Ft-tól — kinaiauto.com",58,1,head,head,1,"MG MG HS (Középméretű SUV, benzin) magyarországi adatlap: ár, méretek, hatótáv, akkumulátor, töltés, garancia, importőri linkek.",128,1,https://www.kinaiauto.com,kinaiauto.com — Találd meg a számodra megfelelő kínai modellt,"Független magyar nyelvű kínai autó-iránytű. Kategória, ársáv és hajtás alapján szűrhető teljes hazai kínálat.",https://www.kinaiauto.com/opengraph-image?db1e57c3d017fe11,website,summary_large_image,,4,2,"Válassz márkát, majd modellt. / MG HS",hu,384,5.56,0,0,0,0,0
https://www.kinaiauto.com/modellek/byd/dolphin,/modellek/*,200,200,,0.354,277167,47125,gzip,"public, max-age=0, must-revalidate",,,https://www.kinaiauto.com/modellek/byd/dolphin,1,Y,"index, follow","BYD Dolphin — adatlap · listaár 13,0 M Ft-tól — kinaiauto.com",61,1,head,head,1,"BYD Dolphin (Kompakt ferdehátú, elektromos) magyarországi adatlap: ár, méretek, hatótáv, akkumulátor, töltés, garancia, importőri linkek.",137,1,https://www.kinaiauto.com,kinaiauto.com — Találd meg a számodra megfelelő kínai modellt,"Független magyar nyelvű kínai autó-iránytű. Kategória, ársáv és hajtás alapján szűrhető teljes hazai kínálat.",https://www.kinaiauto.com/opengraph-image?db1e57c3d017fe11,website,summary_large_image,,4,2,"Válassz márkát, majd modellt. / Dolphin",hu,423,5.56,0,0,0,0,0
https://www.kinaiauto.com/modellek/xpeng/p7-plus,/modellek/*,200,200,,0.37,283096,47026,gzip,"public, max-age=0, must-revalidate",,,https://www.kinaiauto.com/modellek/xpeng/p7-plus,1,Y,"index, follow","XPENG P7+ — adatlap · listaár 18,4 M Ft-tól — kinaiauto.com",59,1,head,head,1,"XPENG P7+ (Szedán, elektromos) magyarországi adatlap: ár, méretek, hatótáv, akkumulátor, töltés, garancia, importőri linkek.",124,1,https://www.kinaiauto.com,kinaiauto.com — Találd meg a számodra megfelelő kínai modellt,"Független magyar nyelvű kínai autó-iránytű. Kategória, ársáv és hajtás alapján szűrhető teljes hazai kínálat.",https://www.kinaiauto.com/opengraph-image?db1e57c3d017fe11,website,summary_large_image,,4,2,"Válassz márkát, majd modellt. / P7+",hu,301,5.56,0,0,0,0,0
https://www.kinaiauto.com/modellek/dongfeng/dfutourv9phev,/modellek/*,200,200,,0.339,280962,47972,gzip,"public, max-age=0, must-revalidate",,,https://www.kinaiauto.com/modellek/dongfeng/dfutourv9phev,1,Y,"index, follow","Dongfeng U Tour V9 PHEV — adatlap · listaár 19,0 M Ft-tól — kinaiauto.com",73,1,head,head,1,"Dongfeng U Tour V9 PHEV (Egyterű / MPV, plug-in hibrid) magyarországi adatlap: ár, méretek, hatótáv, akkumulátor, töltés, garancia, importőri linkek.",149,1,https://www.kinaiauto.com,kinaiauto.com — Találd meg a számodra megfelelő kínai modellt,"Független magyar nyelvű kínai autó-iránytű. Kategória, ársáv és hajtás alapján szűrhető teljes hazai kínálat.",https://www.kinaiauto.com/opengraph-image?db1e57c3d017fe11,website,summary_large_image,,4,2,"Válassz márkát, majd modellt. / U Tour V9 PHEV",hu,426,5.56,0,0,0,0,0
https://www.kinaiauto.com/modellek/dongfeng/df_t5evo_ev,/modellek/*,200,200,,0.321,281197,47709,gzip,"public, max-age=0, must-revalidate",,,https://www.kinaiauto.com/modellek/dongfeng/df_t5evo_ev,1,Y,"index, follow","Dongfeng T5 EVO EV — adatlap · listaár 22,8 M Ft-tól — kinaiauto.com",68,1,head,head,1,"Dongfeng T5 EVO EV (Kompakt SUV, elektromos) magyarországi adatlap: ár, méretek, hatótáv, akkumulátor, töltés, garancia, importőri linkek.",138,1,https://www.kinaiauto.com,kinaiauto.com — Találd meg a számodra megfelelő kínai modellt,"Független magyar nyelvű kínai autó-iránytű. Kategória, ársáv és hajtás alapján szűrhető teljes hazai kínálat.",https://www.kinaiauto.com/opengraph-image?db1e57c3d017fe11,website,summary_large_image,,4,2,"Válassz márkát, majd modellt. / T5 EVO EV",hu,426,5.56,0,0,0,0,0
https://www.kinaiauto.com/modellek/mg/mg3ice,/modellek/*,200,200,,0.417,274901,47397,gzip,"public, max-age=0, must-revalidate",,,https://www.kinaiauto.com/modellek/mg/mg3ice,1,Y,"index, follow","MG MG3 — adatlap · listaár 6,4 M Ft-tól — kinaiauto.com",55,1,head,head,1,"MG MG3  (Városi kisautó, benzin) magyarországi adatlap: ár, méretek, hatótáv, akkumulátor, töltés, garancia, importőri linkek.",126,1,https://www.kinaiauto.com,kinaiauto.com — Találd meg a számodra megfelelő kínai modellt,"Független magyar nyelvű kínai autó-iránytű. Kategória, ársáv és hajtás alapján szűrhető teljes hazai kínálat.",https://www.kinaiauto.com/opengraph-image?db1e57c3d017fe11,website,summary_large_image,,4,2,"Válassz márkát, majd modellt. / MG3",hu,384,5.56,0,0,0,0,0
https://www.kinaiauto.com/modellek/dongfeng/forthing-t5-evo,/modellek/*,200,200,,0.318,274635,47059,gzip,"public, max-age=0, must-revalidate",,,https://www.kinaiauto.com/modellek/dongfeng/forthing-t5-evo,1,Y,"index, follow","Dongfeng Forthing T5 EVO — adatlap · listaár 13,5 M Ft-tól — kinaiauto.com",74,1,head,head,1,"Dongfeng Forthing T5 EVO (Kompakt SUV, benzin) magyarországi adatlap: ár, méretek, hatótáv, akkumulátor, töltés, garancia, importőri linkek.",140,1,https://www.kinaiauto.com,kinaiauto.com — Találd meg a számodra megfelelő kínai modellt,"Független magyar nyelvű kínai autó-iránytű. Kategória, ársáv és hajtás alapján szűrhető teljes hazai kínálat.",https://www.kinaiauto.com/opengraph-image?db1e57c3d017fe11,website,summary_large_image,,4,2,"Válassz márkát, majd modellt. / Forthing T5 EVO",hu,426,5.56,0,0,0,0,0
https://www.kinaiauto.com/modellek/jaecoo/jaecoo-7-shs-p,/modellek/*,200,200,,0.341,297092,49976,gzip,"public, max-age=0, must-revalidate",,,https://www.kinaiauto.com/modellek/jaecoo/jaecoo-7-shs-p,1,Y,"index, follow","Jaecoo Jaecoo 7 SHS-P — adatlap · listaár 13,0 M Ft-tól — kinaiauto.com",71,1,head,head,1,"Jaecoo Jaecoo 7 SHS-P (Középméretű SUV, plug-in hibrid) magyarországi adatlap: ár, méretek, hatótáv, akkumulátor, töltés, garancia, importőri linkek.",149,1,https://www.kinaiauto.com,kinaiauto.com — Találd meg a számodra megfelelő kínai modellt,"Független magyar nyelvű kínai autó-iránytű. Kategória, ársáv és hajtás alapján szűrhető teljes hazai kínálat.",https://www.kinaiauto.com/opengraph-image?db1e57c3d017fe11,website,summary_large_image,,4,2,"Válassz márkát, majd modellt. / Jaecoo 7 SHS-P",hu,333,5.56,0,0,0,0,0
https://www.kinaiauto.com/modellek/geely/starray-em-i,/modellek/*,200,200,,0.388,275392,47384,gzip,"public, max-age=0, must-revalidate",,,https://www.kinaiauto.com/modellek/geely/starray-em-i,1,Y,"index, follow","Geely Starray EM-i — adatlap · listaár 13,0 M Ft-tól — kinaiauto.com",68,1,head,head,1,"Geely Starray EM-i (Középméretű SUV, plug-in hibrid) magyarországi adatlap: ár, méretek, hatótáv, akkumulátor, töltés, garancia, importőri linkek.",146,1,https://www.kinaiauto.com,kinaiauto.com — Találd meg a számodra megfelelő kínai modellt,"Független magyar nyelvű kínai autó-iránytű. Kategória, ársáv és hajtás alapján szűrhető teljes hazai kínálat.",https://www.kinaiauto.com/opengraph-image?db1e57c3d017fe11,website,summary_large_image,,4,2,"Válassz márkát, majd modellt. / Starray EM-i",hu,306,5.56,0,0,0,0,0
https://www.kinaiauto.com/modellek/maxus/t60-max-pickup,/modellek/*,200,200,,0.468,275231,47180,gzip,"public, max-age=0, must-revalidate",,,https://www.kinaiauto.com/modellek/maxus/t60-max-pickup,1,Y,"index, follow","Maxus T60 MAX Pickup — adatlap · listaár 19,0 M Ft-tól — kinaiauto.com",70,1,head,head,1,"Maxus T60 MAX Pickup (Pickup, dízel) magyarországi adatlap: ár, méretek, hatótáv, akkumulátor, töltés, garancia, importőri linkek.",130,1,https://www.kinaiauto.com,kinaiauto.com — Találd meg a számodra megfelelő kínai modellt,"Független magyar nyelvű kínai autó-iránytű. Kategória, ársáv és hajtás alapján szűrhető teljes hazai kínálat.",https://www.kinaiauto.com/opengraph-image?db1e57c3d017fe11,website,summary_large_image,,4,2,"Válassz márkát, majd modellt. / T60 MAX Pickup",hu,306,5.56,0,0,0,0,0
https://www.kinaiauto.com/modellek/chery/tiggo-7,/modellek/*,200,200,,0.469,277359,47939,gzip,"public, max-age=0, must-revalidate",,,https://www.kinaiauto.com/modellek/chery/tiggo-7,1,Y,"index, follow","Chery Tiggo 7 — adatlap · listaár 13,5 M Ft-tól — kinaiauto.com",63,1,head,head,1,"Chery Tiggo 7 (Középméretű SUV, önttöltő hibrid) magyarországi adatlap: ár, méretek, hatótáv, akkumulátor, töltés, garancia, importőri linkek.",142,1,https://www.kinaiauto.com,kinaiauto.com — Találd meg a számodra megfelelő kínai modellt,"Független magyar nyelvű kínai autó-iránytű. Kategória, ársáv és hajtás alapján szűrhető teljes hazai kínálat.",https://www.kinaiauto.com/opengraph-image?db1e57c3d017fe11,website,summary_large_image,,4,2,"Válassz márkát, majd modellt. / Tiggo 7",hu,320,5.56,0,0,0,0,0
https://www.kinaiauto.com/modellek/voyah/courage-ev,/modellek/*,200,200,,0.356,281077,47696,gzip,"public, max-age=0, must-revalidate",,,https://www.kinaiauto.com/modellek/voyah/courage-ev,1,Y,"index, follow","Voyah Courage EV — adatlap · listaár 24,1 M Ft-tól — kinaiauto.com",66,1,head,head,1,"Voyah Courage EV (Középméretű SUV, elektromos) magyarországi adatlap: ár, méretek, hatótáv, akkumulátor, töltés, garancia, importőri linkek.",140,1,https://www.kinaiauto.com,kinaiauto.com — Találd meg a számodra megfelelő kínai modellt,"Független magyar nyelvű kínai autó-iránytű. Kategória, ársáv és hajtás alapján szűrhető teljes hazai kínálat.",https://www.kinaiauto.com/opengraph-image?db1e57c3d017fe11,website,summary_large_image,,4,2,"Válassz márkát, majd modellt. / Courage EV",hu,353,5.56,0,0,0,0,0
https://www.kinaiauto.com/modellek/leapmotor/lmb10phev,/modellek/*,200,200,,0.348,278244,47222,gzip,"public, max-age=0, must-revalidate",,,https://www.kinaiauto.com/modellek/leapmotor/lmb10phev,1,Y,"index, follow",Leapmotor B10 PHEV — adatlap — kinaiauto.com,44,1,head,head,1,"Leapmotor B10 PHEV (Kompakt SUV, plug-in hibrid) magyarországi adatlap: ár, méretek, hatótáv, akkumulátor, töltés, garancia, importőri linkek.",142,1,https://www.kinaiauto.com,kinaiauto.com — Találd meg a számodra megfelelő kínai modellt,"Független magyar nyelvű kínai autó-iránytű. Kategória, ársáv és hajtás alapján szűrhető teljes hazai kínálat.",https://www.kinaiauto.com/opengraph-image?db1e57c3d017fe11,website,summary_large_image,,4,2,"Válassz márkát, majd modellt. / B10 PHEV",hu,322,5.56,0,0,0,0,0
https://www.kinaiauto.com/modellek/byd/seal-6-dm-i-touring,/modellek/*,200,200,,0.355,276382,47068,gzip,"public, max-age=0, must-revalidate",,,https://www.kinaiauto.com/modellek/byd/seal-6-dm-i-touring,1,Y,"index, follow","BYD Seal 6 DM-i Touring — adatlap · listaár 15,2 M Ft-tól — kinaiauto.com",73,1,head,head,1,"BYD Seal 6 DM-i Touring (Kombi, plug-in hibrid) magyarországi adatlap: ár, méretek, hatótáv, akkumulátor, töltés, garancia, importőri linkek.",141,1,https://www.kinaiauto.com,kinaiauto.com — Találd meg a számodra megfelelő kínai modellt,"Független magyar nyelvű kínai autó-iránytű. Kategória, ársáv és hajtás alapján szűrhető teljes hazai kínálat.",https://www.kinaiauto.com/opengraph-image?db1e57c3d017fe11,website,summary_large_image,,4,2,"Válassz márkát, majd modellt. / Seal 6 DM-i Touring",hu,423,5.56,0,0,0,0,0
https://www.kinaiauto.com/modellek/voyah/voy_freebev,/modellek/*,200,200,,0.372,274084,46535,gzip,"public, max-age=0, must-revalidate",,,https://www.kinaiauto.com/modellek/voyah/voy_freebev,1,Y,"index, follow","Voyah FREE BEV — adatlap · listaár 34,9 M Ft-tól — kinaiauto.com",64,1,head,head,1,"Voyah FREE BEV (Nagy SUV, elektromos) magyarországi adatlap: ár, méretek, hatótáv, akkumulátor, töltés, garancia, importőri linkek.",131,1,https://www.kinaiauto.com,kinaiauto.com — Találd meg a számodra megfelelő kínai modellt,"Független magyar nyelvű kínai autó-iránytű. Kategória, ársáv és hajtás alapján szűrhető teljes hazai kínálat.",https://www.kinaiauto.com/opengraph-image?db1e57c3d017fe11,website,summary_large_image,,4,2,"Válassz márkát, majd modellt. / FREE BEV",hu,353,5.56,0,0,0,0,0
https://www.kinaiauto.com/modellek/baic/baicx7,/modellek/*,200,200,,0.373,262448,45144,gzip,"public, max-age=0, must-revalidate",,,https://www.kinaiauto.com/modellek/baic/baicx7,1,Y,"index, follow","BAIC X7 — adatlap · listaár 13,0 M Ft-tól — kinaiauto.com",57,1,head,head,1,"BAIC X7 (Kompakt SUV, benzin) magyarországi adatlap: ár, méretek, hatótáv, akkumulátor, töltés, garancia, importőri linkek.",123,1,https://www.kinaiauto.com,kinaiauto.com — Találd meg a számodra megfelelő kínai modellt,"Független magyar nyelvű kínai autó-iránytű. Kategória, ársáv és hajtás alapján szűrhető teljes hazai kínálat.",https://www.kinaiauto.com/opengraph-image?db1e57c3d017fe11,website,summary_large_image,,4,2,"Válassz márkát, majd modellt. / X7",hu,306,5.56,0,0,0,0,0
https://www.kinaiauto.com/modellek/dongfeng/df_df6,/modellek/*,200,200,,0.353,274846,47181,gzip,"public, max-age=0, must-revalidate",,,https://www.kinaiauto.com/modellek/dongfeng/df_df6,1,Y,"index, follow","Dongfeng DF6 — adatlap · listaár 12,0 M Ft-tól — kinaiauto.com",62,1,head,head,1,"Dongfeng DF6 (Pickup, dízel) magyarországi adatlap: ár, méretek, hatótáv, akkumulátor, töltés, garancia, importőri linkek.",122,1,https://www.kinaiauto.com,kinaiauto.com — Találd meg a számodra megfelelő kínai modellt,"Független magyar nyelvű kínai autó-iránytű. Kategória, ársáv és hajtás alapján szűrhető teljes hazai kínálat.",https://www.kinaiauto.com/opengraph-image?db1e57c3d017fe11,website,summary_large_image,,4,2,"Válassz márkát, majd modellt. / DF6",hu,426,5.56,0,0,0,0,0
https://www.kinaiauto.com/modellek/nio/EL_8,/modellek/*,200,200,,0.294,272765,46222,gzip,"public, max-age=0, must-revalidate",,,https://www.kinaiauto.com/modellek/nio/EL_8,1,Y,"index, follow","NIO EL8 — adatlap · listaár 43,5 M Ft-tól — kinaiauto.com",57,1,head,head,1,"NIO EL8 (Nagy SUV, elektromos) magyarországi adatlap: ár, méretek, hatótáv, akkumulátor, töltés, garancia, importőri linkek.",124,1,https://www.kinaiauto.com,kinaiauto.com — Találd meg a számodra megfelelő kínai modellt,"Független magyar nyelvű kínai autó-iránytű. Kategória, ársáv és hajtás alapján szűrhető teljes hazai kínálat.",https://www.kinaiauto.com/opengraph-image?db1e57c3d017fe11,website,summary_large_image,,4,2,"Válassz márkát, majd modellt. / EL8",hu,312,5.56,0,0,0,0,0
https://www.kinaiauto.com/modellek/dongfeng/fr_mhero917rev,/modellek/*,200,200,,0.349,278965,47515,gzip,"public, max-age=0, must-revalidate",,,https://www.kinaiauto.com/modellek/dongfeng/fr_mhero917rev,1,Y,"index, follow","Dongfeng MHERO 917 REV — adatlap · listaár 71,2 M Ft-tól — kinaiauto.com",72,1,head,head,1,"Dongfeng MHERO 917 REV (Nagy SUV, plug-in hibrid) magyarországi adatlap: ár, méretek, hatótáv, akkumulátor, töltés, garancia, importőri linkek.",143,1,https://www.kinaiauto.com,kinaiauto.com — Találd meg a számodra megfelelő kínai modellt,"Független magyar nyelvű kínai autó-iránytű. Kategória, ársáv és hajtás alapján szűrhető teljes hazai kínálat.",https://www.kinaiauto.com/opengraph-image?db1e57c3d017fe11,website,summary_large_image,,4,2,"Válassz márkát, majd modellt. / MHERO 917 REV",hu,426,5.56,0,0,0,0,0
https://www.kinaiauto.com/modellek/omoda/omoda-e5,/modellek/*,200,200,,0.398,297045,49925,gzip,"public, max-age=0, must-revalidate",,,https://www.kinaiauto.com/modellek/omoda/omoda-e5,1,Y,"index, follow","Omoda Omoda E5 — adatlap · listaár 13,0 M Ft-tól — kinaiauto.com",64,1,head,head,1,"Omoda Omoda E5 (Kompakt SUV, elektromos) magyarországi adatlap: ár, méretek, hatótáv, akkumulátor, töltés, garancia, importőri linkek.",134,1,https://www.kinaiauto.com,kinaiauto.com — Találd meg a számodra megfelelő kínai modellt,"Független magyar nyelvű kínai autó-iránytű. Kategória, ársáv és hajtás alapján szűrhető teljes hazai kínálat.",https://www.kinaiauto.com/opengraph-image?db1e57c3d017fe11,website,summary_large_image,,4,2,"Válassz márkát, majd modellt. / Omoda E5",hu,344,5.56,0,0,0,0,0
https://www.kinaiauto.com/modellek/dongfeng/dfutour,/modellek/*,200,200,,0.373,282007,48030,gzip,"public, max-age=0, must-revalidate",,,https://www.kinaiauto.com/modellek/dongfeng/dfutour,1,Y,"index, follow","Dongfeng U Tour — adatlap · listaár 12,4 M Ft-tól — kinaiauto.com",65,1,head,head,1,"Dongfeng U Tour (Egyterű / MPV, benzin) magyarországi adatlap: ár, méretek, hatótáv, akkumulátor, töltés, garancia, importőri linkek.",133,1,https://www.kinaiauto.com,kinaiauto.com — Találd meg a számodra megfelelő kínai modellt,"Független magyar nyelvű kínai autó-iránytű. Kategória, ársáv és hajtás alapján szűrhető teljes hazai kínálat.",https://www.kinaiauto.com/opengraph-image?db1e57c3d017fe11,website,summary_large_image,,4,2,"Válassz márkát, majd modellt. / U Tour",hu,426,5.56,0,0,0,0,0
https://www.kinaiauto.com/modellek/mg/mg-cyberster,/modellek/*,200,200,,0.422,296858,49671,gzip,"public, max-age=0, must-revalidate",,,https://www.kinaiauto.com/modellek/mg/mg-cyberster,1,Y,"index, follow","MG MG Cyberster — adatlap · listaár 26,7 M Ft-tól — kinaiauto.com",65,1,head,head,1,"MG MG Cyberster (Roadster, elektromos) magyarországi adatlap: ár, méretek, hatótáv, akkumulátor, töltés, garancia, importőri linkek.",132,1,https://www.kinaiauto.com,kinaiauto.com — Találd meg a számodra megfelelő kínai modellt,"Független magyar nyelvű kínai autó-iránytű. Kategória, ársáv és hajtás alapján szűrhető teljes hazai kínálat.",https://www.kinaiauto.com/opengraph-image?db1e57c3d017fe11,website,summary_large_image,,4,2,"Válassz márkát, majd modellt. / MG Cyberster",hu,384,5.56,0,0,0,0,0
https://www.kinaiauto.com/modellek/byd/dolphin-surf,/modellek/*,200,200,,0.393,289413,47990,gzip,"public, max-age=0, must-revalidate",,,https://www.kinaiauto.com/modellek/byd/dolphin-surf,1,Y,"index, follow","BYD Dolphin Surf — adatlap · listaár 8,0 M Ft-tól — kinaiauto.com",65,1,head,head,1,"BYD Dolphin Surf (Városi kisautó, elektromos) magyarországi adatlap: ár, méretek, hatótáv, akkumulátor, töltés, garancia, importőri linkek.",139,1,https://www.kinaiauto.com,kinaiauto.com — Találd meg a számodra megfelelő kínai modellt,"Független magyar nyelvű kínai autó-iránytű. Kategória, ársáv és hajtás alapján szűrhető teljes hazai kínálat.",https://www.kinaiauto.com/opengraph-image?db1e57c3d017fe11,website,summary_large_image,,4,2,"Válassz márkát, majd modellt. / Dolphin Surf",hu,423,5.56,0,0,0,0,0
https://www.kinaiauto.com/tudastar/hajtastipusok-egyszeruen,/tudastar/*,200,200,,0.268,38290,8109,gzip,"public, max-age=0, must-revalidate",,,https://www.kinaiauto.com/tudastar/hajtastipusok-egyszeruen,1,Y,"index, follow",Hajtástípusok egyszerűen — kinaiauto.com,40,1,head,head,1,"Benzin, hibrid, PHEV, EV — melyik hogy működik és kinek való.",61,1,https://www.kinaiauto.com,kinaiauto.com — Találd meg a számodra megfelelő kínai modellt,"Független magyar nyelvű kínai autó-iránytű. Kategória, ársáv és hajtás alapján szűrhető teljes hazai kínálat.",https://www.kinaiauto.com/opengraph-image?db1e57c3d017fe11,website,summary_large_image,,4,1,Hajtástípusok egyszerűen,hu,451,7.65,0,0,0,0,0
https://www.kinaiauto.com/tudastar/miert-nem-annyi-a-valos-hatotav,/tudastar/*,200,200,,0.354,38417,8118,gzip,"public, max-age=0, must-revalidate",,,https://www.kinaiauto.com/tudastar/miert-nem-annyi-a-valos-hatotav,1,Y,"index, follow",Miért nem annyi a valós hatótáv? — kinaiauto.com,48,1,head,head,1,"Hideg, meleg, autópálya, fűtés, vezetési stílus hatása.",55,1,https://www.kinaiauto.com,kinaiauto.com — Találd meg a számodra megfelelő kínai modellt,"Független magyar nyelvű kínai autó-iránytű. Kategória, ársáv és hajtás alapján szűrhető teljes hazai kínálat.",https://www.kinaiauto.com/opengraph-image?db1e57c3d017fe11,website,summary_large_image,,4,1,Miért nem annyi a valós hatótáv?,hu,459,9.25,0,0,0,0,0
https://www.kinaiauto.com/tudastar/plug-in-hibrid-zsenialis-vagy-felreertett,/tudastar/*,200,200,,0.312,38511,8112,gzip,"public, max-age=0, must-revalidate",,,https://www.kinaiauto.com/tudastar/plug-in-hibrid-zsenialis-vagy-felreertett,1,Y,"index, follow",Plug-in hibrid: zseniális vagy félreértett? — kinaiauto.com,59,1,head,head,1,"Csak akkor igazán jó, ha rendszeresen töltik.",45,1,https://www.kinaiauto.com,kinaiauto.com — Találd meg a számodra megfelelő kínai modellt,"Független magyar nyelvű kínai autó-iránytű. Kategória, ársáv és hajtás alapján szűrhető teljes hazai kínálat.",https://www.kinaiauto.com/opengraph-image?db1e57c3d017fe11,website,summary_large_image,,4,1,Plug-in hibrid: zseniális vagy félreértett?,hu,469,7.76,0,0,0,0,0
https://www.kinaiauto.com/tudastar/otthoni-toltes-konnektor-wallbox-napelem,/tudastar/*,200,200,,0.298,38560,8108,gzip,"public, max-age=0, must-revalidate",,,https://www.kinaiauto.com/tudastar/otthoni-toltes-konnektor-wallbox-napelem,1,Y,"index, follow","Otthoni töltés: konnektor, wallbox, napelem — kinaiauto.com",59,1,head,head,1,Gyakorlati útmutató vásárlás előtti ellenőrzéshez.,50,1,https://www.kinaiauto.com,kinaiauto.com — Találd meg a számodra megfelelő kínai modellt,"Független magyar nyelvű kínai autó-iránytű. Kategória, ársáv és hajtás alapján szűrhető teljes hazai kínálat.",https://www.kinaiauto.com/opengraph-image?db1e57c3d017fe11,website,summary_large_image,,4,1,"Otthoni töltés: konnektor, wallbox, napelem",hu,474,9.71,0,0,0,0,0
https://www.kinaiauto.com/tudastar/nyilvanos-toltes-magyarorszagon,/tudastar/*,200,200,,0.332,38397,8094,gzip,"public, max-age=0, must-revalidate",,,https://www.kinaiauto.com/tudastar/nyilvanos-toltes-magyarorszagon,1,Y,"index, follow",Nyilvános töltés Magyarországon — kinaiauto.com,47,1,head,head,1,"Szolgáltatók, applikációk, töltőtípusok és árlogika.",52,1,https://www.kinaiauto.com,kinaiauto.com — Találd meg a számodra megfelelő kínai modellt,"Független magyar nyelvű kínai autó-iránytű. Kategória, ársáv és hajtás alapján szűrhető teljes hazai kínálat.",https://www.kinaiauto.com/opengraph-image?db1e57c3d017fe11,website,summary_large_image,,4,1,Nyilvános töltés Magyarországon,hu,452,9.94,0,0,0,0,0
https://www.kinaiauto.com/tudastar/elektromos-auto-ceges-vasarlasa,/tudastar/*,200,200,,0.293,38351,8099,gzip,"public, max-age=0, must-revalidate",,,https://www.kinaiauto.com/tudastar/elektromos-auto-ceges-vasarlasa,1,Y,"index, follow",Elektromos autó céges vásárlása — kinaiauto.com,47,1,head,head,1,"Adózási, finanszírozási és lízing szempontok.",45,1,https://www.kinaiauto.com,kinaiauto.com — Találd meg a számodra megfelelő kínai modellt,"Független magyar nyelvű kínai autó-iránytű. Kategória, ársáv és hajtás alapján szűrhető teljes hazai kínálat.",https://www.kinaiauto.com/opengraph-image?db1e57c3d017fe11,website,summary_large_image,,4,1,Elektromos autó céges vásárlása,hu,447,9.23,0,0,0,0,0
https://www.kinaiauto.com/tudastar/maganvasarlokent-mire-figyelj,/tudastar/*,200,200,,0.303,38455,8119,gzip,"public, max-age=0, must-revalidate",,,https://www.kinaiauto.com/tudastar/maganvasarlokent-mire-figyelj,1,Y,"index, follow",Magánvásárlóként mire figyelj? — kinaiauto.com,46,1,head,head,1,"Ár, hatótáv, garancia, töltés, szerviz, biztosítás, értékvesztés.",65,1,https://www.kinaiauto.com,kinaiauto.com — Találd meg a számodra megfelelő kínai modellt,"Független magyar nyelvű kínai autó-iránytű. Kategória, ársáv és hajtás alapján szűrhető teljes hazai kínálat.",https://www.kinaiauto.com/opengraph-image?db1e57c3d017fe11,website,summary_large_image,,4,1,Magánvásárlóként mire figyelj?,hu,461,9.6,0,0,0,0,0
https://www.kinaiauto.com/tudastar/kinai-auto-garancia-es-szervizhatter,/tudastar/*,200,200,,0.272,38508,8092,gzip,"public, max-age=0, must-revalidate",,,https://www.kinaiauto.com/tudastar/kinai-auto-garancia-es-szervizhatter,1,Y,"index, follow",Kínai autó garancia és szervizháttér — kinaiauto.com,52,1,head,head,1,Márkánként eltérő — vásárlás előtt ellenőrizendő.,49,1,https://www.kinaiauto.com,kinaiauto.com — Találd meg a számodra megfelelő kínai modellt,"Független magyar nyelvű kínai autó-iránytű. Kategória, ársáv és hajtás alapján szűrhető teljes hazai kínálat.",https://www.kinaiauto.com/opengraph-image?db1e57c3d017fe11,website,summary_large_image,,4,1,Kínai autó garancia és szervizháttér,hu,463,9.97,0,0,0,0,0
