src,status,bytes,content_type,cache_control,etag,last_modified,method,used_on_pages
https://www.kinaiauto.com/cat-icons/5NagySuv.png,200,77418,image/png,"public, max-age=0, must-revalidate",Y,"Sun, 20 Sep 2026 08:18:51 GMT",HEAD,2
https://www.kinaiauto.com/cat-icons/4KozepSuv.png,200,70429,image/png,"public, max-age=0, must-revalidate",Y,"Sun, 20 Sep 2026 08:18:51 GMT",HEAD,2
https://www.kinaiauto.com/cat-icons/10Egyteru.png,200,69720,image/png,"public, max-age=0, must-revalidate",Y,"Sun, 20 Sep 2026 08:18:51 GMT",HEAD,2
https://www.kinaiauto.com/cat-icons/3KompaktSUV.png,200,62810,image/png,"public, max-age=0, must-revalidate",Y,"Sun, 20 Sep 2026 08:18:51 GMT",HEAD,2
https://www.kinaiauto.com/cat-icons/12PickUp.png,200,62475,image/png,"public, max-age=0, must-revalidate",Y,"Sun, 20 Sep 2026 08:18:51 GMT",HEAD,2
https://www.kinaiauto.com/cat-icons/2MiniSuv.png,200,61414,image/png,"public, max-age=0, must-revalidate",Y,"Sun, 20 Sep 2026 08:18:51 GMT",HEAD,2
https://www.kinaiauto.com/cat-icons/9Limuzin.png,200,61145,image/png,"public, max-age=0, must-revalidate",Y,"Sun, 20 Sep 2026 08:18:51 GMT",HEAD,2
https://www.kinaiauto.com/cat-icons/8Kombi.png,200,60311,image/png,"public, max-age=0, must-revalidate",Y,"Sun, 20 Sep 2026 08:18:51 GMT",HEAD,2
https://www.kinaiauto.com/cat-icons/6Ferdehatu.png,200,55490,image/png,"public, max-age=0, must-revalidate",Y,"Sun, 20 Sep 2026 08:18:51 GMT",HEAD,2
https://www.kinaiauto.com/cat-icons/7Sedan.png,200,52715,image/png,"public, max-age=0, must-revalidate",Y,"Sun, 20 Sep 2026 08:18:52 GMT",HEAD,2
https://www.kinaiauto.com/cat-icons/11Roadster.png,200,49760,image/png,"public, max-age=0, must-revalidate",Y,"Sun, 20 Sep 2026 08:18:51 GMT",HEAD,2
https://www.kinaiauto.com/assets/tiggo8-green.avif,200,44689,image/avif,"public, max-age=0, must-revalidate",Y,"Sun, 20 Sep 2026 08:18:51 GMT",HEAD,1
https://www.kinaiauto.com/cat-icons/1varosikisauto.png,200,41223,image/png,"public, max-age=0, must-revalidate",Y,"Sun, 20 Sep 2026 08:18:51 GMT",HEAD,2
