url,section,first_status,final_status,redirect_chain,elapsed_s,html_bytes,wire_bytes,content_encoding,cache_control,x_robots_tag,error,canonical,canonical_count,canonical_is_self,robots_meta,title,title_len,title_count,title_where,canonical_where,brand_in_title,meta_description,desc_len,desc_count,og_url,og_title,og_description,og_image,og_type,twitter_card,hreflang,jsonld_blocks,h1_count,h1,html_lang,main_text_chars,hu_char_share_main,meta_in_body,streamed_hidden_blocks,forbid_supabase.co,forbid_vercel.app,forbid_localhost,private_share_links
https://www.kinaiauto.com/,/,200,200,,0.21,559064,55350,gzip,"public, max-age=0, must-revalidate",,,https://www.kinaiauto.com,1,Y,"index, follow","kinaiauto.com — kínai autók Magyarországon, 78 modell",53,1,head,head,1,"Független magyar kínai autó-iránytű: 78 Magyarországon kapható modell 14 márkától, kategória, ársáv és hajtás szerint szűrve.",125,1,https://www.kinaiauto.com,"kinaiauto.com — kínai autók Magyarországon, 78 modell","Független magyar kínai autó-iránytű: 78 Magyarországon kapható modell 14 márkától, kategória, ársáv és hajtás szerint szűrve.",https://www.kinaiauto.com/opengraph-image,website,summary_large_image,,2,1,Találd meg új kínai autódat kategória és ár alapján — majd kérj ajánlatokat egy kattintással.,hu,15785,9.12,0,0,0,0,0,0
https://www.kinaiauto.com/kinalat,/kinalat,200,200,,1.946,292639,42300,gzip,"private, no-cache, no-store, max-age=0, must-revalidate",,,https://www.kinaiauto.com/kinalat,1,Y,"index, follow","Kínai autók kínálata ár, hatótáv és méret szerint — kinaiauto.com",65,1,head,head,1,"A Magyarországon kapható kínai autók egy vizuális hasábon: szűrj kategóriára, hajtásra, márkára és ársávra, és lásd arányosan az árat, hatótávot…",145,1,https://www.kinaiauto.com/kinalat,"Kínai autók kínálata ár, hatótáv és méret szerint — kinaiauto.com","A Magyarországon kapható kínai autók egy vizuális hasábon: szűrj kategóriára, hajtásra, márkára és ársávra, és lásd arányosan az árat, hatótávot…",https://www.kinaiauto.com/opengraph-image,website,summary_large_image,,3,1,Lásd a tényleges különbségeket.,hu,4383,10.86,0,1,0,0,0,0
https://www.kinaiauto.com/osszehasonlitas,/osszehasonlitas,200,200,,2.293,188883,29864,gzip,"public, max-age=0, must-revalidate",,,https://www.kinaiauto.com/osszehasonlitas,1,Y,"index, follow",Kínai autók összehasonlítása egymás mellett — kinaiauto.com,59,1,head,head,1,"Tegyél egymás mellé akár 4 kínai autót: ár, méret, csomagtartó, hatótáv, akkumulátor, teljesítmény. A táblázat soronként kiemeli a legjobb értéket.",147,1,https://www.kinaiauto.com/osszehasonlitas,Kínai autók összehasonlítása egymás mellett — kinaiauto.com,"Tegyél egymás mellé akár 4 kínai autót: ár, méret, csomagtartó, hatótáv, akkumulátor, teljesítmény. A táblázat soronként kiemeli a legjobb értéket.",https://www.kinaiauto.com/opengraph-image,website,summary_large_image,,3,1,"Tedd egymás mellé, és döntsd el.",hu,283,6.91,0,0,0,0,0,0
https://www.kinaiauto.com/tudastar,/tudastar,200,200,,0.382,85244,18779,gzip,"public, max-age=0, must-revalidate",,,https://www.kinaiauto.com/tudastar,1,Y,"index, follow",Tudástár — kínai autó vásárlás érthetően — kinaiauto.com,56,1,head,head,1,"Hajtástípusok, valós hatótáv, otthoni és nyilvános töltés, cégautóadó, illeték, lízing: vásárlói útmutató kínai autókhoz Magyarországon, gyakori kérdésekkel.",157,1,https://www.kinaiauto.com/tudastar,Tudástár — kínai autó vásárlás érthetően — kinaiauto.com,"Hajtástípusok, valós hatótáv, otthoni és nyilvános töltés, cégautóadó, illeték, lízing: vásárlói útmutató kínai autókhoz Magyarországon, gyakori kérdésekkel.",https://www.kinaiauto.com/opengraph-image,article,summary_large_image,,4,1,Kínai autók vásárlása érthetően.,hu,12410,10.32,0,0,0,0,0,0
https://www.kinaiauto.com/markak/byd,/markak/*,200,200,,1.507,204811,32103,gzip,"public, max-age=0, must-revalidate",,,https://www.kinaiauto.com/markak/byd,1,Y,"index, follow","BYD autók Magyarországon — modellek, árak — kinaiauto.com",57,1,head,head,1,"BYD autók Magyarországon: 14 modell 8,0–29,5 millió Ft listaáron, elektromos, plug-in hibrid hajtással. Importőr: BYD Hungary Kft.",130,1,https://www.kinaiauto.com/markak/byd,"BYD autók Magyarországon — modellek, árak — kinaiauto.com","BYD autók Magyarországon: 14 modell 8,0–29,5 millió Ft listaáron, elektromos, plug-in hibrid hajtással. Importőr: BYD Hungary Kft.",https://minio.kinaiauto.com/car-photos/byd/sealion-7/exterior-1778761892342.jpg,website,summary_large_image,,6,1,BYD autók Magyarországon,hu,5303,5.89,0,0,0,0,0,0
https://www.kinaiauto.com/markak/chery,/markak/*,200,200,,1.167,119839,23230,gzip,"public, max-age=0, must-revalidate",,,https://www.kinaiauto.com/markak/chery,1,Y,"index, follow","Chery autók Magyarországon — modellek, árak — kinaiauto.com",59,1,head,head,1,"Chery autók Magyarországon: 4 modell 9,2–20,0 millió Ft listaáron, plug-in hibrid, öntöltő hibrid hajtással. Importőr: Magyar Autópiac Kft. (mychery.hu).",153,1,https://www.kinaiauto.com/markak/chery,"Chery autók Magyarországon — modellek, árak — kinaiauto.com","Chery autók Magyarországon: 4 modell 9,2–20,0 millió Ft listaáron, plug-in hibrid, öntöltő hibrid hajtással. Importőr: Magyar Autópiac Kft. (mychery.hu).",https://minio.kinaiauto.com/car-photos/chery/tiggo-9/hero-1778673464632.jpg,website,summary_large_image,,6,1,Chery autók Magyarországon,hu,3444,6.8,0,0,0,0,0,0
https://www.kinaiauto.com/markak/omoda,/markak/*,200,200,,2.913,143872,25852,gzip,"public, max-age=0, must-revalidate",,,https://www.kinaiauto.com/markak/omoda,1,Y,"index, follow","Omoda autók Magyarországon — modellek, árak — kinaiauto.com",59,1,head,head,1,"Omoda autók Magyarországon: 5 modell 9,5–22,0 millió Ft listaáron, plug-in hibrid, benzin, öntöltő hibrid, elektromos hajtással.",128,1,https://www.kinaiauto.com/markak/omoda,"Omoda autók Magyarországon — modellek, árak — kinaiauto.com","Omoda autók Magyarországon: 5 modell 9,5–22,0 millió Ft listaáron, plug-in hibrid, benzin, öntöltő hibrid, elektromos hajtással.",https://minio.kinaiauto.com/car-photos/omoda/omoda-9-shs-p/hero-1778749724323.jpg,website,summary_large_image,,6,1,Omoda autók Magyarországon,hu,4989,6.64,0,0,0,0,0,0
https://www.kinaiauto.com/markak/jaecoo,/markak/*,200,200,,1.166,135625,24899,gzip,"public, max-age=0, must-revalidate",,,https://www.kinaiauto.com/markak/jaecoo,1,Y,"index, follow","Jaecoo autók Magyarországon — modellek, árak — kinaiauto.com",60,1,head,head,1,"Jaecoo autók Magyarországon: 4 modell 10,5–15,5 millió Ft listaáron, benzin, elektromos, plug-in hibrid hajtással. Importőr: Omoda & Jaecoo Hungary.",148,1,https://www.kinaiauto.com/markak/jaecoo,"Jaecoo autók Magyarországon — modellek, árak — kinaiauto.com","Jaecoo autók Magyarországon: 4 modell 10,5–15,5 millió Ft listaáron, benzin, elektromos, plug-in hibrid hajtással. Importőr: Omoda & Jaecoo Hungary.",https://minio.kinaiauto.com/car-photos/jaecoo/jaecoo-5/hero-1778674332842.jpg,website,summary_large_image,,6,1,Jaecoo autók Magyarországon,hu,4729,6.76,0,0,0,0,0,0
https://www.kinaiauto.com/markak/mg,/markak/*,200,200,,1.282,176584,29600,gzip,"public, max-age=0, must-revalidate",,,https://www.kinaiauto.com/markak/mg,1,Y,"index, follow","MG autók Magyarországon — modellek, árak — kinaiauto.com",56,1,head,head,1,"MG autók Magyarországon: 10 modell 6,4–28,8 millió Ft listaáron, öntöltő hibrid, elektromos, plug-in hibrid, benzin hajtással.",126,1,https://www.kinaiauto.com/markak/mg,"MG autók Magyarországon — modellek, árak — kinaiauto.com","MG autók Magyarországon: 10 modell 6,4–28,8 millió Ft listaáron, öntöltő hibrid, elektromos, plug-in hibrid, benzin hajtással.",https://minio.kinaiauto.com/car-photos/mg/mg3-hybrid-plus/hero-1778752493763.jpg,website,summary_large_image,,6,1,MG autók Magyarországon,hu,4962,6.54,0,0,0,0,0,0
https://www.kinaiauto.com/markak/nio,/markak/*,200,200,,1.115,110455,21505,gzip,"public, max-age=0, must-revalidate",,,https://www.kinaiauto.com/markak/nio,1,Y,"index, follow","NIO autók Magyarországon — modellek, árak — kinaiauto.com",57,1,head,head,1,"NIO autók Magyarországon: 4 modell 24,5–43,5 millió Ft listaáron, elektromos hajtással. Importőr: AutoWallis Group.",115,1,https://www.kinaiauto.com/markak/nio,"NIO autók Magyarországon — modellek, árak — kinaiauto.com","NIO autók Magyarországon: 4 modell 24,5–43,5 millió Ft listaáron, elektromos hajtással. Importőr: AutoWallis Group.",https://minio.kinaiauto.com/car-photos/nio/el6/hero-1778676636181.webp,website,summary_large_image,,6,1,NIO autók Magyarországon,hu,2426,6.52,0,0,0,0,0,0
https://www.kinaiauto.com/markak/firefly,/markak/*,200,200,,1.143,80726,17534,gzip,"public, max-age=0, must-revalidate",,,https://www.kinaiauto.com/markak/firefly,1,Y,"index, follow","Firefly autók Magyarországon — modellek, árak — kinaiauto.com",61,1,head,head,1,"Firefly autók Magyarországon: 1 modell 12,0–13,0 millió Ft listaáron, elektromos hajtással. Importőr: AutoWallis Group.",119,1,https://www.kinaiauto.com/markak/firefly,"Firefly autók Magyarországon — modellek, árak — kinaiauto.com","Firefly autók Magyarországon: 1 modell 12,0–13,0 millió Ft listaáron, elektromos hajtással. Importőr: AutoWallis Group.",https://minio.kinaiauto.com/car-photos/firefly/firefly/hero-1778663957253.webp,website,summary_large_image,,6,1,Firefly autók Magyarországon,hu,1817,6.63,0,0,0,0,0,0
https://www.kinaiauto.com/markak/xpeng,/markak/*,200,200,,1.082,113672,21901,gzip,"public, max-age=0, must-revalidate",,,https://www.kinaiauto.com/markak/xpeng,1,Y,"index, follow","XPENG autók Magyarországon — modellek, árak — kinaiauto.com",59,1,head,head,1,"XPENG autók Magyarországon: 4 modell 18,0–35,9 millió Ft listaáron, elektromos hajtással. Importőr: AutoWallis Group.",117,1,https://www.kinaiauto.com/markak/xpeng,"XPENG autók Magyarországon — modellek, árak — kinaiauto.com","XPENG autók Magyarországon: 4 modell 18,0–35,9 millió Ft listaáron, elektromos hajtással. Importőr: AutoWallis Group.",https://minio.kinaiauto.com/car-photos/xpeng/xpengg9/exterior-1779434734166.webp,website,summary_large_image,,6,1,XPENG autók Magyarországon,hu,3008,7.12,0,0,0,0,0,0
https://www.kinaiauto.com/markak/leapmotor,/markak/*,200,200,,0.955,129178,23976,gzip,"public, max-age=0, must-revalidate",,,https://www.kinaiauto.com/markak/leapmotor,1,Y,"index, follow","Leapmotor autók Magyarországon — modellek, árak — kinaiauto.com",63,1,head,head,1,"Leapmotor autók Magyarországon: 5 modell 7,8–17,9 millió Ft listaáron, elektromos, plug-in hibrid hajtással. Importőr: Duna Autó Zrt.",133,1,https://www.kinaiauto.com/markak/leapmotor,"Leapmotor autók Magyarországon — modellek, árak — kinaiauto.com","Leapmotor autók Magyarországon: 5 modell 7,8–17,9 millió Ft listaáron, elektromos, plug-in hibrid hajtással. Importőr: Duna Autó Zrt.",https://minio.kinaiauto.com/car-photos/leapmotor/t03/hero-1778747314385.png,website,summary_large_image,,6,1,Leapmotor autók Magyarországon,hu,3880,7.21,0,0,0,0,0,0
https://www.kinaiauto.com/markak/geely,/markak/*,200,200,,1.234,100024,20737,gzip,"public, max-age=0, must-revalidate",,,https://www.kinaiauto.com/markak/geely,1,Y,"index, follow","Geely autók Magyarországon — modellek, árak — kinaiauto.com",59,1,head,head,1,"Geely autók Magyarországon: 2 modell 13,0–16,6 millió Ft listaáron, elektromos, plug-in hibrid hajtással. Importőr: Geely Hungary.",130,1,https://www.kinaiauto.com/markak/geely,"Geely autók Magyarországon — modellek, árak — kinaiauto.com","Geely autók Magyarországon: 2 modell 13,0–16,6 millió Ft listaáron, elektromos, plug-in hibrid hajtással. Importőr: Geely Hungary.",https://minio.kinaiauto.com/car-photos/geely/e5/hero-1778670334544.jpg,website,summary_large_image,,6,1,Geely autók Magyarországon,hu,2733,6.41,0,0,0,0,0,0
https://www.kinaiauto.com/markak/dongfeng,/markak/*,200,200,,1.379,219517,33448,gzip,"public, max-age=0, must-revalidate",,,https://www.kinaiauto.com/markak/dongfeng,1,Y,"index, follow","Dongfeng autók Magyarországon — modellek, árak — kinaiauto.com",62,1,head,head,1,"Dongfeng autók Magyarországon: 14 modell 8,3–71,2 millió Ft listaáron, öntöltő hibrid, benzin, elektromos, plug-in hibrid, dízel hajtással.",139,1,https://www.kinaiauto.com/markak/dongfeng,"Dongfeng autók Magyarországon — modellek, árak — kinaiauto.com","Dongfeng autók Magyarországon: 14 modell 8,3–71,2 millió Ft listaáron, öntöltő hibrid, benzin, elektromos, plug-in hibrid, dízel hajtással.",https://minio.kinaiauto.com/car-photos/dongfeng/forthing-t5-evo-hev/hero-1778753813525.jpg,website,summary_large_image,,6,1,Dongfeng autók Magyarországon,hu,5852,6.12,0,0,0,0,0,0
https://www.kinaiauto.com/markak/voyah,/markak/*,200,200,,1.146,132653,24252,gzip,"public, max-age=0, must-revalidate",,,https://www.kinaiauto.com/markak/voyah,1,Y,"index, follow","Voyah autók Magyarországon — modellek, árak — kinaiauto.com",59,1,head,head,1,"Voyah autók Magyarországon: 6 modell 24,1–44,2 millió Ft listaáron, plug-in hibrid, elektromos hajtással. Importőr: Voyah Magyarország.",135,1,https://www.kinaiauto.com/markak/voyah,"Voyah autók Magyarországon — modellek, árak — kinaiauto.com","Voyah autók Magyarországon: 6 modell 24,1–44,2 millió Ft listaáron, plug-in hibrid, elektromos hajtással. Importőr: Voyah Magyarország.",https://minio.kinaiauto.com/car-photos/voyah/voy_passion/exterior-1778905479406.webp,website,summary_large_image,,6,1,Voyah autók Magyarországon,hu,3378,5.44,0,0,0,0,0,0
https://www.kinaiauto.com/markak/baic,/markak/*,200,200,,1.063,109766,21210,gzip,"public, max-age=0, must-revalidate",,,https://www.kinaiauto.com/markak/baic,1,Y,"index, follow","BAIC autók Magyarországon — modellek, árak — kinaiauto.com",58,1,head,head,1,"BAIC autók Magyarországon: 4 modell 12,0–25,0 millió Ft listaáron, öntöltő hibrid, benzin hajtással. Importőr: Gablini Csoport.",127,1,https://www.kinaiauto.com/markak/baic,"BAIC autók Magyarországon — modellek, árak — kinaiauto.com","BAIC autók Magyarországon: 4 modell 12,0–25,0 millió Ft listaáron, öntöltő hibrid, benzin hajtással. Importőr: Gablini Csoport.",https://minio.kinaiauto.com/car-photos/baic/baicbj60/hero-1778770212116.jpg,website,summary_large_image,,6,1,BAIC autók Magyarországon,hu,2506,5.94,0,0,0,0,0,0
https://www.kinaiauto.com/markak/maxus,/markak/*,200,200,,0.937,100777,20587,gzip,"public, max-age=0, must-revalidate",,,https://www.kinaiauto.com/markak/maxus,1,Y,"index, follow","Maxus autók Magyarországon — modellek, árak — kinaiauto.com",59,1,head,head,1,"Maxus autók Magyarországon: 1 modell 19,0 millió Ft listaáron, dízel hajtással. Importőr: Maxus Magyarország. A SAIC kishaszon-járműves és pickup márkája.",154,1,https://www.kinaiauto.com/markak/maxus,"Maxus autók Magyarországon — modellek, árak — kinaiauto.com","Maxus autók Magyarországon: 1 modell 19,0 millió Ft listaáron, dízel hajtással. Importőr: Maxus Magyarország. A SAIC kishaszon-járműves és pickup márkája.",https://minio.kinaiauto.com/car-photos/maxus/t60-max-pickup/exterior-1778674838374.jpg,website,summary_large_image,,6,1,Maxus autók Magyarországon,hu,3263,7.7,0,0,0,0,0,0
https://www.kinaiauto.com/modellek/mg/mg3-hybrid-plus,/modellek/*,200,200,,2.039,290155,49151,gzip,"public, max-age=0, must-revalidate",,,https://www.kinaiauto.com/modellek/mg/mg3-hybrid-plus,1,Y,"index, follow","MG3 Hybrid+ ára és adatai — 8,7 M Ft-tól — kinaiauto.com",56,1,head,head,1,"MG3 Hybrid+: városi kisautó, öntöltő hibrid hajtás, magyarországi listaár 8,7–9,9 millió Ft, 195 LE. Adatlap, változatok, garancia, kereskedők.",143,1,https://www.kinaiauto.com/modellek/mg/mg3-hybrid-plus,"MG3 Hybrid+ ára és adatai — 8,7 M Ft-tól — kinaiauto.com","MG3 Hybrid+: városi kisautó, öntöltő hibrid hajtás, magyarországi listaár 8,7–9,9 millió Ft, 195 LE. Adatlap, változatok, garancia, kereskedők.",https://minio.kinaiauto.com/car-photos/mg/mg3-hybrid-plus/hero-1778752493763.jpg,website,summary_large_image,,5,1,MG3 Hybrid+,hu,4157,8.16,0,0,0,0,0,0
https://www.kinaiauto.com/modellek/dongfeng/forthing-t5-evo-hev,/modellek/*,200,200,,4.947,284394,48157,gzip,"public, max-age=0, must-revalidate",,,https://www.kinaiauto.com/modellek/dongfeng/forthing-t5-evo-hev,1,Y,"index, follow","Dongfeng Forthing T5 EVO HEV ára és adatai — 15,8 M Ft-tól",58,1,head,head,0,"Dongfeng Forthing T5 EVO HEV: kompakt SUV, öntöltő hibrid hajtás, magyarországi listaár 15,8 millió Ft, 170 LE. Adatlap, változatok, garancia, kereskedők.",154,1,https://www.kinaiauto.com/modellek/dongfeng/forthing-t5-evo-hev,"Dongfeng Forthing T5 EVO HEV ára és adatai — 15,8 M Ft-tól","Dongfeng Forthing T5 EVO HEV: kompakt SUV, öntöltő hibrid hajtás, magyarországi listaár 15,8 millió Ft, 170 LE. Adatlap, változatok, garancia, kereskedők.",https://minio.kinaiauto.com/car-photos/dongfeng/forthing-t5-evo-hev/hero-1778753813525.jpg,website,summary_large_image,,5,1,Dongfeng Forthing T5 EVO HEV,hu,4230,8.05,0,0,0,0,0,0
https://www.kinaiauto.com/modellek/byd/sealion-7,/modellek/*,200,200,,5.014,298441,49201,gzip,"public, max-age=0, must-revalidate",,,https://www.kinaiauto.com/modellek/byd/sealion-7,1,Y,"index, follow","BYD Sealion 7 ára és adatai — 19,0 M Ft-tól — kinaiauto.com",59,1,head,head,1,"BYD Sealion 7: középméretű SUV, elektromos hajtás, magyarországi listaár 19,0–22,0 millió Ft, WLTP hatótáv 482–502 km, 523 LE.",126,1,https://www.kinaiauto.com/modellek/byd/sealion-7,"BYD Sealion 7 ára és adatai — 19,0 M Ft-tól — kinaiauto.com","BYD Sealion 7: középméretű SUV, elektromos hajtás, magyarországi listaár 19,0–22,0 millió Ft, WLTP hatótáv 482–502 km, 523 LE.",https://minio.kinaiauto.com/car-photos/byd/sealion-7/exterior-1778761892342.jpg,website,summary_large_image,,5,1,BYD Sealion 7,hu,4250,8.43,0,0,0,0,0,0
https://www.kinaiauto.com/modellek/nio/el6,/modellek/*,200,200,,8.864,283057,47330,gzip,"public, max-age=0, must-revalidate",,,https://www.kinaiauto.com/modellek/nio/el6,1,Y,"index, follow","NIO EL6 ára és adatai — 27,0 M Ft-tól — kinaiauto.com",53,1,head,head,1,"NIO EL6: nagy SUV, elektromos hajtás, magyarországi listaár 27,0–30,7 millió Ft, WLTP hatótáv 406–529 km, 490 LE. Adatlap, változatok, garancia, kereskedők.",156,1,https://www.kinaiauto.com/modellek/nio/el6,"NIO EL6 ára és adatai — 27,0 M Ft-tól — kinaiauto.com","NIO EL6: nagy SUV, elektromos hajtás, magyarországi listaár 27,0–30,7 millió Ft, WLTP hatótáv 406–529 km, 490 LE. Adatlap, változatok, garancia, kereskedők.",https://minio.kinaiauto.com/car-photos/nio/el6/hero-1778676636181.webp,website,summary_large_image,,5,1,NIO EL6,hu,3372,8.57,0,0,0,0,0,0
https://www.kinaiauto.com/modellek/byd/seal-u-dm-i,/modellek/*,200,200,,10.336,284872,47875,gzip,"public, max-age=0, must-revalidate",,,https://www.kinaiauto.com/modellek/byd/seal-u-dm-i,1,Y,"index, follow","BYD Seal U DM-i ára és adatai — 13,6 M Ft-tól — kinaiauto.com",61,1,head,head,1,"BYD Seal U DM-i: középméretű SUV, plug-in hibrid hajtás, magyarországi listaár 13,6–18,9 millió Ft, WLTP hatótáv 1125 km, 324 LE.",129,1,https://www.kinaiauto.com/modellek/byd/seal-u-dm-i,"BYD Seal U DM-i ára és adatai — 13,6 M Ft-tól — kinaiauto.com","BYD Seal U DM-i: középméretű SUV, plug-in hibrid hajtás, magyarországi listaár 13,6–18,9 millió Ft, WLTP hatótáv 1125 km, 324 LE.",https://minio.kinaiauto.com/car-photos/byd/seal-u-dm-i/hero-1778762075601.jpg,website,summary_large_image,,5,1,BYD Seal U DM-i,hu,3822,8.51,0,0,0,0,0,0
https://www.kinaiauto.com/modellek/chery/tiggo-9,/modellek/*,200,200,,3.782,291276,49296,gzip,"public, max-age=0, must-revalidate",,,https://www.kinaiauto.com/modellek/chery/tiggo-9,1,Y,"index, follow","Chery Tiggo 9 ára és adatai — 19,5 M Ft-tól — kinaiauto.com",59,1,head,head,1,"Chery Tiggo 9: nagy SUV, plug-in hibrid hajtás, magyarországi listaár 19,5–20,0 millió Ft, WLTP hatótáv 140 km, 428 LE.",119,1,https://www.kinaiauto.com/modellek/chery/tiggo-9,"Chery Tiggo 9 ára és adatai — 19,5 M Ft-tól — kinaiauto.com","Chery Tiggo 9: nagy SUV, plug-in hibrid hajtás, magyarországi listaár 19,5–20,0 millió Ft, WLTP hatótáv 140 km, 428 LE.",https://minio.kinaiauto.com/car-photos/chery/tiggo-9/hero-1778673464632.jpg,website,summary_large_image,,5,1,Chery Tiggo 9,hu,4334,8.23,0,0,0,0,0,0
https://www.kinaiauto.com/modellek/nio/et5-touring,/modellek/*,200,200,,2.672,283146,47106,gzip,"public, max-age=0, must-revalidate",,,https://www.kinaiauto.com/modellek/nio/et5-touring,1,Y,"index, follow","NIO ET5 Touring ára és adatai — 24,9 M Ft-tól — kinaiauto.com",61,1,head,head,1,"NIO ET5 Touring: kombi, elektromos hajtás, magyarországi listaár 24,9–28,6 millió Ft, WLTP hatótáv 435–560 km, 490 LE.",118,1,https://www.kinaiauto.com/modellek/nio/et5-touring,"NIO ET5 Touring ára és adatai — 24,9 M Ft-tól — kinaiauto.com","NIO ET5 Touring: kombi, elektromos hajtás, magyarországi listaár 24,9–28,6 millió Ft, WLTP hatótáv 435–560 km, 490 LE.",https://minio.kinaiauto.com/car-photos/nio/et5-touring/hero-1778675250250.webp,website,summary_large_image,,5,1,NIO ET5 Touring,hu,3352,8.48,0,0,0,0,0,0
https://www.kinaiauto.com/modellek/leapmotor/t03,/modellek/*,200,200,,2.666,294008,49093,gzip,"public, max-age=0, must-revalidate",,,https://www.kinaiauto.com/modellek/leapmotor/t03,1,Y,"index, follow","Leapmotor T03 ára és adatai — 7,8 M Ft-tól — kinaiauto.com",58,1,head,head,1,"Leapmotor T03: városi kisautó, elektromos hajtás, magyarországi listaár 7,8 millió Ft, WLTP hatótáv 265 km, 95 LE. Adatlap, változatok, garancia, kereskedők.",157,1,https://www.kinaiauto.com/modellek/leapmotor/t03,"Leapmotor T03 ára és adatai — 7,8 M Ft-tól — kinaiauto.com","Leapmotor T03: városi kisautó, elektromos hajtás, magyarországi listaár 7,8 millió Ft, WLTP hatótáv 265 km, 95 LE. Adatlap, változatok, garancia, kereskedők.",https://minio.kinaiauto.com/car-photos/leapmotor/t03/hero-1778747314385.png,website,summary_large_image,,5,1,Leapmotor T03,hu,4414,8.79,0,0,0,0,0,0
https://www.kinaiauto.com/modellek/omoda/omoda-9-shs-p,/modellek/*,200,200,,2.671,307520,51088,gzip,"public, max-age=0, must-revalidate",,,https://www.kinaiauto.com/modellek/omoda/omoda-9-shs-p,1,Y,"index, follow","Omoda 9 SHS-P ára és adatai — 22,0 M Ft-tól — kinaiauto.com",59,1,head,head,1,"Omoda 9 SHS-P: nagy SUV, plug-in hibrid hajtás, magyarországi listaár 22,0 millió Ft, WLTP hatótáv 1100 km, 462 LE. Adatlap, változatok, garancia, kereskedők.",158,1,https://www.kinaiauto.com/modellek/omoda/omoda-9-shs-p,"Omoda 9 SHS-P ára és adatai — 22,0 M Ft-tól — kinaiauto.com","Omoda 9 SHS-P: nagy SUV, plug-in hibrid hajtás, magyarországi listaár 22,0 millió Ft, WLTP hatótáv 1100 km, 462 LE. Adatlap, változatok, garancia, kereskedők.",https://minio.kinaiauto.com/car-photos/omoda/omoda-9-shs-p/hero-1778749724323.jpg,website,summary_large_image,,5,1,Omoda 9 SHS-P,hu,5610,8.22,0,0,0,0,0,0
https://www.kinaiauto.com/modellek/byd/seal,/modellek/*,200,200,,2.892,291833,48628,gzip,"public, max-age=0, must-revalidate",,,https://www.kinaiauto.com/modellek/byd/seal,1,Y,"index, follow","BYD Seal ára és adatai — 16,0 M Ft-tól — kinaiauto.com",54,1,head,head,1,"BYD Seal: szedán, elektromos hajtás, magyarországi listaár 16,0–20,0 millió Ft, WLTP hatótáv 460–570 km, 523 LE. Adatlap, változatok, garancia, kereskedők.",155,1,https://www.kinaiauto.com/modellek/byd/seal,"BYD Seal ára és adatai — 16,0 M Ft-tól — kinaiauto.com","BYD Seal: szedán, elektromos hajtás, magyarországi listaár 16,0–20,0 millió Ft, WLTP hatótáv 460–570 km, 523 LE. Adatlap, változatok, garancia, kereskedők.",https://minio.kinaiauto.com/car-photos/byd/seal/hero-1778762595469.jpg,website,summary_large_image,,5,1,BYD Seal,hu,4313,8.23,0,0,0,0,0,0
https://www.kinaiauto.com/modellek/byd/Sealion_5_DM-i,/modellek/*,200,200,,2.919,286013,48035,gzip,"public, max-age=0, must-revalidate",,,https://www.kinaiauto.com/modellek/byd/Sealion_5_DM-i,1,Y,"index, follow","BYD Sealion 5 DM-i ára és adatai — 13,2 M Ft-tól — kinaiauto.com",64,1,head,head,1,"BYD Sealion 5 DM-i: kompakt SUV, plug-in hibrid hajtás, magyarországi listaár 13,2–14,3 millió Ft, WLTP hatótáv 1016 km, 212 LE.",128,1,https://www.kinaiauto.com/modellek/byd/Sealion_5_DM-i,"BYD Sealion 5 DM-i ára és adatai — 13,2 M Ft-tól — kinaiauto.com","BYD Sealion 5 DM-i: kompakt SUV, plug-in hibrid hajtás, magyarországi listaár 13,2–14,3 millió Ft, WLTP hatótáv 1016 km, 212 LE.",https://minio.kinaiauto.com/car-photos/byd/Sealion_5_DM-i/hero-1778760709829.webp,website,summary_large_image,,5,1,BYD Sealion 5 DM-i,hu,3835,8.16,0,0,0,0,0,0
https://www.kinaiauto.com/modellek/byd/atto-2-dm-i,/modellek/*,200,200,,3.01,283565,47462,gzip,"public, max-age=0, must-revalidate",,,https://www.kinaiauto.com/modellek/byd/atto-2-dm-i,1,Y,"index, follow","BYD Atto 2 DM-i ára és adatai — 10,0 M Ft-tól — kinaiauto.com",61,1,head,head,1,"BYD Atto 2 DM-i: mini SUV, plug-in hibrid hajtás, magyarországi listaár 10,0–12,0 millió Ft, WLTP hatótáv 150 km, 212 LE.",121,1,https://www.kinaiauto.com/modellek/byd/atto-2-dm-i,"BYD Atto 2 DM-i ára és adatai — 10,0 M Ft-tól — kinaiauto.com","BYD Atto 2 DM-i: mini SUV, plug-in hibrid hajtás, magyarországi listaár 10,0–12,0 millió Ft, WLTP hatótáv 150 km, 212 LE.",https://minio.kinaiauto.com/car-photos/byd/atto-2-dm-i/hero-1778761142169.webp,website,summary_large_image,,5,1,BYD Atto 2 DM-i,hu,3827,8.04,0,0,0,0,0,0
https://www.kinaiauto.com/modellek/baic/baicbj60,/modellek/*,200,200,,3.381,268479,45427,gzip,"public, max-age=0, must-revalidate",,,https://www.kinaiauto.com/modellek/baic/baicbj60,1,Y,"index, follow","BAIC BJ60 ára és adatai — 25,0 M Ft-tól — kinaiauto.com",55,1,head,head,1,"BAIC BJ60: nagy SUV, öntöltő hibrid hajtás, magyarországi listaár 25,0 millió Ft, 266 LE. Adatlap, változatok, garancia, kereskedők.",132,1,https://www.kinaiauto.com/modellek/baic/baicbj60,"BAIC BJ60 ára és adatai — 25,0 M Ft-tól — kinaiauto.com","BAIC BJ60: nagy SUV, öntöltő hibrid hajtás, magyarországi listaár 25,0 millió Ft, 266 LE. Adatlap, változatok, garancia, kereskedők.",https://minio.kinaiauto.com/car-photos/baic/baicbj60/hero-1778770212116.jpg,website,summary_large_image,,5,1,BAIC BJ60,hu,3039,8.2,0,0,0,0,0,0
https://www.kinaiauto.com/modellek/dongfeng/dfmage,/modellek/*,200,200,,3.676,288027,48525,gzip,"public, max-age=0, must-revalidate",,,https://www.kinaiauto.com/modellek/dongfeng/dfmage,1,Y,"index, follow","Dongfeng MAGE ára és adatai — 9,4 M Ft-tól — kinaiauto.com",58,1,head,head,1,"Dongfeng MAGE: kompakt SUV, benzin hajtás, magyarországi listaár 9,4 millió Ft, 204 LE. Adatlap, változatok, garancia, kereskedők.",130,1,https://www.kinaiauto.com/modellek/dongfeng/dfmage,"Dongfeng MAGE ára és adatai — 9,4 M Ft-tól — kinaiauto.com","Dongfeng MAGE: kompakt SUV, benzin hajtás, magyarországi listaár 9,4 millió Ft, 204 LE. Adatlap, változatok, garancia, kereskedők.",https://minio.kinaiauto.com/car-photos/dongfeng/dfmage/exterior-1778902631789.webp,website,summary_large_image,,5,1,Dongfeng MAGE,hu,4230,8.48,0,0,0,0,0,0
https://www.kinaiauto.com/modellek/voyah/voy_passion,/modellek/*,200,200,,4.277,274060,46102,gzip,"public, max-age=0, must-revalidate",,,https://www.kinaiauto.com/modellek/voyah/voy_passion,1,Y,"index, follow","Voyah Passion PHEV ára és adatai — 26,0 M Ft-tól — kinaiauto.com",64,1,head,head,1,"Voyah Passion PHEV: szedán, plug-in hibrid hajtás, magyarországi listaár 26,0 millió Ft, 530 LE. Adatlap, változatok, garancia, kereskedők.",139,1,https://www.kinaiauto.com/modellek/voyah/voy_passion,"Voyah Passion PHEV ára és adatai — 26,0 M Ft-tól — kinaiauto.com","Voyah Passion PHEV: szedán, plug-in hibrid hajtás, magyarországi listaár 26,0 millió Ft, 530 LE. Adatlap, változatok, garancia, kereskedők.",https://minio.kinaiauto.com/car-photos/voyah/voy_passion/exterior-1778905479406.webp,website,summary_large_image,,5,1,Voyah Passion PHEV,hu,3223,8.33,0,0,0,0,0,0
https://www.kinaiauto.com/modellek/byd/atto3evo,/modellek/*,200,200,,4.145,298249,49219,gzip,"public, max-age=0, must-revalidate",,,https://www.kinaiauto.com/modellek/byd/atto3evo,1,Y,"index, follow","BYD Atto 3 EVO ára és adatai — 14,8 M Ft-tól — kinaiauto.com",60,1,head,head,1,"BYD Atto 3 EVO: kompakt SUV, elektromos hajtás, magyarországi listaár 14,8–18,5 millió Ft, WLTP hatótáv 510 km, 445 LE.",119,1,https://www.kinaiauto.com/modellek/byd/atto3evo,"BYD Atto 3 EVO ára és adatai — 14,8 M Ft-tól — kinaiauto.com","BYD Atto 3 EVO: kompakt SUV, elektromos hajtás, magyarországi listaár 14,8–18,5 millió Ft, WLTP hatótáv 510 km, 445 LE.",https://minio.kinaiauto.com/car-photos/byd/atto3evo/hero-1778768095241.webp,website,summary_large_image,,5,1,BYD Atto 3 EVO,hu,4222,8.24,0,0,0,0,0,0
https://www.kinaiauto.com/modellek/dongfeng/dfs7,/modellek/*,200,200,,2.426,290533,48811,gzip,"public, max-age=0, must-revalidate",,,https://www.kinaiauto.com/modellek/dongfeng/dfs7,1,Y,"index, follow","Dongfeng S7 ára és adatai — 14,3 M Ft-tól — kinaiauto.com",57,1,head,head,1,"Dongfeng S7: szedán, elektromos hajtás, magyarországi listaár 14,3 millió Ft, WLTP hatótáv 420 km, 218 LE. Adatlap, változatok, garancia, kereskedők.",149,1,https://www.kinaiauto.com/modellek/dongfeng/dfs7,"Dongfeng S7 ára és adatai — 14,3 M Ft-tól — kinaiauto.com","Dongfeng S7: szedán, elektromos hajtás, magyarországi listaár 14,3 millió Ft, WLTP hatótáv 420 km, 218 LE. Adatlap, változatok, garancia, kereskedők.",https://minio.kinaiauto.com/car-photos/dongfeng/dfs7/exterior-1778904211424.webp,website,summary_large_image,,5,1,Dongfeng S7,hu,4512,9.11,0,0,0,0,0,0
https://www.kinaiauto.com/modellek/leapmotor/b10,/modellek/*,200,200,,1.366,305314,50139,gzip,"public, max-age=0, must-revalidate",,,https://www.kinaiauto.com/modellek/leapmotor/b10,1,Y,"index, follow","Leapmotor B10 ára és adatai — 12,2 M Ft-tól — kinaiauto.com",59,1,head,head,1,"Leapmotor B10: kompakt SUV, elektromos hajtás, magyarországi listaár 12,2–15,0 millió Ft, WLTP hatótáv 435–173 km, 217 LE.",122,1,https://www.kinaiauto.com/modellek/leapmotor/b10,"Leapmotor B10 ára és adatai — 12,2 M Ft-tól — kinaiauto.com","Leapmotor B10: kompakt SUV, elektromos hajtás, magyarországi listaár 12,2–15,0 millió Ft, WLTP hatótáv 435–173 km, 217 LE.",https://minio.kinaiauto.com/car-photos/leapmotor/b10/hero-1778747659027.png,website,summary_large_image,,5,1,Leapmotor B10,hu,4914,8.39,0,0,0,0,0,0
https://www.kinaiauto.com/modellek/omoda/omoda-5,/modellek/*,200,200,,1.244,309664,51385,gzip,"public, max-age=0, must-revalidate",,,https://www.kinaiauto.com/modellek/omoda/omoda-5,1,Y,"index, follow","Omoda 5 ára és adatai — 9,5 M Ft-tól — kinaiauto.com",52,1,head,head,1,"Omoda 5: kompakt SUV, benzin hajtás, magyarországi listaár 9,5–12,0 millió Ft, WLTP hatótáv 500 km, 280 LE. Adatlap, változatok, garancia, kereskedők.",150,1,https://www.kinaiauto.com/modellek/omoda/omoda-5,"Omoda 5 ára és adatai — 9,5 M Ft-tól — kinaiauto.com","Omoda 5: kompakt SUV, benzin hajtás, magyarországi listaár 9,5–12,0 millió Ft, WLTP hatótáv 500 km, 280 LE. Adatlap, változatok, garancia, kereskedők.",https://minio.kinaiauto.com/car-photos/omoda/omoda-5/hero-1778749929827.jpg,website,summary_large_image,,5,1,Omoda 5,hu,5567,7.73,0,0,0,0,0,0
https://www.kinaiauto.com/modellek/xpeng/xpengg9,/modellek/*,200,200,,1.223,298500,48611,gzip,"public, max-age=0, must-revalidate",,,https://www.kinaiauto.com/modellek/xpeng/xpengg9,1,Y,"index, follow","XPENG X9 ára és adatai — 30,0 M Ft-tól — kinaiauto.com",54,1,head,head,1,"XPENG X9: egyterű / MPV, elektromos hajtás, magyarországi listaár 30,0–35,9 millió Ft, WLTP hatótáv 600 km, 370 LE. Adatlap, változatok, garancia, kereskedők.",158,1,https://www.kinaiauto.com/modellek/xpeng/xpengg9,"XPENG X9 ára és adatai — 30,0 M Ft-tól — kinaiauto.com","XPENG X9: egyterű / MPV, elektromos hajtás, magyarországi listaár 30,0–35,9 millió Ft, WLTP hatótáv 600 km, 370 LE. Adatlap, változatok, garancia, kereskedők.",https://minio.kinaiauto.com/car-photos/xpeng/xpengg9/exterior-1779434734166.webp,website,summary_large_image,,5,1,XPENG X9,hu,4025,8.08,0,0,0,0,0,0
https://www.kinaiauto.com/modellek/voyah/voy_dreambev,/modellek/*,200,200,,1.351,280311,47078,gzip,"public, max-age=0, must-revalidate",,,https://www.kinaiauto.com/modellek/voyah/voy_dreambev,1,Y,"index, follow","Voyah DREAM BEV ára és adatai — 44,2 M Ft-tól — kinaiauto.com",61,1,head,head,1,"Voyah DREAM BEV: egyterű / MPV, elektromos hajtás, magyarországi listaár 44,2 millió Ft, WLTP hatótáv 605 km, 435 LE.",117,1,https://www.kinaiauto.com/modellek/voyah/voy_dreambev,"Voyah DREAM BEV ára és adatai — 44,2 M Ft-tól — kinaiauto.com","Voyah DREAM BEV: egyterű / MPV, elektromos hajtás, magyarországi listaár 44,2 millió Ft, WLTP hatótáv 605 km, 435 LE.",https://minio.kinaiauto.com/car-photos/voyah/voy_dreambev/exterior-1779516444606.webp,website,summary_large_image,,5,1,Voyah DREAM BEV,hu,3612,9.08,0,0,0,0,0,0
https://www.kinaiauto.com/modellek/xpeng/g6,/modellek/*,200,200,,1.345,294437,48028,gzip,"public, max-age=0, must-revalidate",,,https://www.kinaiauto.com/modellek/xpeng/g6,1,Y,"index, follow","XPENG G6 ára és adatai — 18,0 M Ft-tól — kinaiauto.com",54,1,head,head,1,"XPENG G6: középméretű SUV, elektromos hajtás, magyarországi listaár 18,0–22,1 millió Ft, WLTP hatótáv 535 km, 480 LE.",117,1,https://www.kinaiauto.com/modellek/xpeng/g6,"XPENG G6 ára és adatai — 18,0 M Ft-tól — kinaiauto.com","XPENG G6: középméretű SUV, elektromos hajtás, magyarországi listaár 18,0–22,1 millió Ft, WLTP hatótáv 535 km, 480 LE.",https://minio.kinaiauto.com/car-photos/xpeng/g6/hero-1778748656169.webp,website,summary_large_image,,5,1,XPENG G6,hu,3936,8.28,0,0,0,0,0,0
https://www.kinaiauto.com/modellek/mg/mg4-electric,/modellek/*,200,200,,1.396,310893,51080,gzip,"public, max-age=0, must-revalidate",,,https://www.kinaiauto.com/modellek/mg/mg4-electric,1,Y,"index, follow","MG4 Electric ára és adatai — 11,3 M Ft-tól — kinaiauto.com",58,1,head,head,1,"MG4 Electric: kompakt ferdehátú, elektromos hajtás, magyarországi listaár 11,3–15,9 millió Ft, WLTP hatótáv 450 km, 435 LE.",123,1,https://www.kinaiauto.com/modellek/mg/mg4-electric,"MG4 Electric ára és adatai — 11,3 M Ft-tól — kinaiauto.com","MG4 Electric: kompakt ferdehátú, elektromos hajtás, magyarországi listaár 11,3–15,9 millió Ft, WLTP hatótáv 450 km, 435 LE.",https://minio.kinaiauto.com/car-photos/mg/mg4-electric/exterior-1778751369206.jpg,website,summary_large_image,,5,1,MG4 Electric,hu,5223,8.02,0,0,0,0,0,0
https://www.kinaiauto.com/modellek/mg/mgs5-ev,/modellek/*,200,200,,1.059,309312,51353,gzip,"public, max-age=0, must-revalidate",,,https://www.kinaiauto.com/modellek/mg/mgs5-ev,1,Y,"index, follow","MGS5 EV ára és adatai — 12,2 M Ft-tól — kinaiauto.com",53,1,head,head,1,"MGS5 EV: kompakt SUV, elektromos hajtás, magyarországi listaár 12,2–14,7 millió Ft, WLTP hatótáv 480 km, 231 LE. Adatlap, változatok, garancia, kereskedők.",155,1,https://www.kinaiauto.com/modellek/mg/mgs5-ev,"MGS5 EV ára és adatai — 12,2 M Ft-tól — kinaiauto.com","MGS5 EV: kompakt SUV, elektromos hajtás, magyarországi listaár 12,2–14,7 millió Ft, WLTP hatótáv 480 km, 231 LE. Adatlap, változatok, garancia, kereskedők.",https://minio.kinaiauto.com/car-photos/mg/mgs5-ev/hero-1778750454215.jpg,website,summary_large_image,,5,1,MGS5 EV,hu,4989,8.27,0,0,0,0,0,0
https://www.kinaiauto.com/modellek/mg/mg-hs-hybrid-plus,/modellek/*,200,200,,1.421,286317,48585,gzip,"public, max-age=0, must-revalidate",,,https://www.kinaiauto.com/modellek/mg/mg-hs-hybrid-plus,1,Y,"index, follow","MG HS Hybrid+ ára és adatai — 11,9 M Ft-tól — kinaiauto.com",59,1,head,head,1,"MG HS Hybrid+: középméretű SUV, öntöltő hibrid hajtás, magyarországi listaár 11,9–12,9 millió Ft, 224 LE. Adatlap, változatok, garancia, kereskedők.",148,1,https://www.kinaiauto.com/modellek/mg/mg-hs-hybrid-plus,"MG HS Hybrid+ ára és adatai — 11,9 M Ft-tól — kinaiauto.com","MG HS Hybrid+: középméretű SUV, öntöltő hibrid hajtás, magyarországi listaár 11,9–12,9 millió Ft, 224 LE. Adatlap, változatok, garancia, kereskedők.",https://minio.kinaiauto.com/car-photos/mg/mg-hs-hybrid-plus/hero-1778751458513.jpg,website,summary_large_image,,5,1,MG HS Hybrid+,hu,4165,8.26,0,0,0,0,0,0
https://www.kinaiauto.com/modellek/mg/mg-hs-phev,/modellek/*,200,200,,1.365,293835,49567,gzip,"public, max-age=0, must-revalidate",,,https://www.kinaiauto.com/modellek/mg/mg-hs-phev,1,Y,"index, follow","MG HS PHEV ára és adatai — 14,3 M Ft-tól — kinaiauto.com",56,1,head,head,1,"MG HS PHEV: középméretű SUV, plug-in hibrid hajtás, magyarországi listaár 14,3–15,4 millió Ft, WLTP hatótáv 100 km, 272 LE.",123,1,https://www.kinaiauto.com/modellek/mg/mg-hs-phev,"MG HS PHEV ára és adatai — 14,3 M Ft-tól — kinaiauto.com","MG HS PHEV: középméretű SUV, plug-in hibrid hajtás, magyarországi listaár 14,3–15,4 millió Ft, WLTP hatótáv 100 km, 272 LE.",https://minio.kinaiauto.com/car-photos/mg/mg-hs-phev/hero-1778751526729.jpg,website,summary_large_image,,5,1,MG HS PHEV,hu,4508,8.4,0,0,0,0,0,0
https://www.kinaiauto.com/modellek/dongfeng/dfshine,/modellek/*,200,200,,1.221,287514,48428,gzip,"public, max-age=0, must-revalidate",,,https://www.kinaiauto.com/modellek/dongfeng/dfshine,1,Y,"index, follow","Dongfeng Shine ára és adatai — 8,3 M Ft-tól — kinaiauto.com",59,1,head,head,1,"Dongfeng Shine: szedán, benzin hajtás, magyarországi listaár 8,3–9,0 millió Ft, 197 LE. Adatlap, változatok, garancia, kereskedők.",130,1,https://www.kinaiauto.com/modellek/dongfeng/dfshine,"Dongfeng Shine ára és adatai — 8,3 M Ft-tól — kinaiauto.com","Dongfeng Shine: szedán, benzin hajtás, magyarországi listaár 8,3–9,0 millió Ft, 197 LE. Adatlap, változatok, garancia, kereskedők.",https://minio.kinaiauto.com/car-photos/dongfeng/dfshine/exterior-1778901854075.webp,website,summary_large_image,,5,1,Dongfeng Shine,hu,4275,8.3,0,0,0,0,0,0
https://www.kinaiauto.com/modellek/voyah/dream-phev,/modellek/*,200,200,,1.328,274867,46260,gzip,"public, max-age=0, must-revalidate",,,https://www.kinaiauto.com/modellek/voyah/dream-phev,1,Y,"index, follow","Voyah Dream PHEV ára és adatai — 41,0 M Ft-tól — kinaiauto.com",62,1,head,head,1,"Voyah Dream PHEV: egyterű / MPV, plug-in hibrid hajtás, magyarországi listaár 41,0 millió Ft, WLTP hatótáv 236 km, 422 LE.",122,1,https://www.kinaiauto.com/modellek/voyah/dream-phev,"Voyah Dream PHEV ára és adatai — 41,0 M Ft-tól — kinaiauto.com","Voyah Dream PHEV: egyterű / MPV, plug-in hibrid hajtás, magyarországi listaár 41,0 millió Ft, WLTP hatótáv 236 km, 422 LE.",https://minio.kinaiauto.com/car-photos/voyah/dream-phev/exterior-1778754280927.webp,website,summary_large_image,,5,1,Voyah Dream PHEV,hu,3562,8.77,0,0,0,0,0,0
https://www.kinaiauto.com/modellek/dongfeng/dfmherobev,/modellek/*,200,200,,1.388,287726,48057,gzip,"public, max-age=0, must-revalidate",,,https://www.kinaiauto.com/modellek/dongfeng/dfmherobev,1,Y,"index, follow","Dongfeng MHERO 917 BEV — ár, adatok, adatlap — kinaiauto.com",60,1,head,head,1,"Dongfeng MHERO 917 BEV: nagy SUV, elektromos hajtás, WLTP hatótáv 505 km, 1088 LE. Adatlap, változatok, garancia, kereskedők.",125,1,https://www.kinaiauto.com/modellek/dongfeng/dfmherobev,"Dongfeng MHERO 917 BEV — ár, adatok, adatlap — kinaiauto.com","Dongfeng MHERO 917 BEV: nagy SUV, elektromos hajtás, WLTP hatótáv 505 km, 1088 LE. Adatlap, változatok, garancia, kereskedők.",https://minio.kinaiauto.com/car-photos/dongfeng/dfmherobev/exterior-1778906067417.webp,website,summary_large_image,,5,1,Dongfeng MHERO 917 BEV,hu,4086,8.72,0,0,0,0,0,0
https://www.kinaiauto.com/modellek/byd/seal-u,/modellek/*,200,200,,1.319,296436,48991,gzip,"public, max-age=0, must-revalidate",,,https://www.kinaiauto.com/modellek/byd/seal-u,1,Y,"index, follow","BYD Seal U ára és adatai — 17,0 M Ft-tól — kinaiauto.com",56,1,head,head,1,"BYD Seal U: középméretű SUV, elektromos hajtás, magyarországi listaár 17,0–19,0 millió Ft, WLTP hatótáv 500 km, 218 LE.",119,1,https://www.kinaiauto.com/modellek/byd/seal-u,"BYD Seal U ára és adatai — 17,0 M Ft-tól — kinaiauto.com","BYD Seal U: középméretű SUV, elektromos hajtás, magyarországi listaár 17,0–19,0 millió Ft, WLTP hatótáv 500 km, 218 LE.",https://minio.kinaiauto.com/car-photos/byd/seal-u/hero-1778761549471.png,website,summary_large_image,,5,1,BYD Seal U,hu,4129,8.64,0,0,0,0,0,0
https://www.kinaiauto.com/modellek/nio/et5,/modellek/*,200,200,,1.254,283479,47398,gzip,"public, max-age=0, must-revalidate",,,https://www.kinaiauto.com/modellek/nio/et5,1,Y,"index, follow","NIO ET5 ára és adatai — 24,5 M Ft-tól — kinaiauto.com",53,1,head,head,1,"NIO ET5: szedán, elektromos hajtás, magyarországi listaár 24,5–28,2 millió Ft, WLTP hatótáv 456–590 km, 490 LE. Adatlap, változatok, garancia, kereskedők.",154,1,https://www.kinaiauto.com/modellek/nio/et5,"NIO ET5 ára és adatai — 24,5 M Ft-tól — kinaiauto.com","NIO ET5: szedán, elektromos hajtás, magyarországi listaár 24,5–28,2 millió Ft, WLTP hatótáv 456–590 km, 490 LE. Adatlap, változatok, garancia, kereskedők.",https://minio.kinaiauto.com/car-photos/nio/et5/hero-1778410749209.webp,website,summary_large_image,,5,1,NIO ET5,hu,3376,8.68,0,0,0,0,0,0
https://www.kinaiauto.com/modellek/geely/e5,/modellek/*,200,200,,1.417,295071,48823,gzip,"public, max-age=0, must-revalidate",,,https://www.kinaiauto.com/modellek/geely/e5,1,Y,"index, follow","Geely E5 ára és adatai — 15,0 M Ft-tól — kinaiauto.com",54,1,head,head,1,"Geely E5: középméretű SUV, elektromos hajtás, magyarországi listaár 15,0–16,6 millió Ft, WLTP hatótáv 475 km, 218 LE.",117,1,https://www.kinaiauto.com/modellek/geely/e5,"Geely E5 ára és adatai — 15,0 M Ft-tól — kinaiauto.com","Geely E5: középméretű SUV, elektromos hajtás, magyarországi listaár 15,0–16,6 millió Ft, WLTP hatótáv 475 km, 218 LE.",https://minio.kinaiauto.com/car-photos/geely/e5/hero-1778670334544.jpg,website,summary_large_image,,5,1,Geely E5,hu,4277,8.44,0,0,0,0,0,0
https://www.kinaiauto.com/modellek/leapmotor/c10,/modellek/*,200,200,,1.39,306686,50153,gzip,"public, max-age=0, must-revalidate",,,https://www.kinaiauto.com/modellek/leapmotor/c10,1,Y,"index, follow","Leapmotor C10 ára és adatai — 15,0 M Ft-tól — kinaiauto.com",59,1,head,head,1,"Leapmotor C10: középméretű SUV, elektromos hajtás, magyarországi listaár 15,0–17,9 millió Ft, WLTP hatótáv 510 km, 295 LE.",122,1,https://www.kinaiauto.com/modellek/leapmotor/c10,"Leapmotor C10 ára és adatai — 15,0 M Ft-tól — kinaiauto.com","Leapmotor C10: középméretű SUV, elektromos hajtás, magyarországi listaár 15,0–17,9 millió Ft, WLTP hatótáv 510 km, 295 LE.",https://minio.kinaiauto.com/car-photos/leapmotor/c10/hero-1778747736499.png,website,summary_large_image,,5,1,Leapmotor C10,hu,5149,8.47,0,0,0,0,0,0
https://www.kinaiauto.com/modellek/mg/mg-zs-hybrid-plus,/modellek/*,200,200,,1.356,286873,48736,gzip,"public, max-age=0, must-revalidate",,,https://www.kinaiauto.com/modellek/mg/mg-zs-hybrid-plus,1,Y,"index, follow","MG ZS Hybrid+ ára és adatai — 10,4 M Ft-tól — kinaiauto.com",59,1,head,head,1,"MG ZS Hybrid+: kompakt SUV, öntöltő hibrid hajtás, magyarországi listaár 10,4–12,1 millió Ft, 197 LE. Adatlap, változatok, garancia, kereskedők.",144,1,https://www.kinaiauto.com/modellek/mg/mg-zs-hybrid-plus,"MG ZS Hybrid+ ára és adatai — 10,4 M Ft-tól — kinaiauto.com","MG ZS Hybrid+: kompakt SUV, öntöltő hibrid hajtás, magyarországi listaár 10,4–12,1 millió Ft, 197 LE. Adatlap, változatok, garancia, kereskedők.",https://minio.kinaiauto.com/car-photos/mg/mg-zs-hybrid-plus/hero-1778752042009.jpg,website,summary_large_image,,5,1,MG ZS Hybrid+,hu,4191,7.95,0,0,0,0,0,0
https://www.kinaiauto.com/modellek/jaecoo/jaecoo-5,/modellek/*,200,200,,1.279,296148,49595,gzip,"public, max-age=0, must-revalidate",,,https://www.kinaiauto.com/modellek/jaecoo/jaecoo-5,1,Y,"index, follow","Jaecoo 5 ára és adatai — 10,5 M Ft-tól — kinaiauto.com",54,1,head,head,1,"Jaecoo 5: kompakt SUV, benzin hajtás, magyarországi listaár 10,5 millió Ft, 147 LE. Adatlap, változatok, garancia, kereskedők.",126,1,https://www.kinaiauto.com/modellek/jaecoo/jaecoo-5,"Jaecoo 5 ára és adatai — 10,5 M Ft-tól — kinaiauto.com","Jaecoo 5: kompakt SUV, benzin hajtás, magyarországi listaár 10,5 millió Ft, 147 LE. Adatlap, változatok, garancia, kereskedők.",https://minio.kinaiauto.com/car-photos/jaecoo/jaecoo-5/hero-1778674332842.jpg,website,summary_large_image,,5,1,Jaecoo 5,hu,5123,8.04,0,0,0,0,0,0
https://www.kinaiauto.com/modellek/dongfeng/dfbox,/modellek/*,200,200,,1.415,294603,49430,gzip,"public, max-age=0, must-revalidate",,,https://www.kinaiauto.com/modellek/dongfeng/dfbox,1,Y,"index, follow","Dongfeng Box ára és adatai — 10,5 M Ft-tól — kinaiauto.com",58,1,head,head,1,"Dongfeng Box : városi kisautó, elektromos hajtás, magyarországi listaár 10,5 millió Ft, WLTP hatótáv 340 km, 95 LE. Adatlap, változatok, garancia, kereskedők.",158,1,https://www.kinaiauto.com/modellek/dongfeng/dfbox,"Dongfeng Box  ára és adatai — 10,5 M Ft-tól — kinaiauto.com","Dongfeng Box : városi kisautó, elektromos hajtás, magyarországi listaár 10,5 millió Ft, WLTP hatótáv 340 km, 95 LE. Adatlap, változatok, garancia, kereskedők.",https://minio.kinaiauto.com/car-photos/dongfeng/box-e1/hero-1778753030994.jpg,website,summary_large_image,,5,1,Dongfeng Box,hu,4710,8.65,0,0,0,0,0,0
https://www.kinaiauto.com/modellek/xpeng/g9,/modellek/*,200,200,,1.109,295511,48320,gzip,"public, max-age=0, must-revalidate",,,https://www.kinaiauto.com/modellek/xpeng/g9,1,Y,"index, follow","XPENG G9 ára és adatai — 22,0 M Ft-tól — kinaiauto.com",54,1,head,head,1,"XPENG G9: nagy SUV, elektromos hajtás, magyarországi listaár 22,0–29,8 millió Ft, WLTP hatótáv 585 km, 575 LE. Adatlap, változatok, garancia, kereskedők.",153,1,https://www.kinaiauto.com/modellek/xpeng/g9,"XPENG G9 ára és adatai — 22,0 M Ft-tól — kinaiauto.com","XPENG G9: nagy SUV, elektromos hajtás, magyarországi listaár 22,0–29,8 millió Ft, WLTP hatótáv 585 km, 575 LE. Adatlap, változatok, garancia, kereskedők.",https://minio.kinaiauto.com/car-photos/xpeng/g9/hero-1778748733825.webp,website,summary_large_image,,5,1,XPENG G9,hu,3956,8.05,0,0,0,0,0,0
https://www.kinaiauto.com/modellek/byd/atto-2,/modellek/*,200,200,,1.217,300593,49192,gzip,"public, max-age=0, must-revalidate",,,https://www.kinaiauto.com/modellek/byd/atto-2,1,Y,"index, follow","BYD Atto 2 ára és adatai — 11,5 M Ft-tól — kinaiauto.com",56,1,head,head,1,"BYD Atto 2: mini SUV, elektromos hajtás, magyarországi listaár 11,5–14,9 millió Ft, WLTP hatótáv 312–430 km, 201 LE.",116,1,https://www.kinaiauto.com/modellek/byd/atto-2,"BYD Atto 2 ára és adatai — 11,5 M Ft-tól — kinaiauto.com","BYD Atto 2: mini SUV, elektromos hajtás, magyarországi listaár 11,5–14,9 millió Ft, WLTP hatótáv 312–430 km, 201 LE.",https://minio.kinaiauto.com/car-photos/byd/atto-2/hero-1778760931618.jpg,website,summary_large_image,,5,1,BYD Atto 2,hu,4303,8.02,0,0,0,0,0,0
https://www.kinaiauto.com/modellek/dongfeng/forthing-u-tour-hev,/modellek/*,200,200,,1.233,282376,47670,gzip,"public, max-age=0, must-revalidate",,,https://www.kinaiauto.com/modellek/dongfeng/forthing-u-tour-hev,1,Y,"index, follow","Dongfeng Forthing U-Tour HEV ára és adatai — 16,9 M Ft-tól",58,1,head,head,0,"Dongfeng Forthing U-Tour HEV: egyterű / MPV, öntöltő hibrid hajtás, magyarországi listaár 16,9 millió Ft, 170 LE. Adatlap, változatok, garancia, kereskedők.",156,1,https://www.kinaiauto.com/modellek/dongfeng/forthing-u-tour-hev,"Dongfeng Forthing U-Tour HEV ára és adatai — 16,9 M Ft-tól","Dongfeng Forthing U-Tour HEV: egyterű / MPV, öntöltő hibrid hajtás, magyarországi listaár 16,9 millió Ft, 170 LE. Adatlap, változatok, garancia, kereskedők.",https://minio.kinaiauto.com/car-photos/dongfeng/forthing-u-tour-hev/hero-1778753991828.jpg,website,summary_large_image,,5,1,Dongfeng Forthing U-Tour HEV,hu,4164,8.13,0,0,0,0,0,0
https://www.kinaiauto.com/modellek/voyah/free-rev-318,/modellek/*,200,200,,1.247,271742,46303,gzip,"public, max-age=0, must-revalidate",,,https://www.kinaiauto.com/modellek/voyah/free-rev-318,1,Y,"index, follow","Voyah Free REV 318 ára és adatai — 26,0 M Ft-tól — kinaiauto.com",64,1,head,head,1,"Voyah Free REV 318: nagy SUV, plug-in hibrid hajtás, magyarországi listaár 26,0–27,0 millió Ft, WLTP hatótáv 1200 km, 490 LE.",125,1,https://www.kinaiauto.com/modellek/voyah/free-rev-318,"Voyah Free REV 318 ára és adatai — 26,0 M Ft-tól — kinaiauto.com","Voyah Free REV 318: nagy SUV, plug-in hibrid hajtás, magyarországi listaár 26,0–27,0 millió Ft, WLTP hatótáv 1200 km, 490 LE.",https://minio.kinaiauto.com/car-photos/voyah/free-rev-318/hero-1778754529969.webp,website,summary_large_image,,5,1,Voyah Free REV 318,hu,3512,8.6,0,0,0,0,0,0
https://www.kinaiauto.com/modellek/jaecoo/jaecoo-7,/modellek/*,200,200,,1.224,299396,50089,gzip,"public, max-age=0, must-revalidate",,,https://www.kinaiauto.com/modellek/jaecoo/jaecoo-7,1,Y,"index, follow","Jaecoo 7 ára és adatai — 11,5 M Ft-tól — kinaiauto.com",54,1,head,head,1,"Jaecoo 7: középméretű SUV, benzin hajtás, magyarországi listaár 11,5–13,0 millió Ft, 147 LE. Adatlap, változatok, garancia, kereskedők.",135,1,https://www.kinaiauto.com/modellek/jaecoo/jaecoo-7,"Jaecoo 7 ára és adatai — 11,5 M Ft-tól — kinaiauto.com","Jaecoo 7: középméretű SUV, benzin hajtás, magyarországi listaár 11,5–13,0 millió Ft, 147 LE. Adatlap, változatok, garancia, kereskedők.",https://minio.kinaiauto.com/car-photos/jaecoo/jaecoo-7/hero-1778674101626.png,website,summary_large_image,,5,1,Jaecoo 7,hu,5169,8.29,0,0,0,0,0,0
https://www.kinaiauto.com/modellek/jaecoo/jaecoo-5-ev,/modellek/*,200,200,,1.341,311519,51621,gzip,"public, max-age=0, must-revalidate",,,https://www.kinaiauto.com/modellek/jaecoo/jaecoo-5-ev,1,Y,"index, follow","Jaecoo 5 ev ára és adatai — 15,0 M Ft-tól — kinaiauto.com",57,1,head,head,1,"Jaecoo 5 ev: kompakt SUV, elektromos hajtás, magyarországi listaár 15,0–15,5 millió Ft, WLTP hatótáv 402 km, 211 LE.",116,1,https://www.kinaiauto.com/modellek/jaecoo/jaecoo-5-ev,"Jaecoo 5 ev ára és adatai — 15,0 M Ft-tól — kinaiauto.com","Jaecoo 5 ev: kompakt SUV, elektromos hajtás, magyarországi listaár 15,0–15,5 millió Ft, WLTP hatótáv 402 km, 211 LE.",https://minio.kinaiauto.com/car-photos/jaecoo/jaecoo-5-ev/hero-1778674573749.jpg,website,summary_large_image,,5,1,Jaecoo 5 ev,hu,5594,8.31,0,0,0,0,0,0
https://www.kinaiauto.com/modellek/chery/tiggo-8,/modellek/*,200,200,,1.199,287735,48883,gzip,"public, max-age=0, must-revalidate",,,https://www.kinaiauto.com/modellek/chery/tiggo-8,1,Y,"index, follow","Chery Tiggo 8 ára és adatai — 13,9 M Ft-tól — kinaiauto.com",59,1,head,head,1,"Chery Tiggo 8: nagy SUV, öntöltő hibrid hajtás, magyarországi listaár 13,9–16,7 millió Ft, WLTP hatótáv 1050 km, 279 LE.",120,1,https://www.kinaiauto.com/modellek/chery/tiggo-8,"Chery Tiggo 8 ára és adatai — 13,9 M Ft-tól — kinaiauto.com","Chery Tiggo 8: nagy SUV, öntöltő hibrid hajtás, magyarországi listaár 13,9–16,7 millió Ft, WLTP hatótáv 1050 km, 279 LE.",https://minio.kinaiauto.com/car-photos/chery/tiggo-8/hero-1778673288559.jpg,website,summary_large_image,,5,1,Chery Tiggo 8,hu,4021,8.1,0,0,0,0,0,0
https://www.kinaiauto.com/modellek/chery/tiggo-4,/modellek/*,200,200,,1.413,286299,48743,gzip,"public, max-age=0, must-revalidate",,,https://www.kinaiauto.com/modellek/chery/tiggo-4,1,Y,"index, follow","Chery Tiggo 4 ára és adatai — 9,2 M Ft-tól — kinaiauto.com",58,1,head,head,1,"Chery Tiggo 4: kompakt SUV, öntöltő hibrid hajtás, magyarországi listaár 9,2–11,0 millió Ft, WLTP hatótáv 950 km, 163 LE.",121,1,https://www.kinaiauto.com/modellek/chery/tiggo-4,"Chery Tiggo 4 ára és adatai — 9,2 M Ft-tól — kinaiauto.com","Chery Tiggo 4: kompakt SUV, öntöltő hibrid hajtás, magyarországi listaár 9,2–11,0 millió Ft, WLTP hatótáv 950 km, 163 LE.",https://minio.kinaiauto.com/car-photos/chery/tiggo-4/exterior-1778579251102.jpg,website,summary_large_image,,5,1,Chery Tiggo 4,hu,3945,8.1,0,0,0,0,0,0
https://www.kinaiauto.com/modellek/byd/tang,/modellek/*,200,200,,1.345,288346,48435,gzip,"public, max-age=0, must-revalidate",,,https://www.kinaiauto.com/modellek/byd/tang,1,Y,"index, follow","BYD Tang ára és adatai — 25,0 M Ft-tól — kinaiauto.com",54,1,head,head,1,"BYD Tang: nagy SUV, elektromos hajtás, magyarországi listaár 25,0–29,5 millió Ft, WLTP hatótáv 530 km, 259 LE. Adatlap, változatok, garancia, kereskedők.",153,1,https://www.kinaiauto.com/modellek/byd/tang,"BYD Tang ára és adatai — 25,0 M Ft-tól — kinaiauto.com","BYD Tang: nagy SUV, elektromos hajtás, magyarországi listaár 25,0–29,5 millió Ft, WLTP hatótáv 530 km, 259 LE. Adatlap, változatok, garancia, kereskedők.",https://minio.kinaiauto.com/car-photos/byd/tang/hero-1778760549275.jpg,website,summary_large_image,,5,1,BYD Tang,hu,3689,8.61,0,0,0,0,0,0
https://www.kinaiauto.com/modellek/firefly/firefly,/modellek/*,200,200,,1.505,281107,46998,gzip,"public, max-age=0, must-revalidate",,,https://www.kinaiauto.com/modellek/firefly/firefly,1,Y,"index, follow","Firefly ára és adatai — 12,0 M Ft-tól — kinaiauto.com",53,1,head,head,1,"Firefly: városi kisautó, elektromos hajtás, magyarországi listaár 12,0–13,0 millió Ft, WLTP hatótáv 330 km, 143 LE. Adatlap, változatok, garancia, kereskedők.",158,1,https://www.kinaiauto.com/modellek/firefly/firefly,"Firefly ára és adatai — 12,0 M Ft-tól — kinaiauto.com","Firefly: városi kisautó, elektromos hajtás, magyarországi listaár 12,0–13,0 millió Ft, WLTP hatótáv 330 km, 143 LE. Adatlap, változatok, garancia, kereskedők.",https://minio.kinaiauto.com/car-photos/firefly/firefly/hero-1778663957253.webp,website,summary_large_image,,5,1,Firefly,hu,3243,8.73,0,0,0,0,0,0
https://www.kinaiauto.com/modellek/mg/zs,/modellek/*,200,200,,1.371,284912,48498,gzip,"public, max-age=0, must-revalidate",,,https://www.kinaiauto.com/modellek/mg/zs,1,Y,"index, follow","MG ZS ára és adatai — 7,5 M Ft-tól — kinaiauto.com",50,1,head,head,1,"MG ZS: kompakt SUV, benzin hajtás, magyarországi listaár 7,5–8,5 millió Ft, 116 LE. Adatlap, változatok, garancia, kereskedők.",126,1,https://www.kinaiauto.com/modellek/mg/zs,"MG ZS ára és adatai — 7,5 M Ft-tól — kinaiauto.com","MG ZS: kompakt SUV, benzin hajtás, magyarországi listaár 7,5–8,5 millió Ft, 116 LE. Adatlap, változatok, garancia, kereskedők.",https://minio.kinaiauto.com/car-photos/mg/zs/hero-1778751980892.webp,website,summary_large_image,,5,1,MG ZS,hu,4080,7.89,0,0,0,0,0,0
https://www.kinaiauto.com/modellek/byd/atto-3,/modellek/*,200,200,,1.299,285839,47906,gzip,"public, max-age=0, must-revalidate",,,https://www.kinaiauto.com/modellek/byd/atto-3,1,Y,"index, follow","BYD Atto 3 ára és adatai — 12,0 M Ft-tól — kinaiauto.com",56,1,head,head,1,"BYD Atto 3: kompakt SUV, elektromos hajtás, magyarországi listaár 12,0–17,0 millió Ft, WLTP hatótáv 420 km, 204 LE. Adatlap, változatok, garancia, kereskedők.",158,1,https://www.kinaiauto.com/modellek/byd/atto-3,"BYD Atto 3 ára és adatai — 12,0 M Ft-tól — kinaiauto.com","BYD Atto 3: kompakt SUV, elektromos hajtás, magyarországi listaár 12,0–17,0 millió Ft, WLTP hatótáv 420 km, 204 LE. Adatlap, változatok, garancia, kereskedők.",https://minio.kinaiauto.com/car-photos/byd/atto-3/exterior-1778761729154.jpg,website,summary_large_image,,5,1,BYD Atto 3,hu,3732,8.56,0,0,0,0,0,0
https://www.kinaiauto.com/modellek/baic/x55,/modellek/*,200,200,,1.304,268759,45516,gzip,"public, max-age=0, must-revalidate",,,https://www.kinaiauto.com/modellek/baic/x55,1,Y,"index, follow","BAIC X55 ára és adatai — 12,0 M Ft-tól — kinaiauto.com",54,1,head,head,1,"BAIC X55: kompakt SUV, benzin hajtás, magyarországi listaár 12,0 millió Ft, 180 LE. Adatlap, változatok, garancia, kereskedők.",126,1,https://www.kinaiauto.com/modellek/baic/x55,"BAIC X55 ára és adatai — 12,0 M Ft-tól — kinaiauto.com","BAIC X55: kompakt SUV, benzin hajtás, magyarországi listaár 12,0 millió Ft, 180 LE. Adatlap, változatok, garancia, kereskedők.",https://minio.kinaiauto.com/car-photos/baic/x55/hero-1778672419220.jpg,website,summary_large_image,,5,1,BAIC X55,hu,2825,8.07,0,0,0,0,0,0
https://www.kinaiauto.com/modellek/leapmotor/c10-hibrid-ev,/modellek/*,200,200,,1.312,293697,49086,gzip,"public, max-age=0, must-revalidate",,,https://www.kinaiauto.com/modellek/leapmotor/c10-hibrid-ev,1,Y,"index, follow","Leapmotor C10 Hibrid-EV ára és adatai — 15,0 M Ft-tól",53,1,head,head,0,"Leapmotor C10 Hibrid-EV: középméretű SUV, plug-in hibrid hajtás, magyarországi listaár 15,0–17,9 millió Ft, WLTP hatótáv 970 km, 215 LE.",136,1,https://www.kinaiauto.com/modellek/leapmotor/c10-hibrid-ev,"Leapmotor C10 Hibrid-EV ára és adatai — 15,0 M Ft-tól","Leapmotor C10 Hibrid-EV: középméretű SUV, plug-in hibrid hajtás, magyarországi listaár 15,0–17,9 millió Ft, WLTP hatótáv 970 km, 215 LE.",https://minio.kinaiauto.com/car-photos/leapmotor/c10-hibrid-ev/hero-1778747479257.png,website,summary_large_image,,5,1,Leapmotor C10 Hibrid-EV,hu,4598,8.5,0,0,0,0,0,0
https://www.kinaiauto.com/modellek/dongfeng/shine-gs,/modellek/*,200,200,,1.283,276335,47010,gzip,"public, max-age=0, must-revalidate",,,https://www.kinaiauto.com/modellek/dongfeng/shine-gs,1,Y,"index, follow","Dongfeng Shine GS ára és adatai — 8,7 M Ft-tól — kinaiauto.com",62,1,head,head,1,"Dongfeng Shine GS: középméretű SUV, benzin hajtás, magyarországi listaár 8,7 millió Ft, 117 LE. Adatlap, változatok, garancia, kereskedők.",138,1,https://www.kinaiauto.com/modellek/dongfeng/shine-gs,"Dongfeng Shine GS ára és adatai — 8,7 M Ft-tól — kinaiauto.com","Dongfeng Shine GS: középméretű SUV, benzin hajtás, magyarországi listaár 8,7 millió Ft, 117 LE. Adatlap, változatok, garancia, kereskedők.",https://minio.kinaiauto.com/car-photos/dongfeng/shine-gs/hero-1778753439552.webp,website,summary_large_image,,5,1,Dongfeng Shine GS,hu,4023,8.51,0,0,0,0,0,0
https://www.kinaiauto.com/modellek/omoda/omoda-5-shs-h,/modellek/*,200,200,,1.327,299488,50082,gzip,"public, max-age=0, must-revalidate",,,https://www.kinaiauto.com/modellek/omoda/omoda-5-shs-h,1,Y,"index, follow","Omoda 5 SHS-H ára és adatai — 12,0 M Ft-tól — kinaiauto.com",59,1,head,head,1,"Omoda 5 SHS-H: kompakt SUV, öntöltő hibrid hajtás, magyarországi listaár 12,0 millió Ft, 224 LE. Adatlap, változatok, garancia, kereskedők.",139,1,https://www.kinaiauto.com/modellek/omoda/omoda-5-shs-h,"Omoda 5 SHS-H ára és adatai — 12,0 M Ft-tól — kinaiauto.com","Omoda 5 SHS-H: kompakt SUV, öntöltő hibrid hajtás, magyarországi listaár 12,0 millió Ft, 224 LE. Adatlap, változatok, garancia, kereskedők.",https://minio.kinaiauto.com/car-photos/omoda/omoda-5-shs-h/hero-1778749384663.jpg,website,summary_large_image,,5,1,Omoda 5 SHS-H,hu,5193,7.88,0,0,0,0,0,0
https://www.kinaiauto.com/modellek/baic/bj30e,/modellek/*,200,200,,1.25,269646,45641,gzip,"public, max-age=0, must-revalidate",,,https://www.kinaiauto.com/modellek/baic/bj30e,1,Y,"index, follow","BAIC BJ30e ára és adatai — 15,0 M Ft-tól — kinaiauto.com",56,1,head,head,1,"BAIC BJ30e: középméretű SUV, öntöltő hibrid hajtás, magyarországi listaár 15,0 millió Ft, 280 LE. Adatlap, változatok, garancia, kereskedők.",140,1,https://www.kinaiauto.com/modellek/baic/bj30e,"BAIC BJ30e ára és adatai — 15,0 M Ft-tól — kinaiauto.com","BAIC BJ30e: középméretű SUV, öntöltő hibrid hajtás, magyarországi listaár 15,0 millió Ft, 280 LE. Adatlap, változatok, garancia, kereskedők.",https://minio.kinaiauto.com/car-photos/baic/bj30e/hero-1778770153379.jpg,website,summary_large_image,,5,1,BAIC BJ30e,hu,3071,8.5,0,0,0,0,0,0
https://www.kinaiauto.com/modellek/omoda/omoda-7-shs,/modellek/*,200,200,,1.339,301398,50117,gzip,"public, max-age=0, must-revalidate",,,https://www.kinaiauto.com/modellek/omoda/omoda-7-shs,1,Y,"index, follow","Omoda 7 SHS — ár, adatok, adatlap — kinaiauto.com",49,1,head,head,1,"Omoda 7 SHS: középméretű SUV, plug-in hibrid hajtás, WLTP hatótáv 1200 km, 346 LE. Adatlap, változatok, garancia, kereskedők.",125,1,https://www.kinaiauto.com/modellek/omoda/omoda-7-shs,"Omoda 7 SHS — ár, adatok, adatlap — kinaiauto.com","Omoda 7 SHS: középméretű SUV, plug-in hibrid hajtás, WLTP hatótáv 1200 km, 346 LE. Adatlap, változatok, garancia, kereskedők.",https://minio.kinaiauto.com/car-photos/omoda/omoda-7-shs/hero-1778749818300.jpg,website,summary_large_image,,5,1,Omoda 7 SHS,hu,5212,8.1,0,0,0,0,0,0
https://www.kinaiauto.com/modellek/byd/seal-6-dm-i,/modellek/*,200,200,,1.212,285971,47960,gzip,"public, max-age=0, must-revalidate",,,https://www.kinaiauto.com/modellek/byd/seal-6-dm-i,1,Y,"index, follow","BYD Seal 6 DM-i ára és adatai — 14,8 M Ft-tól — kinaiauto.com",61,1,head,head,1,"BYD Seal 6 DM-i: szedán, plug-in hibrid hajtás, magyarországi listaár 14,8–17,8 millió Ft, WLTP hatótáv 1505 km, 212 LE.",120,1,https://www.kinaiauto.com/modellek/byd/seal-6-dm-i,"BYD Seal 6 DM-i ára és adatai — 14,8 M Ft-tól — kinaiauto.com","BYD Seal 6 DM-i: szedán, plug-in hibrid hajtás, magyarországi listaár 14,8–17,8 millió Ft, WLTP hatótáv 1505 km, 212 LE.",https://minio.kinaiauto.com/car-photos/byd/seal-6-dm-i/hero-1778762471236.webp,website,summary_large_image,,5,1,BYD Seal 6 DM-i,hu,3823,8.32,0,0,0,0,0,0
https://www.kinaiauto.com/modellek/mg/hs,/modellek/*,200,200,,1.478,284940,48532,gzip,"public, max-age=0, must-revalidate",,,https://www.kinaiauto.com/modellek/mg/hs,1,Y,"index, follow","MG HS ára és adatai — 10,0 M Ft-tól — kinaiauto.com",51,1,head,head,1,"MG HS: középméretű SUV, benzin hajtás, magyarországi listaár 10,0–12,2 millió Ft, 170 LE. Adatlap, változatok, garancia, kereskedők.",132,1,https://www.kinaiauto.com/modellek/mg/hs,"MG HS ára és adatai — 10,0 M Ft-tól — kinaiauto.com","MG HS: középméretű SUV, benzin hajtás, magyarországi listaár 10,0–12,2 millió Ft, 170 LE. Adatlap, változatok, garancia, kereskedők.",https://minio.kinaiauto.com/car-photos/mg/hs/hero-1778751286087.png,website,summary_large_image,,5,1,MG HS,hu,4097,8.18,0,0,0,0,0,0
https://www.kinaiauto.com/modellek/byd/dolphin,/modellek/*,200,200,,1.37,286782,47981,gzip,"public, max-age=0, must-revalidate",,,https://www.kinaiauto.com/modellek/byd/dolphin,1,Y,"index, follow","BYD Dolphin ára és adatai — 13,0 M Ft-tól — kinaiauto.com",57,1,head,head,1,"BYD Dolphin: kompakt ferdehátú, elektromos hajtás, magyarországi listaár 13,0–15,2 millió Ft, WLTP hatótáv 427 km, 204 LE.",122,1,https://www.kinaiauto.com/modellek/byd/dolphin,"BYD Dolphin ára és adatai — 13,0 M Ft-tól — kinaiauto.com","BYD Dolphin: kompakt ferdehátú, elektromos hajtás, magyarországi listaár 13,0–15,2 millió Ft, WLTP hatótáv 427 km, 204 LE.",https://minio.kinaiauto.com/car-photos/byd/dolphin/hero-1778761407392.jpg,website,summary_large_image,,5,1,BYD Dolphin,hu,3724,8.67,0,0,0,0,0,0
https://www.kinaiauto.com/modellek/xpeng/p7-plus,/modellek/*,200,200,,1.239,294289,47977,gzip,"public, max-age=0, must-revalidate",,,https://www.kinaiauto.com/modellek/xpeng/p7-plus,1,Y,"index, follow","XPENG P7+ ára és adatai — 18,4 M Ft-tól — kinaiauto.com",55,1,head,head,1,"XPENG P7+: szedán, elektromos hajtás, magyarországi listaár 18,4–22,5 millió Ft, WLTP hatótáv 530 km, 530 LE. Adatlap, változatok, garancia, kereskedők.",152,1,https://www.kinaiauto.com/modellek/xpeng/p7-plus,"XPENG P7+ ára és adatai — 18,4 M Ft-tól — kinaiauto.com","XPENG P7+: szedán, elektromos hajtás, magyarországi listaár 18,4–22,5 millió Ft, WLTP hatótáv 530 km, 530 LE. Adatlap, változatok, garancia, kereskedők.",https://minio.kinaiauto.com/car-photos/xpeng/p7-plus/hero-1778748808178.webp,website,summary_large_image,,5,1,XPENG P7+,hu,3924,8.11,0,0,0,0,0,0
https://www.kinaiauto.com/modellek/dongfeng/dfutourv9phev,/modellek/*,200,200,,1.397,290320,48735,gzip,"public, max-age=0, must-revalidate",,,https://www.kinaiauto.com/modellek/dongfeng/dfutourv9phev,1,Y,"index, follow","Dongfeng U Tour V9 PHEV ára és adatai — 19,0 M Ft-tól",53,1,head,head,0,"Dongfeng U Tour V9 PHEV: egyterű / MPV, plug-in hibrid hajtás, magyarországi listaár 19,0 millió Ft, 170 LE. Adatlap, változatok, garancia, kereskedők.",151,1,https://www.kinaiauto.com/modellek/dongfeng/dfutourv9phev,"Dongfeng U Tour V9 PHEV ára és adatai — 19,0 M Ft-tól","Dongfeng U Tour V9 PHEV: egyterű / MPV, plug-in hibrid hajtás, magyarországi listaár 19,0 millió Ft, 170 LE. Adatlap, változatok, garancia, kereskedők.",https://minio.kinaiauto.com/car-photos/dongfeng/dfutourv9phev/exterior-1778903555683.webp,website,summary_large_image,,5,1,Dongfeng U Tour V9 PHEV,hu,4341,8.33,0,0,0,0,0,0
https://www.kinaiauto.com/modellek/dongfeng/df_t5evo_ev,/modellek/*,200,200,,1.124,292170,49001,gzip,"public, max-age=0, must-revalidate",,,https://www.kinaiauto.com/modellek/dongfeng/df_t5evo_ev,1,Y,"index, follow","Dongfeng T5 EVO EV ára és adatai — 22,8 M Ft-tól — kinaiauto.com",64,1,head,head,1,"Dongfeng T5 EVO EV: kompakt SUV, elektromos hajtás, magyarországi listaár 22,8 millió Ft, WLTP hatótáv 521 km, 204 LE.",118,1,https://www.kinaiauto.com/modellek/dongfeng/df_t5evo_ev,"Dongfeng T5 EVO EV ára és adatai — 22,8 M Ft-tól — kinaiauto.com","Dongfeng T5 EVO EV: kompakt SUV, elektromos hajtás, magyarországi listaár 22,8 millió Ft, WLTP hatótáv 521 km, 204 LE.",https://minio.kinaiauto.com/car-photos/dongfeng/df_t5evo_ev/exterior-1778904930201.webp,website,summary_large_image,,5,1,Dongfeng T5 EVO EV,hu,4677,8.69,0,0,0,0,0,0
https://www.kinaiauto.com/modellek/mg/mg3ice,/modellek/*,200,200,,1.088,283450,48122,gzip,"public, max-age=0, must-revalidate",,,https://www.kinaiauto.com/modellek/mg/mg3ice,1,Y,"index, follow","MG3 ára és adatai — 6,4 M Ft-tól — kinaiauto.com",48,1,head,head,1,"MG3 : városi kisautó, benzin hajtás, magyarországi listaár 6,4–7,0 millió Ft, 116 LE. Adatlap, változatok, garancia, kereskedők.",128,1,https://www.kinaiauto.com/modellek/mg/mg3ice,"MG3  ára és adatai — 6,4 M Ft-tól — kinaiauto.com","MG3 : városi kisautó, benzin hajtás, magyarországi listaár 6,4–7,0 millió Ft, 116 LE. Adatlap, változatok, garancia, kereskedők.",https://minio.kinaiauto.com/car-photos/mg/mg3ice/hero-1778752294210.webp,website,summary_large_image,,5,1,MG3,hu,4056,8.07,0,0,0,0,0,0
https://www.kinaiauto.com/modellek/dongfeng/forthing-t5-evo,/modellek/*,200,200,,1.216,282642,47614,gzip,"public, max-age=0, must-revalidate",,,https://www.kinaiauto.com/modellek/dongfeng/forthing-t5-evo,1,Y,"index, follow","Dongfeng Forthing T5 EVO ára és adatai — 13,5 M Ft-tól",54,1,head,head,0,"Dongfeng Forthing T5 EVO: kompakt SUV, benzin hajtás, magyarországi listaár 13,5 millió Ft, 176 LE. Adatlap, változatok, garancia, kereskedők.",142,1,https://www.kinaiauto.com/modellek/dongfeng/forthing-t5-evo,"Dongfeng Forthing T5 EVO ára és adatai — 13,5 M Ft-tól","Dongfeng Forthing T5 EVO: kompakt SUV, benzin hajtás, magyarországi listaár 13,5 millió Ft, 176 LE. Adatlap, változatok, garancia, kereskedők.",https://minio.kinaiauto.com/car-photos/dongfeng/forthing-t5-evo/hero-1778753640495.jpg,website,summary_large_image,,5,1,Dongfeng Forthing T5 EVO,hu,4101,7.89,0,0,0,0,0,0
https://www.kinaiauto.com/modellek/jaecoo/jaecoo-7-shs-p,/modellek/*,200,200,,1.355,308883,51248,gzip,"public, max-age=0, must-revalidate",,,https://www.kinaiauto.com/modellek/jaecoo/jaecoo-7-shs-p,1,Y,"index, follow","Jaecoo 7 SHS-P ára és adatai — 13,0 M Ft-tól — kinaiauto.com",60,1,head,head,1,"Jaecoo 7 SHS-P: középméretű SUV, plug-in hibrid hajtás, magyarországi listaár 13,0–15,0 millió Ft, WLTP hatótáv 1200 km, 204 LE.",128,1,https://www.kinaiauto.com/modellek/jaecoo/jaecoo-7-shs-p,"Jaecoo 7 SHS-P ára és adatai — 13,0 M Ft-tól — kinaiauto.com","Jaecoo 7 SHS-P: középméretű SUV, plug-in hibrid hajtás, magyarországi listaár 13,0–15,0 millió Ft, WLTP hatótáv 1200 km, 204 LE.",https://minio.kinaiauto.com/car-photos/jaecoo/jaecoo-7-shs-p/exterior-1778674010270.png,website,summary_large_image,,5,1,Jaecoo 7 SHS-P,hu,5648,8.47,0,0,0,0,0,0
https://www.kinaiauto.com/modellek/geely/starray-em-i,/modellek/*,200,200,,1.652,285391,47982,gzip,"public, max-age=0, must-revalidate",,,https://www.kinaiauto.com/modellek/geely/starray-em-i,1,Y,"index, follow","Geely Starray EM-i ára és adatai — 13,0 M Ft-tól — kinaiauto.com",64,1,head,head,1,"Geely Starray EM-i: középméretű SUV, plug-in hibrid hajtás, magyarországi listaár 13,0–15,4 millió Ft, WLTP hatótáv 1055 km, 99 LE.",131,1,https://www.kinaiauto.com/modellek/geely/starray-em-i,"Geely Starray EM-i ára és adatai — 13,0 M Ft-tól — kinaiauto.com","Geely Starray EM-i: középméretű SUV, plug-in hibrid hajtás, magyarországi listaár 13,0–15,4 millió Ft, WLTP hatótáv 1055 km, 99 LE.",https://minio.kinaiauto.com/car-photos/geely/starray-em-i/hero-1778672165914.jpg,website,summary_large_image,,5,1,Geely Starray EM-i,hu,3791,8.38,0,0,0,0,0,0
https://www.kinaiauto.com/modellek/maxus/t60-max-pickup,/modellek/*,200,200,,1.35,284419,47888,gzip,"public, max-age=0, must-revalidate",,,https://www.kinaiauto.com/modellek/maxus/t60-max-pickup,1,Y,"index, follow","Maxus T60 MAX Pickup ára és adatai — 19,0 M Ft-tól",50,1,head,head,0,"Maxus T60 MAX Pickup: pickup, dízel hajtás, magyarországi listaár 19,0 millió Ft, 216 LE. Adatlap, változatok, garancia, kereskedők.",132,1,https://www.kinaiauto.com/modellek/maxus/t60-max-pickup,"Maxus T60 MAX Pickup ára és adatai — 19,0 M Ft-tól","Maxus T60 MAX Pickup: pickup, dízel hajtás, magyarországi listaár 19,0 millió Ft, 216 LE. Adatlap, változatok, garancia, kereskedők.",https://minio.kinaiauto.com/car-photos/maxus/t60-max-pickup/exterior-1778674838374.jpg,website,summary_large_image,,5,1,Maxus T60 MAX Pickup,hu,4368,8.27,0,0,0,0,0,0
https://www.kinaiauto.com/modellek/chery/tiggo-7,/modellek/*,200,200,,1.249,287510,48852,gzip,"public, max-age=0, must-revalidate",,,https://www.kinaiauto.com/modellek/chery/tiggo-7,1,Y,"index, follow","Chery Tiggo 7 ára és adatai — 13,5 M Ft-tól — kinaiauto.com",59,1,head,head,1,"Chery Tiggo 7: középméretű SUV, öntöltő hibrid hajtás, magyarországi listaár 13,5–15,5 millió Ft, WLTP hatótáv 90 km, 279 LE.",125,1,https://www.kinaiauto.com/modellek/chery/tiggo-7,"Chery Tiggo 7 ára és adatai — 13,5 M Ft-tól — kinaiauto.com","Chery Tiggo 7: középméretű SUV, öntöltő hibrid hajtás, magyarországi listaár 13,5–15,5 millió Ft, WLTP hatótáv 90 km, 279 LE.",https://minio.kinaiauto.com/car-photos/chery/tiggo-7/exterior-1778673385236.webp,website,summary_large_image,,5,1,Chery Tiggo 7,hu,4038,8.39,0,0,0,0,0,0
https://www.kinaiauto.com/modellek/voyah/courage-ev,/modellek/*,200,200,,1.055,291288,48618,gzip,"public, max-age=0, must-revalidate",,,https://www.kinaiauto.com/modellek/voyah/courage-ev,1,Y,"index, follow","Voyah Courage EV ára és adatai — 24,1 M Ft-tól — kinaiauto.com",62,1,head,head,1,"Voyah Courage EV: középméretű SUV, elektromos hajtás, magyarországi listaár 24,1 millió Ft, WLTP hatótáv 470 km, 430 LE.",120,1,https://www.kinaiauto.com/modellek/voyah/courage-ev,"Voyah Courage EV ára és adatai — 24,1 M Ft-tól — kinaiauto.com","Voyah Courage EV: középméretű SUV, elektromos hajtás, magyarországi listaár 24,1 millió Ft, WLTP hatótáv 470 km, 430 LE.",https://minio.kinaiauto.com/car-photos/voyah/courage-ev/hero-1778754958704.jpg,website,summary_large_image,,5,1,Voyah Courage EV,hu,3967,8.72,0,0,0,0,0,0
https://www.kinaiauto.com/modellek/leapmotor/lmb10phev,/modellek/*,200,200,,1.398,286501,47818,gzip,"public, max-age=0, must-revalidate",,,https://www.kinaiauto.com/modellek/leapmotor/lmb10phev,1,Y,"index, follow","Leapmotor B10 PHEV — ár, adatok, adatlap — kinaiauto.com",56,1,head,head,1,"Leapmotor B10 PHEV: kompakt SUV, plug-in hibrid hajtás, WLTP hatótáv 900 km, 217 LE. Adatlap, változatok, garancia, kereskedők.",127,1,https://www.kinaiauto.com/modellek/leapmotor/lmb10phev,"Leapmotor B10 PHEV — ár, adatok, adatlap — kinaiauto.com","Leapmotor B10 PHEV: kompakt SUV, plug-in hibrid hajtás, WLTP hatótáv 900 km, 217 LE. Adatlap, változatok, garancia, kereskedők.",https://minio.kinaiauto.com/car-photos/leapmotor/lmb10phev/exterior-1779515797888.png,website,summary_large_image,,5,1,Leapmotor B10 PHEV,hu,3898,8.55,0,0,0,0,0,0
https://www.kinaiauto.com/modellek/byd/seal-6-dm-i-touring,/modellek/*,200,200,,1.404,286761,47921,gzip,"public, max-age=0, must-revalidate",,,https://www.kinaiauto.com/modellek/byd/seal-6-dm-i-touring,1,Y,"index, follow","BYD Seal 6 DM-i Touring ára és adatai — 15,2 M Ft-tól",53,1,head,head,0,"BYD Seal 6 DM-i Touring: kombi, plug-in hibrid hajtás, magyarországi listaár 15,2–18,2 millió Ft, WLTP hatótáv 100 km, 212 LE.",126,1,https://www.kinaiauto.com/modellek/byd/seal-6-dm-i-touring,"BYD Seal 6 DM-i Touring ára és adatai — 15,2 M Ft-tól","BYD Seal 6 DM-i Touring: kombi, plug-in hibrid hajtás, magyarországi listaár 15,2–18,2 millió Ft, WLTP hatótáv 100 km, 212 LE.",https://minio.kinaiauto.com/car-photos/byd/seal-6-dm-i-touring/hero-1778762361947.webp,website,summary_large_image,,5,1,BYD Seal 6 DM-i Touring,hu,3861,8.15,0,0,0,0,0,0
https://www.kinaiauto.com/modellek/voyah/voy_freebev,/modellek/*,200,200,,1.058,283883,47371,gzip,"public, max-age=0, must-revalidate",,,https://www.kinaiauto.com/modellek/voyah/voy_freebev,1,Y,"index, follow","Voyah FREE BEV ára és adatai — 34,9 M Ft-tól — kinaiauto.com",60,1,head,head,1,"Voyah FREE BEV: nagy SUV, elektromos hajtás, magyarországi listaár 34,9 millió Ft, WLTP hatótáv 500 km, 490 LE. Adatlap, változatok, garancia, kereskedők.",154,1,https://www.kinaiauto.com/modellek/voyah/voy_freebev,"Voyah FREE BEV ára és adatai — 34,9 M Ft-tól — kinaiauto.com","Voyah FREE BEV: nagy SUV, elektromos hajtás, magyarországi listaár 34,9 millió Ft, WLTP hatótáv 500 km, 490 LE. Adatlap, változatok, garancia, kereskedők.",https://minio.kinaiauto.com/car-photos/voyah/voy_freebev/exterior-1778905784375.jpg,website,summary_large_image,,5,1,Voyah FREE BEV,hu,3639,8.8,0,0,0,0,0,0
https://www.kinaiauto.com/modellek/baic/baicx7,/modellek/*,200,200,,1.255,270884,45853,gzip,"public, max-age=0, must-revalidate",,,https://www.kinaiauto.com/modellek/baic/baicx7,1,Y,"index, follow","BAIC X7 ára és adatai — 13,0 M Ft-tól — kinaiauto.com",53,1,head,head,1,"BAIC X7: kompakt SUV, benzin hajtás, magyarországi listaár 13,0–15,0 millió Ft, 185 LE. Adatlap, változatok, garancia, kereskedők.",130,1,https://www.kinaiauto.com/modellek/baic/baicx7,"BAIC X7 ára és adatai — 13,0 M Ft-tól — kinaiauto.com","BAIC X7: kompakt SUV, benzin hajtás, magyarországi listaár 13,0–15,0 millió Ft, 185 LE. Adatlap, változatok, garancia, kereskedők.",https://minio.kinaiauto.com/car-photos/baic/baicx7/hero-1778770008228.jpg,website,summary_large_image,,5,1,BAIC X7,hu,3027,7.96,0,0,0,0,0,0
https://www.kinaiauto.com/modellek/dongfeng/df_df6,/modellek/*,200,200,,1.272,283659,47898,gzip,"public, max-age=0, must-revalidate",,,https://www.kinaiauto.com/modellek/dongfeng/df_df6,1,Y,"index, follow","Dongfeng DF6 ára és adatai — 12,0 M Ft-tól — kinaiauto.com",58,1,head,head,1,"Dongfeng DF6: pickup, dízel hajtás, magyarországi listaár 12,0 millió Ft, 163 LE. Adatlap, változatok, garancia, kereskedők.",124,1,https://www.kinaiauto.com/modellek/dongfeng/df_df6,"Dongfeng DF6 ára és adatai — 12,0 M Ft-tól — kinaiauto.com","Dongfeng DF6: pickup, dízel hajtás, magyarországi listaár 12,0 millió Ft, 163 LE. Adatlap, változatok, garancia, kereskedők.",https://minio.kinaiauto.com/car-photos/dongfeng/df_df6/exterior-1778914619629.webp,website,summary_large_image,,5,1,Dongfeng DF6,hu,4122,8.62,0,0,0,0,0,0
https://www.kinaiauto.com/modellek/nio/EL_8,/modellek/*,200,200,,1.399,282180,47028,gzip,"public, max-age=0, must-revalidate",,,https://www.kinaiauto.com/modellek/nio/EL_8,1,Y,"index, follow","NIO EL8 ára és adatai — 43,5 M Ft-tól — kinaiauto.com",53,1,head,head,1,"NIO EL8: nagy SUV, elektromos hajtás, magyarországi listaár 43,5 millió Ft, WLTP hatótáv 510 km, 653 LE. Adatlap, változatok, garancia, kereskedők.",147,1,https://www.kinaiauto.com/modellek/nio/EL_8,"NIO EL8 ára és adatai — 43,5 M Ft-tól — kinaiauto.com","NIO EL8: nagy SUV, elektromos hajtás, magyarországi listaár 43,5 millió Ft, WLTP hatótáv 510 km, 653 LE. Adatlap, változatok, garancia, kereskedők.",https://minio.kinaiauto.com/car-photos/nio/EL_8/hero-1778676778562.webp,website,summary_large_image,,5,1,NIO EL8,hu,3251,8.71,0,0,0,0,0,0
https://www.kinaiauto.com/modellek/dongfeng/fr_mhero917rev,/modellek/*,200,200,,1.171,288788,48384,gzip,"public, max-age=0, must-revalidate",,,https://www.kinaiauto.com/modellek/dongfeng/fr_mhero917rev,1,Y,"index, follow","Dongfeng MHERO 917 REV ára és adatai — 71,2 M Ft-tól",52,1,head,head,0,"Dongfeng MHERO 917 REV: nagy SUV, plug-in hibrid hajtás, magyarországi listaár 71,2 millió Ft, WLTP hatótáv 1026 km, 816 LE.",124,1,https://www.kinaiauto.com/modellek/dongfeng/fr_mhero917rev,"Dongfeng MHERO 917 REV ára és adatai — 71,2 M Ft-tól","Dongfeng MHERO 917 REV: nagy SUV, plug-in hibrid hajtás, magyarországi listaár 71,2 millió Ft, WLTP hatótáv 1026 km, 816 LE.",https://minio.kinaiauto.com/car-photos/dongfeng/fr_mhero917rev/exterior-1779516977084.webp,website,summary_large_image,,5,1,Dongfeng MHERO 917 REV,hu,4442,8.49,0,0,0,0,0,0
https://www.kinaiauto.com/modellek/omoda/omoda-e5,/modellek/*,200,200,,1.344,308405,51055,gzip,"public, max-age=0, must-revalidate",,,https://www.kinaiauto.com/modellek/omoda/omoda-e5,1,Y,"index, follow","Omoda E5 ára és adatai — 13,0 M Ft-tól — kinaiauto.com",54,1,head,head,1,"Omoda E5: kompakt SUV, elektromos hajtás, magyarországi listaár 13,0–14,5 millió Ft, WLTP hatótáv 430 km, 211 LE. Adatlap, változatok, garancia, kereskedők.",156,1,https://www.kinaiauto.com/modellek/omoda/omoda-e5,"Omoda E5 ára és adatai — 13,0 M Ft-tól — kinaiauto.com","Omoda E5: kompakt SUV, elektromos hajtás, magyarországi listaár 13,0–14,5 millió Ft, WLTP hatótáv 430 km, 211 LE. Adatlap, változatok, garancia, kereskedők.",https://minio.kinaiauto.com/car-photos/omoda/omoda-e5/hero-1778749523872.jpg,website,summary_large_image,,5,1,Omoda E5,hu,5498,8.44,0,0,0,0,0,0
https://www.kinaiauto.com/modellek/dongfeng/dfutour,/modellek/*,200,200,,1.295,290987,48926,gzip,"public, max-age=0, must-revalidate",,,https://www.kinaiauto.com/modellek/dongfeng/dfutour,1,Y,"index, follow","Dongfeng U Tour ára és adatai — 12,4 M Ft-tól — kinaiauto.com",61,1,head,head,1,"Dongfeng U Tour: egyterű / MPV, benzin hajtás, magyarországi listaár 12,4 millió Ft, 197 LE. Adatlap, változatok, garancia, kereskedők.",135,1,https://www.kinaiauto.com/modellek/dongfeng/dfutour,"Dongfeng U Tour ára és adatai — 12,4 M Ft-tól — kinaiauto.com","Dongfeng U Tour: egyterű / MPV, benzin hajtás, magyarországi listaár 12,4 millió Ft, 197 LE. Adatlap, változatok, garancia, kereskedők.",https://minio.kinaiauto.com/car-photos/dongfeng/dfutour/exterior-1778903159308.webp,website,summary_large_image,,5,1,Dongfeng U Tour,hu,4295,8.51,0,0,0,0,0,0
https://www.kinaiauto.com/modellek/mg/mg-cyberster,/modellek/*,200,200,,1.147,309528,51154,gzip,"public, max-age=0, must-revalidate",,,https://www.kinaiauto.com/modellek/mg/mg-cyberster,1,Y,"index, follow","MG Cyberster ára és adatai — 26,7 M Ft-tól — kinaiauto.com",58,1,head,head,1,"MG Cyberster: roadster, elektromos hajtás, magyarországi listaár 26,7–28,8 millió Ft, WLTP hatótáv 507 km, 510 LE. Adatlap, változatok, garancia, kereskedők.",157,1,https://www.kinaiauto.com/modellek/mg/mg-cyberster,"MG Cyberster ára és adatai — 26,7 M Ft-tól — kinaiauto.com","MG Cyberster: roadster, elektromos hajtás, magyarországi listaár 26,7–28,8 millió Ft, WLTP hatótáv 507 km, 510 LE. Adatlap, változatok, garancia, kereskedők.",https://minio.kinaiauto.com/car-photos/mg/mg-cyberster/hero-1778750129784.jpg,website,summary_large_image,,5,1,MG Cyberster,hu,4938,8.24,0,0,0,0,0,0
https://www.kinaiauto.com/modellek/byd/dolphin-surf,/modellek/*,200,200,,1.232,300766,49146,gzip,"public, max-age=0, must-revalidate",,,https://www.kinaiauto.com/modellek/byd/dolphin-surf,1,Y,"index, follow","BYD Dolphin Surf ára és adatai — 8,0 M Ft-tól — kinaiauto.com",61,1,head,head,1,"BYD Dolphin Surf: városi kisautó, elektromos hajtás, magyarországi listaár 8,0–10,5 millió Ft, WLTP hatótáv 220–322 km, 154 LE.",127,1,https://www.kinaiauto.com/modellek/byd/dolphin-surf,"BYD Dolphin Surf ára és adatai — 8,0 M Ft-tól — kinaiauto.com","BYD Dolphin Surf: városi kisautó, elektromos hajtás, magyarországi listaár 8,0–10,5 millió Ft, WLTP hatótáv 220–322 km, 154 LE.",https://minio.kinaiauto.com/car-photos/byd/dolphin-surf/hero-1778760800865.webp,website,summary_large_image,,5,1,BYD Dolphin Surf,hu,4268,8.1,0,0,0,0,0,0
