url,status,blocks,json_errors,types_top,types_nested,org_id,org_sameAs,org_logo,problems,expected,expect_ok,faq_like_content,faq_markup,faq_questions_not_visible,video_embed,video_markup
https://www.kinaiauto.com/,200,2,,Organization WebPage WebSite,ContactPoint Country ImageObject SpeakableSpecification,https://www.kinaiauto.com/#organization,MISSING,https://www.kinaiauto.com/icons/icon-512.png,Organization: sameAs has 0 profile(s),,,,N,,,N
https://www.kinaiauto.com/kinalat,200,3,,BreadcrumbList CollectionPage Organization WebSite,ContactPoint Country ImageObject ListItem,https://www.kinaiauto.com/#organization,MISSING,https://www.kinaiauto.com/icons/icon-512.png,Organization: sameAs has 0 profile(s),,,,N,,,N
https://www.kinaiauto.com/osszehasonlitas,200,3,,BreadcrumbList Organization WebPage WebSite,ContactPoint Country ImageObject ListItem,https://www.kinaiauto.com/#organization,MISSING,https://www.kinaiauto.com/icons/icon-512.png,Organization: sameAs has 0 profile(s),,,,N,,,N
https://www.kinaiauto.com/tudastar,200,4,,Article BreadcrumbList FAQPage Organization WebSite,Answer ContactPoint Country ImageObject ListItem Question,https://www.kinaiauto.com/#organization,MISSING,https://www.kinaiauto.com/icons/icon-512.png,Organization: sameAs has 0 profile(s),,,label=Gyakori kérdések; 7 question items; Magánemberként kell cégautóadót fizetni?; Magyarországon érdemes kínai autót venni?; Cégautóadó-mentes-e a kínai elektromos autó?,Y,0/6,,N
https://www.kinaiauto.com/markak/byd,200,6,,Brand BreadcrumbList CollectionPage FAQPage ItemList Organization WebSite,Answer ContactPoint Country ImageObject ListItem Question SpeakableSpecification,https://www.kinaiauto.com/#organization,MISSING,https://www.kinaiauto.com/icons/icon-512.png,Organization: sameAs has 0 profile(s),Brand|BreadcrumbList|Organization,Y,label=BYD: gyakori kérdések.; 5 question items; Milyen BYD modellek kaphatók Magyarországon?; Mennyibe kerül a legolcsóbb BYD?; Milyen hajtással kaphatók a BYD autók?,Y,0/5,,N
https://www.kinaiauto.com/markak/chery,200,6,,Brand BreadcrumbList CollectionPage FAQPage ItemList Organization WebSite,Answer ContactPoint Country ImageObject ListItem Question SpeakableSpecification,https://www.kinaiauto.com/#organization,MISSING,https://www.kinaiauto.com/icons/icon-512.png,Organization: sameAs has 0 profile(s),Brand|BreadcrumbList|Organization,Y,label=Chery: gyakori kérdések.; 5 question items; Milyen Chery modellek kaphatók Magyarországon?; Mennyibe kerül a legolcsóbb Chery?; Milyen hajtással kaphatók a Chery autók?,Y,0/5,,N
https://www.kinaiauto.com/markak/omoda,200,6,,Brand BreadcrumbList CollectionPage FAQPage ItemList Organization WebSite,Answer ContactPoint Country ImageObject ListItem Question SpeakableSpecification,https://www.kinaiauto.com/#organization,MISSING,https://www.kinaiauto.com/icons/icon-512.png,Organization: sameAs has 0 profile(s),Brand|BreadcrumbList|Organization,Y,label=Omoda: gyakori kérdések.; 5 question items; Milyen Omoda modellek kaphatók Magyarországon?; Mennyibe kerül a legolcsóbb Omoda?; Milyen hajtással kaphatók az Omoda autók?,Y,0/5,,N
https://www.kinaiauto.com/markak/jaecoo,200,6,,Brand BreadcrumbList CollectionPage FAQPage ItemList Organization WebSite,Answer ContactPoint Country ImageObject ListItem Question SpeakableSpecification,https://www.kinaiauto.com/#organization,MISSING,https://www.kinaiauto.com/icons/icon-512.png,Organization: sameAs has 0 profile(s),Brand|BreadcrumbList|Organization,Y,label=Jaecoo: gyakori kérdések.; 5 question items; Milyen Jaecoo modellek kaphatók Magyarországon?; Mennyibe kerül a legolcsóbb Jaecoo?; Milyen hajtással kaphatók a Jaecoo autók?,Y,0/5,,N
https://www.kinaiauto.com/markak/mg,200,6,,Brand BreadcrumbList CollectionPage FAQPage ItemList Organization WebSite,Answer ContactPoint Country ImageObject ListItem Question SpeakableSpecification,https://www.kinaiauto.com/#organization,MISSING,https://www.kinaiauto.com/icons/icon-512.png,Organization: sameAs has 0 profile(s),Brand|BreadcrumbList|Organization,Y,label=MG: gyakori kérdések.; 5 question items; Milyen MG modellek kaphatók Magyarországon?; Mennyibe kerül a legolcsóbb MG?; Milyen hajtással kaphatók az MG autók?,Y,0/5,,N
https://www.kinaiauto.com/markak/nio,200,6,,Brand BreadcrumbList CollectionPage FAQPage ItemList Organization WebSite,Answer ContactPoint Country ImageObject ListItem Question SpeakableSpecification,https://www.kinaiauto.com/#organization,MISSING,https://www.kinaiauto.com/icons/icon-512.png,Organization: sameAs has 0 profile(s),Brand|BreadcrumbList|Organization,Y,label=NIO: gyakori kérdések.; 5 question items; Milyen NIO modellek kaphatók Magyarországon?; Mennyibe kerül a legolcsóbb NIO?; Milyen hajtással kaphatók a NIO autók?,Y,0/5,,N
https://www.kinaiauto.com/markak/firefly,200,6,,Brand BreadcrumbList CollectionPage FAQPage ItemList Organization WebSite,Answer ContactPoint Country ImageObject ListItem Question SpeakableSpecification,https://www.kinaiauto.com/#organization,MISSING,https://www.kinaiauto.com/icons/icon-512.png,Organization: sameAs has 0 profile(s),Brand|BreadcrumbList|Organization,Y,label=Firefly: gyakori kérdések.; 4 question items; Milyen Firefly modellek kaphatók Magyarországon?; Milyen hajtással kaphatók a Firefly autók?; Ki a Firefly magyarországi importőre?,Y,0/4,,N
https://www.kinaiauto.com/markak/xpeng,200,6,,Brand BreadcrumbList CollectionPage FAQPage ItemList Organization WebSite,Answer ContactPoint Country ImageObject ListItem Question SpeakableSpecification,https://www.kinaiauto.com/#organization,MISSING,https://www.kinaiauto.com/icons/icon-512.png,Organization: sameAs has 0 profile(s),Brand|BreadcrumbList|Organization,Y,label=XPENG: gyakori kérdések.; 5 question items; Milyen XPENG modellek kaphatók Magyarországon?; Mennyibe kerül a legolcsóbb XPENG?; Milyen hajtással kaphatók az XPENG autók?,Y,0/5,,N
https://www.kinaiauto.com/markak/leapmotor,200,6,,Brand BreadcrumbList CollectionPage FAQPage ItemList Organization WebSite,Answer ContactPoint Country ImageObject ListItem Question SpeakableSpecification,https://www.kinaiauto.com/#organization,MISSING,https://www.kinaiauto.com/icons/icon-512.png,Organization: sameAs has 0 profile(s),Brand|BreadcrumbList|Organization,Y,label=Leapmotor: gyakori kérdések.; 5 question items; Milyen Leapmotor modellek kaphatók Magyarországon?; Mennyibe kerül a legolcsóbb Leapmotor?; Milyen hajtással kaphatók a Leapmotor autók?,Y,0/5,,N
https://www.kinaiauto.com/markak/geely,200,6,,Brand BreadcrumbList CollectionPage FAQPage ItemList Organization WebSite,Answer ContactPoint Country ImageObject ListItem Question SpeakableSpecification,https://www.kinaiauto.com/#organization,MISSING,https://www.kinaiauto.com/icons/icon-512.png,Organization: sameAs has 0 profile(s),Brand|BreadcrumbList|Organization,Y,label=Geely: gyakori kérdések.; 5 question items; Milyen Geely modellek kaphatók Magyarországon?; Mennyibe kerül a legolcsóbb Geely?; Milyen hajtással kaphatók a Geely autók?,Y,0/5,,N
https://www.kinaiauto.com/markak/dongfeng,200,6,,Brand BreadcrumbList CollectionPage FAQPage ItemList Organization WebSite,Answer ContactPoint Country ImageObject ListItem Question SpeakableSpecification,https://www.kinaiauto.com/#organization,MISSING,https://www.kinaiauto.com/icons/icon-512.png,Organization: sameAs has 0 profile(s),Brand|BreadcrumbList|Organization,Y,label=Dongfeng: gyakori kérdések.; 5 question items; Milyen Dongfeng modellek kaphatók Magyarországon?; Mennyibe kerül a legolcsóbb Dongfeng?; Milyen hajtással kaphatók a Dongfeng autók?,Y,0/5,,N
https://www.kinaiauto.com/markak/voyah,200,6,,Brand BreadcrumbList CollectionPage FAQPage ItemList Organization WebSite,Answer ContactPoint Country ImageObject ListItem Question SpeakableSpecification,https://www.kinaiauto.com/#organization,MISSING,https://www.kinaiauto.com/icons/icon-512.png,Organization: sameAs has 0 profile(s),Brand|BreadcrumbList|Organization,Y,label=Voyah: gyakori kérdések.; 5 question items; Milyen Voyah modellek kaphatók Magyarországon?; Mennyibe kerül a legolcsóbb Voyah?; Milyen hajtással kaphatók a Voyah autók?,Y,0/5,,N
https://www.kinaiauto.com/markak/baic,200,6,,Brand BreadcrumbList CollectionPage FAQPage ItemList Organization WebSite,Answer ContactPoint Country ImageObject ListItem Question SpeakableSpecification,https://www.kinaiauto.com/#organization,MISSING,https://www.kinaiauto.com/icons/icon-512.png,Organization: sameAs has 0 profile(s),Brand|BreadcrumbList|Organization,Y,label=BAIC: gyakori kérdések.; 5 question items; Milyen BAIC modellek kaphatók Magyarországon?; Mennyibe kerül a legolcsóbb BAIC?; Milyen hajtással kaphatók a BAIC autók?,Y,0/5,,N
https://www.kinaiauto.com/markak/maxus,200,6,,Brand BreadcrumbList CollectionPage FAQPage ItemList Organization WebSite,Answer ContactPoint Country ImageObject ListItem Question SpeakableSpecification,https://www.kinaiauto.com/#organization,MISSING,https://www.kinaiauto.com/icons/icon-512.png,Organization: sameAs has 0 profile(s),Brand|BreadcrumbList|Organization,Y,label=Maxus: gyakori kérdések.; 4 question items; Milyen Maxus modellek kaphatók Magyarországon?; Milyen hajtással kaphatók a Maxus autók?; Ki a Maxus magyarországi importőre?,Y,0/4,,N
https://www.kinaiauto.com/modellek/mg/mg3-hybrid-plus,200,5,,BreadcrumbList Car FAQPage ItemPage Organization WebSite,AggregateOffer Answer Brand ContactPoint Country EngineSpecification ImageObject ListItem PropertyValue QuantitativeValue Question SpeakableSpecification WarrantyPromise,https://www.kinaiauto.com/#organization,MISSING,https://www.kinaiauto.com/icons/icon-512.png,Organization: sameAs has 0 profile(s),BreadcrumbList|Car|Product,Y,"label=Gyakori kérdések.; 4 question items; Mennyibe kerül az MG3 Hybrid+ Magyarországon?; Mekkora az MG3 Hybrid+ csomagtartója, és hány ülése van?; Mennyi az MG3 Hybrid+ garanciája?",Y,0/4,,N
https://www.kinaiauto.com/modellek/dongfeng/forthing-t5-evo-hev,200,5,,BreadcrumbList Car FAQPage ItemPage Organization WebSite,AggregateOffer Answer Brand ContactPoint Country EngineSpecification ImageObject ListItem PropertyValue QuantitativeValue Question SpeakableSpecification,https://www.kinaiauto.com/#organization,MISSING,https://www.kinaiauto.com/icons/icon-512.png,Organization: sameAs has 0 profile(s),BreadcrumbList|Car|Product,Y,"label=Gyakori kérdések.; 3 question items; Mennyibe kerül a Dongfeng Forthing T5 EVO HEV Magyarországon?; Mekkora a Dongfeng Forthing T5 EVO HEV csomagtartója, és hány ülése van?; Hol kapható a Dongfeng Forthing T5 EVO HEV Magyarországon?",Y,0/3,,N
https://www.kinaiauto.com/modellek/byd/sealion-7,200,5,,BreadcrumbList Car FAQPage ItemPage Organization WebSite,AggregateOffer Answer Brand ContactPoint Country EngineSpecification ImageObject ListItem PropertyValue QuantitativeValue Question SpeakableSpecification,https://www.kinaiauto.com/#organization,MISSING,https://www.kinaiauto.com/icons/icon-512.png,Organization: sameAs has 0 profile(s),BreadcrumbList|Car|Product,Y,label=Gyakori kérdések.; 5 question items; Mennyibe kerül a BYD Sealion 7 Magyarországon?; Mekkora a BYD Sealion 7 hatótávja?; Milyen változatokban kapható a BYD Sealion 7?,Y,0/5,,N
https://www.kinaiauto.com/modellek/nio/el6,200,5,,BreadcrumbList Car FAQPage ItemPage Organization WebSite,AggregateOffer Answer Brand ContactPoint Country EngineSpecification ImageObject ListItem PropertyValue QuantitativeValue Question SpeakableSpecification,https://www.kinaiauto.com/#organization,MISSING,https://www.kinaiauto.com/icons/icon-512.png,Organization: sameAs has 0 profile(s),BreadcrumbList|Car|Product,Y,"label=Gyakori kérdések.; 4 question items; Mennyibe kerül a NIO EL6 Magyarországon?; Mekkora a NIO EL6 hatótávja?; Mekkora a NIO EL6 csomagtartója, és hány ülése van?",Y,0/4,,N
https://www.kinaiauto.com/modellek/byd/seal-u-dm-i,200,5,,BreadcrumbList Car FAQPage ItemPage Organization WebSite,AggregateOffer Answer Brand ContactPoint Country EngineSpecification ImageObject ListItem PropertyValue QuantitativeValue Question SpeakableSpecification,https://www.kinaiauto.com/#organization,MISSING,https://www.kinaiauto.com/icons/icon-512.png,Organization: sameAs has 0 profile(s),BreadcrumbList|Car|Product,Y,"label=Gyakori kérdések.; 4 question items; Mennyibe kerül a BYD Seal U DM-i Magyarországon?; Mekkora a BYD Seal U DM-i hatótávja?; Mekkora a BYD Seal U DM-i csomagtartója, és hány ülése van?",Y,0/4,,N
https://www.kinaiauto.com/modellek/chery/tiggo-9,200,5,,BreadcrumbList Car FAQPage ItemPage Organization WebSite,AggregateOffer Answer Brand ContactPoint Country EngineSpecification ImageObject ListItem PropertyValue QuantitativeValue Question SpeakableSpecification WarrantyPromise,https://www.kinaiauto.com/#organization,MISSING,https://www.kinaiauto.com/icons/icon-512.png,Organization: sameAs has 0 profile(s),BreadcrumbList|Car|Product,Y,"label=Gyakori kérdések.; 5 question items; Mennyibe kerül a Chery Tiggo 9 Magyarországon?; Mekkora a Chery Tiggo 9 hatótávja?; Mekkora a Chery Tiggo 9 csomagtartója, és hány ülése van?",Y,0/5,,N
https://www.kinaiauto.com/modellek/nio/et5-touring,200,5,,BreadcrumbList Car FAQPage ItemPage Organization WebSite,AggregateOffer Answer Brand ContactPoint Country EngineSpecification ImageObject ListItem PropertyValue QuantitativeValue Question SpeakableSpecification,https://www.kinaiauto.com/#organization,MISSING,https://www.kinaiauto.com/icons/icon-512.png,Organization: sameAs has 0 profile(s),BreadcrumbList|Car|Product,Y,"label=Gyakori kérdések.; 4 question items; Mennyibe kerül a NIO ET5 Touring Magyarországon?; Mekkora a NIO ET5 Touring hatótávja?; Mekkora a NIO ET5 Touring csomagtartója, és hány ülése van?",Y,0/4,,N
https://www.kinaiauto.com/modellek/leapmotor/t03,200,5,,BreadcrumbList Car FAQPage ItemPage Organization WebSite,AggregateOffer Answer Brand ContactPoint Country EngineSpecification ImageObject ListItem PropertyValue QuantitativeValue Question SpeakableSpecification WarrantyPromise,https://www.kinaiauto.com/#organization,MISSING,https://www.kinaiauto.com/icons/icon-512.png,Organization: sameAs has 0 profile(s),BreadcrumbList|Car|Product,Y,"label=Gyakori kérdések.; 5 question items; Mennyibe kerül a Leapmotor T03 Magyarországon?; Mekkora a Leapmotor T03 hatótávja?; Mekkora a Leapmotor T03 csomagtartója, és hány ülése van?",Y,0/5,,N
https://www.kinaiauto.com/modellek/omoda/omoda-9-shs-p,200,5,,BreadcrumbList Car FAQPage ItemPage Organization WebSite,AggregateOffer Answer Brand ContactPoint Country EngineSpecification ImageObject ListItem PropertyValue QuantitativeValue Question SpeakableSpecification WarrantyPromise,https://www.kinaiauto.com/#organization,MISSING,https://www.kinaiauto.com/icons/icon-512.png,Organization: sameAs has 0 profile(s),BreadcrumbList|Car|Product,Y,"label=Gyakori kérdések.; 5 question items; Mennyibe kerül az Omoda 9 SHS-P Magyarországon?; Mekkora az Omoda 9 SHS-P hatótávja?; Mekkora az Omoda 9 SHS-P csomagtartója, és hány ülése van?",Y,0/5,,N
https://www.kinaiauto.com/modellek/byd/seal,200,5,,BreadcrumbList Car FAQPage ItemPage Organization WebSite,AggregateOffer Answer Brand ContactPoint Country EngineSpecification ImageObject ListItem PropertyValue QuantitativeValue Question SpeakableSpecification,https://www.kinaiauto.com/#organization,MISSING,https://www.kinaiauto.com/icons/icon-512.png,Organization: sameAs has 0 profile(s),BreadcrumbList|Car|Product,Y,label=Gyakori kérdések.; 5 question items; Mennyibe kerül a BYD Seal Magyarországon?; Mekkora a BYD Seal hatótávja?; Milyen változatokban kapható a BYD Seal?,Y,0/5,,N
https://www.kinaiauto.com/modellek/byd/Sealion_5_DM-i,200,5,,BreadcrumbList Car FAQPage ItemPage Organization WebSite,AggregateOffer Answer Brand ContactPoint Country EngineSpecification ImageObject ListItem PropertyValue QuantitativeValue Question SpeakableSpecification,https://www.kinaiauto.com/#organization,MISSING,https://www.kinaiauto.com/icons/icon-512.png,Organization: sameAs has 0 profile(s),BreadcrumbList|Car|Product,Y,"label=Gyakori kérdések.; 4 question items; Mennyibe kerül a BYD Sealion 5 DM-i Magyarországon?; Mekkora a BYD Sealion 5 DM-i hatótávja?; Mekkora a BYD Sealion 5 DM-i csomagtartója, és hány ülése van?",Y,0/4,,N
https://www.kinaiauto.com/modellek/byd/atto-2-dm-i,200,5,,BreadcrumbList Car FAQPage ItemPage Organization WebSite,AggregateOffer Answer Brand ContactPoint Country EngineSpecification ImageObject ListItem PropertyValue QuantitativeValue Question SpeakableSpecification,https://www.kinaiauto.com/#organization,MISSING,https://www.kinaiauto.com/icons/icon-512.png,Organization: sameAs has 0 profile(s),BreadcrumbList|Car|Product,Y,"label=Gyakori kérdések.; 4 question items; Mennyibe kerül a BYD Atto 2 DM-i Magyarországon?; Mekkora a BYD Atto 2 DM-i hatótávja?; Mekkora a BYD Atto 2 DM-i csomagtartója, és hány ülése van?",Y,0/4,,N
https://www.kinaiauto.com/modellek/baic/baicbj60,200,5,,BreadcrumbList Car FAQPage ItemPage Organization WebSite,AggregateOffer Answer Brand ContactPoint Country EngineSpecification ImageObject ListItem PropertyValue QuantitativeValue Question SpeakableSpecification WarrantyPromise,https://www.kinaiauto.com/#organization,MISSING,https://www.kinaiauto.com/icons/icon-512.png,Organization: sameAs has 0 profile(s),BreadcrumbList|Car|Product,Y,"label=Gyakori kérdések.; 4 question items; Mennyibe kerül a BAIC BJ60 Magyarországon?; Mekkora a BAIC BJ60 csomagtartója, és hány ülése van?; Mennyi a BAIC BJ60 garanciája?",Y,0/4,,N
https://www.kinaiauto.com/modellek/dongfeng/dfmage,200,5,,BreadcrumbList Car FAQPage ItemPage Organization WebSite,AggregateOffer Answer Brand ContactPoint Country EngineSpecification ImageObject ListItem PropertyValue QuantitativeValue Question SpeakableSpecification WarrantyPromise,https://www.kinaiauto.com/#organization,MISSING,https://www.kinaiauto.com/icons/icon-512.png,Organization: sameAs has 0 profile(s),BreadcrumbList|Car|Product,Y,"label=Gyakori kérdések.; 4 question items; Mennyibe kerül a Dongfeng MAGE Magyarországon?; Mekkora a Dongfeng MAGE csomagtartója, és hány ülése van?; Mennyi a Dongfeng MAGE garanciája?",Y,0/4,,N
https://www.kinaiauto.com/modellek/voyah/voy_passion,200,5,,BreadcrumbList Car FAQPage ItemPage Organization WebSite,AggregateOffer Answer Brand ContactPoint Country EngineSpecification ImageObject ListItem PropertyValue QuantitativeValue Question SpeakableSpecification,https://www.kinaiauto.com/#organization,MISSING,https://www.kinaiauto.com/icons/icon-512.png,Organization: sameAs has 0 profile(s),BreadcrumbList|Car|Product,Y,label=Gyakori kérdések.; 2 question items; Mennyibe kerül a Voyah Passion PHEV Magyarországon?; Hol kapható a Voyah Passion PHEV Magyarországon?,Y,0/2,,N
https://www.kinaiauto.com/modellek/byd/atto3evo,200,5,,BreadcrumbList Car FAQPage ItemPage Organization WebSite,AggregateOffer Answer Brand ContactPoint Country EngineSpecification ImageObject ListItem PropertyValue QuantitativeValue Question SpeakableSpecification,https://www.kinaiauto.com/#organization,MISSING,https://www.kinaiauto.com/icons/icon-512.png,Organization: sameAs has 0 profile(s),BreadcrumbList|Car|Product,Y,label=Gyakori kérdések.; 5 question items; Mennyibe kerül a BYD Atto 3 EVO Magyarországon?; Mekkora a BYD Atto 3 EVO hatótávja?; Milyen változatokban kapható a BYD Atto 3 EVO?,Y,0/5,,N
https://www.kinaiauto.com/modellek/dongfeng/dfs7,200,5,,BreadcrumbList Car FAQPage ItemPage Organization WebSite,AggregateOffer Answer Brand ContactPoint Country EngineSpecification ImageObject ListItem PropertyValue QuantitativeValue Question SpeakableSpecification WarrantyPromise,https://www.kinaiauto.com/#organization,MISSING,https://www.kinaiauto.com/icons/icon-512.png,Organization: sameAs has 0 profile(s),BreadcrumbList|Car|Product,Y,"label=Gyakori kérdések.; 5 question items; Mennyibe kerül a Dongfeng S7 Magyarországon?; Mekkora a Dongfeng S7 hatótávja?; Mekkora a Dongfeng S7 csomagtartója, és hány ülése van?",Y,0/5,,N
https://www.kinaiauto.com/modellek/leapmotor/b10,200,5,,BreadcrumbList Car FAQPage ItemPage Organization WebSite,AggregateOffer Answer Brand ContactPoint Country EngineSpecification ImageObject ListItem PropertyValue QuantitativeValue Question SpeakableSpecification WarrantyPromise,https://www.kinaiauto.com/#organization,MISSING,https://www.kinaiauto.com/icons/icon-512.png,Organization: sameAs has 0 profile(s),BreadcrumbList|Car|Product,Y,label=Gyakori kérdések.; 6 question items; Mennyibe kerül a Leapmotor B10 Magyarországon?; Mekkora a Leapmotor B10 hatótávja?; Milyen változatokban kapható a Leapmotor B10?,Y,0/6,,N
https://www.kinaiauto.com/modellek/omoda/omoda-5,200,5,,BreadcrumbList Car FAQPage ItemPage Organization WebSite,AggregateOffer Answer Brand ContactPoint Country EngineSpecification ImageObject ListItem PropertyValue QuantitativeValue Question SpeakableSpecification WarrantyPromise,https://www.kinaiauto.com/#organization,MISSING,https://www.kinaiauto.com/icons/icon-512.png,Organization: sameAs has 0 profile(s),BreadcrumbList|Car|Product,Y,"label=Gyakori kérdések.; 5 question items; Mennyibe kerül az Omoda 5 Magyarországon?; Milyen változatokban kapható az Omoda 5?; Mekkora az Omoda 5 csomagtartója, és hány ülése van?",Y,0/5,,N
https://www.kinaiauto.com/modellek/xpeng/xpengg9,200,5,,BreadcrumbList Car FAQPage ItemPage Organization WebSite,AggregateOffer Answer Brand ContactPoint Country EngineSpecification ImageObject ListItem PropertyValue QuantitativeValue Question SpeakableSpecification,https://www.kinaiauto.com/#organization,MISSING,https://www.kinaiauto.com/icons/icon-512.png,Organization: sameAs has 0 profile(s),BreadcrumbList|Car|Product,Y,label=Gyakori kérdések.; 5 question items; Mennyibe kerül az XPENG X9 Magyarországon?; Mekkora az XPENG X9 hatótávja?; Milyen változatokban kapható az XPENG X9?,Y,0/5,,N
https://www.kinaiauto.com/modellek/voyah/voy_dreambev,200,5,,BreadcrumbList Car FAQPage ItemPage Organization WebSite,AggregateOffer Answer Brand ContactPoint Country EngineSpecification ImageObject ListItem PropertyValue QuantitativeValue Question SpeakableSpecification,https://www.kinaiauto.com/#organization,MISSING,https://www.kinaiauto.com/icons/icon-512.png,Organization: sameAs has 0 profile(s),BreadcrumbList|Car|Product,Y,"label=Gyakori kérdések.; 4 question items; Mennyibe kerül a Voyah DREAM BEV Magyarországon?; Mekkora a Voyah DREAM BEV hatótávja?; Mekkora a Voyah DREAM BEV csomagtartója, és hány ülése van?",Y,0/4,,N
https://www.kinaiauto.com/modellek/xpeng/g6,200,5,,BreadcrumbList Car FAQPage ItemPage Organization WebSite,AggregateOffer Answer Brand ContactPoint Country EngineSpecification ImageObject ListItem PropertyValue QuantitativeValue Question SpeakableSpecification,https://www.kinaiauto.com/#organization,MISSING,https://www.kinaiauto.com/icons/icon-512.png,Organization: sameAs has 0 profile(s),BreadcrumbList|Car|Product,Y,label=Gyakori kérdések.; 5 question items; Mennyibe kerül az XPENG G6 Magyarországon?; Mekkora az XPENG G6 hatótávja?; Milyen változatokban kapható az XPENG G6?,Y,0/5,,N
https://www.kinaiauto.com/modellek/mg/mg4-electric,200,5,,BreadcrumbList Car FAQPage ItemPage Organization WebSite,AggregateOffer Answer Brand ContactPoint Country EngineSpecification ImageObject ListItem PropertyValue QuantitativeValue Question SpeakableSpecification WarrantyPromise,https://www.kinaiauto.com/#organization,MISSING,https://www.kinaiauto.com/icons/icon-512.png,Organization: sameAs has 0 profile(s),BreadcrumbList|Car|Product,Y,label=Gyakori kérdések.; 6 question items; Mennyibe kerül az MG4 Electric Magyarországon?; Mekkora az MG4 Electric hatótávja?; Milyen változatokban kapható az MG4 Electric?,Y,0/6,,N
https://www.kinaiauto.com/modellek/mg/mgs5-ev,200,5,,BreadcrumbList Car FAQPage ItemPage Organization WebSite,AggregateOffer Answer Brand ContactPoint Country EngineSpecification ImageObject ListItem PropertyValue QuantitativeValue Question SpeakableSpecification WarrantyPromise,https://www.kinaiauto.com/#organization,MISSING,https://www.kinaiauto.com/icons/icon-512.png,Organization: sameAs has 0 profile(s),BreadcrumbList|Car|Product,Y,label=Gyakori kérdések.; 6 question items; Mennyibe kerül a MGS5 EV Magyarországon?; Mekkora a MGS5 EV hatótávja?; Milyen változatokban kapható a MGS5 EV?,Y,0/6,,N
https://www.kinaiauto.com/modellek/mg/mg-hs-hybrid-plus,200,5,,BreadcrumbList Car FAQPage ItemPage Organization WebSite,AggregateOffer Answer Brand ContactPoint Country EngineSpecification ImageObject ListItem PropertyValue QuantitativeValue Question SpeakableSpecification WarrantyPromise,https://www.kinaiauto.com/#organization,MISSING,https://www.kinaiauto.com/icons/icon-512.png,Organization: sameAs has 0 profile(s),BreadcrumbList|Car|Product,Y,"label=Gyakori kérdések.; 4 question items; Mennyibe kerül az MG HS Hybrid+ Magyarországon?; Mekkora az MG HS Hybrid+ csomagtartója, és hány ülése van?; Mennyi az MG HS Hybrid+ garanciája?",Y,0/4,,N
https://www.kinaiauto.com/modellek/mg/mg-hs-phev,200,5,,BreadcrumbList Car FAQPage ItemPage Organization WebSite,AggregateOffer Answer Brand ContactPoint Country EngineSpecification ImageObject ListItem PropertyValue QuantitativeValue Question SpeakableSpecification WarrantyPromise,https://www.kinaiauto.com/#organization,MISSING,https://www.kinaiauto.com/icons/icon-512.png,Organization: sameAs has 0 profile(s),BreadcrumbList|Car|Product,Y,"label=Gyakori kérdések.; 5 question items; Mennyibe kerül az MG HS PHEV Magyarországon?; Mekkora az MG HS PHEV hatótávja?; Mekkora az MG HS PHEV csomagtartója, és hány ülése van?",Y,0/5,,N
https://www.kinaiauto.com/modellek/dongfeng/dfshine,200,5,,BreadcrumbList Car FAQPage ItemPage Organization WebSite,AggregateOffer Answer Brand ContactPoint Country EngineSpecification ImageObject ListItem PropertyValue QuantitativeValue Question SpeakableSpecification WarrantyPromise,https://www.kinaiauto.com/#organization,MISSING,https://www.kinaiauto.com/icons/icon-512.png,Organization: sameAs has 0 profile(s),BreadcrumbList|Car|Product,Y,"label=Gyakori kérdések.; 4 question items; Mennyibe kerül a Dongfeng Shine Magyarországon?; Mekkora a Dongfeng Shine csomagtartója, és hány ülése van?; Mennyi a Dongfeng Shine garanciája?",Y,0/4,,N
https://www.kinaiauto.com/modellek/voyah/dream-phev,200,5,,BreadcrumbList Car FAQPage ItemPage Organization WebSite,AggregateOffer Answer Brand ContactPoint Country EngineSpecification ImageObject ListItem PropertyValue QuantitativeValue Question SpeakableSpecification,https://www.kinaiauto.com/#organization,MISSING,https://www.kinaiauto.com/icons/icon-512.png,Organization: sameAs has 0 profile(s),BreadcrumbList|Car|Product,Y,"label=Gyakori kérdések.; 4 question items; Mennyibe kerül a Voyah Dream PHEV Magyarországon?; Mekkora a Voyah Dream PHEV hatótávja?; Mekkora a Voyah Dream PHEV csomagtartója, és hány ülése van?",Y,0/4,,N
https://www.kinaiauto.com/modellek/dongfeng/dfmherobev,200,5,,BreadcrumbList Car FAQPage ItemPage Organization WebSite,Answer Brand ContactPoint Country EngineSpecification ImageObject ListItem PropertyValue QuantitativeValue Question SpeakableSpecification,https://www.kinaiauto.com/#organization,MISSING,https://www.kinaiauto.com/icons/icon-512.png,Organization: sameAs has 0 profile(s),BreadcrumbList|Car|Product,Y,"label=Gyakori kérdések.; 3 question items; Mekkora a Dongfeng MHERO 917 BEV hatótávja?; Mekkora a Dongfeng MHERO 917 BEV csomagtartója, és hány ülése van?; Hol kapható a Dongfeng MHERO 917 BEV Magyarországon?",Y,0/3,,N
https://www.kinaiauto.com/modellek/byd/seal-u,200,5,,BreadcrumbList Car FAQPage ItemPage Organization WebSite,AggregateOffer Answer Brand ContactPoint Country EngineSpecification ImageObject ListItem PropertyValue QuantitativeValue Question SpeakableSpecification,https://www.kinaiauto.com/#organization,MISSING,https://www.kinaiauto.com/icons/icon-512.png,Organization: sameAs has 0 profile(s),BreadcrumbList|Car|Product,Y,label=Gyakori kérdések.; 5 question items; Mennyibe kerül a BYD Seal U Magyarországon?; Mekkora a BYD Seal U hatótávja?; Milyen változatokban kapható a BYD Seal U?,Y,0/5,,N
https://www.kinaiauto.com/modellek/nio/et5,200,5,,BreadcrumbList Car FAQPage ItemPage Organization WebSite,AggregateOffer Answer Brand ContactPoint Country EngineSpecification ImageObject ListItem PropertyValue QuantitativeValue Question SpeakableSpecification,https://www.kinaiauto.com/#organization,MISSING,https://www.kinaiauto.com/icons/icon-512.png,Organization: sameAs has 0 profile(s),BreadcrumbList|Car|Product,Y,"label=Gyakori kérdések.; 4 question items; Mennyibe kerül a NIO ET5 Magyarországon?; Mekkora a NIO ET5 hatótávja?; Mekkora a NIO ET5 csomagtartója, és hány ülése van?",Y,0/4,,N
https://www.kinaiauto.com/modellek/geely/e5,200,5,,BreadcrumbList Car FAQPage ItemPage Organization WebSite,AggregateOffer Answer Brand ContactPoint Country EngineSpecification ImageObject ListItem PropertyValue QuantitativeValue Question SpeakableSpecification WarrantyPromise,https://www.kinaiauto.com/#organization,MISSING,https://www.kinaiauto.com/icons/icon-512.png,Organization: sameAs has 0 profile(s),BreadcrumbList|Car|Product,Y,label=Gyakori kérdések.; 6 question items; Mennyibe kerül a Geely E5 Magyarországon?; Mekkora a Geely E5 hatótávja?; Milyen változatokban kapható a Geely E5?,Y,0/6,,N
https://www.kinaiauto.com/modellek/leapmotor/c10,200,5,,BreadcrumbList Car FAQPage ItemPage Organization WebSite,AggregateOffer Answer Brand ContactPoint Country EngineSpecification ImageObject ListItem PropertyValue QuantitativeValue Question SpeakableSpecification WarrantyPromise,https://www.kinaiauto.com/#organization,MISSING,https://www.kinaiauto.com/icons/icon-512.png,Organization: sameAs has 0 profile(s),BreadcrumbList|Car|Product,Y,label=Gyakori kérdések.; 6 question items; Mennyibe kerül a Leapmotor C10 Magyarországon?; Mekkora a Leapmotor C10 hatótávja?; Milyen változatokban kapható a Leapmotor C10?,Y,0/6,,N
https://www.kinaiauto.com/modellek/mg/mg-zs-hybrid-plus,200,5,,BreadcrumbList Car FAQPage ItemPage Organization WebSite,AggregateOffer Answer Brand ContactPoint Country EngineSpecification ImageObject ListItem PropertyValue QuantitativeValue Question SpeakableSpecification WarrantyPromise,https://www.kinaiauto.com/#organization,MISSING,https://www.kinaiauto.com/icons/icon-512.png,Organization: sameAs has 0 profile(s),BreadcrumbList|Car|Product,Y,"label=Gyakori kérdések.; 4 question items; Mennyibe kerül az MG ZS Hybrid+ Magyarországon?; Mekkora az MG ZS Hybrid+ csomagtartója, és hány ülése van?; Mennyi az MG ZS Hybrid+ garanciája?",Y,0/4,,N
https://www.kinaiauto.com/modellek/jaecoo/jaecoo-5,200,5,,BreadcrumbList Car FAQPage ItemPage Organization WebSite,AggregateOffer Answer Brand ContactPoint Country EngineSpecification ImageObject ListItem PropertyValue QuantitativeValue Question SpeakableSpecification WarrantyPromise,https://www.kinaiauto.com/#organization,MISSING,https://www.kinaiauto.com/icons/icon-512.png,Organization: sameAs has 0 profile(s),BreadcrumbList|Car|Product,Y,"label=Gyakori kérdések.; 4 question items; Mennyibe kerül a Jaecoo 5 Magyarországon?; Mekkora a Jaecoo 5 csomagtartója, és hány ülése van?; Mennyi a Jaecoo 5 garanciája?",Y,0/4,,N
https://www.kinaiauto.com/modellek/dongfeng/dfbox,200,5,,BreadcrumbList Car FAQPage ItemPage Organization WebSite,AggregateOffer Answer Brand ContactPoint Country EngineSpecification ImageObject ListItem PropertyValue QuantitativeValue Question SpeakableSpecification,https://www.kinaiauto.com/#organization,MISSING,https://www.kinaiauto.com/icons/icon-512.png,Organization: sameAs has 0 profile(s),BreadcrumbList|Car|Product,Y,label=Gyakori kérdések.; 5 question items; Mennyibe kerül a Dongfeng Box Magyarországon?; Mekkora a Dongfeng Box hatótávja?; Milyen változatokban kapható a Dongfeng Box ?,Y,0/5,,N
https://www.kinaiauto.com/modellek/xpeng/g9,200,5,,BreadcrumbList Car FAQPage ItemPage Organization WebSite,AggregateOffer Answer Brand ContactPoint Country EngineSpecification ImageObject ListItem PropertyValue QuantitativeValue Question SpeakableSpecification,https://www.kinaiauto.com/#organization,MISSING,https://www.kinaiauto.com/icons/icon-512.png,Organization: sameAs has 0 profile(s),BreadcrumbList|Car|Product,Y,label=Gyakori kérdések.; 5 question items; Mennyibe kerül az XPENG G9 Magyarországon?; Mekkora az XPENG G9 hatótávja?; Milyen változatokban kapható az XPENG G9?,Y,0/5,,N
https://www.kinaiauto.com/modellek/byd/atto-2,200,5,,BreadcrumbList Car FAQPage ItemPage Organization WebSite,AggregateOffer Answer Brand ContactPoint Country EngineSpecification ImageObject ListItem PropertyValue QuantitativeValue Question SpeakableSpecification,https://www.kinaiauto.com/#organization,MISSING,https://www.kinaiauto.com/icons/icon-512.png,Organization: sameAs has 0 profile(s),BreadcrumbList|Car|Product,Y,label=Gyakori kérdések.; 5 question items; Mennyibe kerül a BYD Atto 2 Magyarországon?; Mekkora a BYD Atto 2 hatótávja?; Milyen változatokban kapható a BYD Atto 2?,Y,0/5,,N
https://www.kinaiauto.com/modellek/dongfeng/forthing-u-tour-hev,200,5,,BreadcrumbList Car FAQPage ItemPage Organization WebSite,AggregateOffer Answer Brand ContactPoint Country EngineSpecification ImageObject ListItem PropertyValue QuantitativeValue Question SpeakableSpecification,https://www.kinaiauto.com/#organization,MISSING,https://www.kinaiauto.com/icons/icon-512.png,Organization: sameAs has 0 profile(s),BreadcrumbList|Car|Product,Y,"label=Gyakori kérdések.; 3 question items; Mennyibe kerül a Dongfeng Forthing U-Tour HEV Magyarországon?; Mekkora a Dongfeng Forthing U-Tour HEV csomagtartója, és hány ülése van?; Hol kapható a Dongfeng Forthing U-Tour HEV Magyarországon?",Y,0/3,,N
https://www.kinaiauto.com/modellek/voyah/free-rev-318,200,5,,BreadcrumbList Car FAQPage ItemPage Organization WebSite,AggregateOffer Answer Brand ContactPoint Country EngineSpecification ImageObject ListItem PropertyValue QuantitativeValue Question SpeakableSpecification,https://www.kinaiauto.com/#organization,MISSING,https://www.kinaiauto.com/icons/icon-512.png,Organization: sameAs has 0 profile(s),BreadcrumbList|Car|Product,Y,"label=Gyakori kérdések.; 4 question items; Mennyibe kerül a Voyah Free REV 318 Magyarországon?; Mekkora a Voyah Free REV 318 hatótávja?; Mekkora a Voyah Free REV 318 csomagtartója, és hány ülése van?",Y,0/4,,N
https://www.kinaiauto.com/modellek/jaecoo/jaecoo-7,200,5,,BreadcrumbList Car FAQPage ItemPage Organization WebSite,AggregateOffer Answer Brand ContactPoint Country EngineSpecification ImageObject ListItem PropertyValue QuantitativeValue Question SpeakableSpecification WarrantyPromise,https://www.kinaiauto.com/#organization,MISSING,https://www.kinaiauto.com/icons/icon-512.png,Organization: sameAs has 0 profile(s),BreadcrumbList|Car|Product,Y,"label=Gyakori kérdések.; 4 question items; Mennyibe kerül a Jaecoo 7 Magyarországon?; Mekkora a Jaecoo 7 csomagtartója, és hány ülése van?; Mennyi a Jaecoo 7 garanciája?",Y,0/4,,N
https://www.kinaiauto.com/modellek/jaecoo/jaecoo-5-ev,200,5,,BreadcrumbList Car FAQPage ItemPage Organization WebSite,AggregateOffer Answer Brand ContactPoint Country EngineSpecification ImageObject ListItem PropertyValue QuantitativeValue Question SpeakableSpecification WarrantyPromise,https://www.kinaiauto.com/#organization,MISSING,https://www.kinaiauto.com/icons/icon-512.png,Organization: sameAs has 0 profile(s),BreadcrumbList|Car|Product,Y,"label=Gyakori kérdések.; 5 question items; Mennyibe kerül a Jaecoo 5 ev Magyarországon?; Mekkora a Jaecoo 5 ev hatótávja?; Mekkora a Jaecoo 5 ev csomagtartója, és hány ülése van?",Y,0/5,,N
https://www.kinaiauto.com/modellek/chery/tiggo-8,200,5,,BreadcrumbList Car FAQPage ItemPage Organization WebSite,AggregateOffer Answer Brand ContactPoint Country EngineSpecification ImageObject ListItem PropertyValue QuantitativeValue Question SpeakableSpecification WarrantyPromise,https://www.kinaiauto.com/#organization,MISSING,https://www.kinaiauto.com/icons/icon-512.png,Organization: sameAs has 0 profile(s),BreadcrumbList|Car|Product,Y,"label=Gyakori kérdések.; 4 question items; Mennyibe kerül a Chery Tiggo 8 Magyarországon?; Mekkora a Chery Tiggo 8 csomagtartója, és hány ülése van?; Mennyi a Chery Tiggo 8 garanciája?",Y,0/4,,N
https://www.kinaiauto.com/modellek/chery/tiggo-4,200,5,,BreadcrumbList Car FAQPage ItemPage Organization WebSite,AggregateOffer Answer Brand ContactPoint Country EngineSpecification ImageObject ListItem PropertyValue QuantitativeValue Question SpeakableSpecification WarrantyPromise,https://www.kinaiauto.com/#organization,MISSING,https://www.kinaiauto.com/icons/icon-512.png,Organization: sameAs has 0 profile(s),BreadcrumbList|Car|Product,Y,"label=Gyakori kérdések.; 4 question items; Mennyibe kerül a Chery Tiggo 4 Magyarországon?; Mekkora a Chery Tiggo 4 csomagtartója, és hány ülése van?; Mennyi a Chery Tiggo 4 garanciája?",Y,0/4,,N
https://www.kinaiauto.com/modellek/byd/tang,200,5,,BreadcrumbList Car FAQPage ItemPage Organization WebSite,AggregateOffer Answer Brand ContactPoint Country EngineSpecification ImageObject ListItem PropertyValue QuantitativeValue Question SpeakableSpecification,https://www.kinaiauto.com/#organization,MISSING,https://www.kinaiauto.com/icons/icon-512.png,Organization: sameAs has 0 profile(s),BreadcrumbList|Car|Product,Y,"label=Gyakori kérdések.; 4 question items; Mennyibe kerül a BYD Tang Magyarországon?; Mekkora a BYD Tang hatótávja?; Mekkora a BYD Tang csomagtartója, és hány ülése van?",Y,0/4,,N
https://www.kinaiauto.com/modellek/firefly/firefly,200,5,,BreadcrumbList Car FAQPage ItemPage Organization WebSite,AggregateOffer Answer Brand ContactPoint Country EngineSpecification ImageObject ListItem PropertyValue QuantitativeValue Question SpeakableSpecification,https://www.kinaiauto.com/#organization,MISSING,https://www.kinaiauto.com/icons/icon-512.png,Organization: sameAs has 0 profile(s),BreadcrumbList|Car|Product,Y,"label=Gyakori kérdések.; 4 question items; Mennyibe kerül a Firefly Magyarországon?; Mekkora a Firefly hatótávja?; Mekkora a Firefly csomagtartója, és hány ülése van?",Y,0/4,,N
https://www.kinaiauto.com/modellek/mg/zs,200,5,,BreadcrumbList Car FAQPage ItemPage Organization WebSite,AggregateOffer Answer Brand ContactPoint Country EngineSpecification ImageObject ListItem PropertyValue QuantitativeValue Question SpeakableSpecification WarrantyPromise,https://www.kinaiauto.com/#organization,MISSING,https://www.kinaiauto.com/icons/icon-512.png,Organization: sameAs has 0 profile(s),BreadcrumbList|Car|Product,Y,"label=Gyakori kérdések.; 4 question items; Mennyibe kerül az MG ZS Magyarországon?; Mekkora az MG ZS csomagtartója, és hány ülése van?; Mennyi az MG ZS garanciája?",Y,0/4,,N
https://www.kinaiauto.com/modellek/byd/atto-3,200,5,,BreadcrumbList Car FAQPage ItemPage Organization WebSite,AggregateOffer Answer Brand ContactPoint Country EngineSpecification ImageObject ListItem PropertyValue QuantitativeValue Question SpeakableSpecification,https://www.kinaiauto.com/#organization,MISSING,https://www.kinaiauto.com/icons/icon-512.png,Organization: sameAs has 0 profile(s),BreadcrumbList|Car|Product,Y,"label=Gyakori kérdések.; 4 question items; Mennyibe kerül a BYD Atto 3 Magyarországon?; Mekkora a BYD Atto 3 hatótávja?; Mekkora a BYD Atto 3 csomagtartója, és hány ülése van?",Y,0/4,,N
https://www.kinaiauto.com/modellek/baic/x55,200,5,,BreadcrumbList Car FAQPage ItemPage Organization WebSite,AggregateOffer Answer Brand ContactPoint Country EngineSpecification ImageObject ListItem PropertyValue QuantitativeValue Question SpeakableSpecification,https://www.kinaiauto.com/#organization,MISSING,https://www.kinaiauto.com/icons/icon-512.png,Organization: sameAs has 0 profile(s),BreadcrumbList|Car|Product,Y,"label=Gyakori kérdések.; 3 question items; Mennyibe kerül a BAIC X55 Magyarországon?; Mekkora a BAIC X55 csomagtartója, és hány ülése van?; Hol kapható a BAIC X55 Magyarországon?",Y,0/3,,N
https://www.kinaiauto.com/modellek/leapmotor/c10-hibrid-ev,200,5,,BreadcrumbList Car FAQPage ItemPage Organization WebSite,AggregateOffer Answer Brand ContactPoint Country EngineSpecification ImageObject ListItem PropertyValue QuantitativeValue Question SpeakableSpecification WarrantyPromise,https://www.kinaiauto.com/#organization,MISSING,https://www.kinaiauto.com/icons/icon-512.png,Organization: sameAs has 0 profile(s),BreadcrumbList|Car|Product,Y,"label=Gyakori kérdések.; 5 question items; Mennyibe kerül a Leapmotor C10 Hibrid-EV Magyarországon?; Mekkora a Leapmotor C10 Hibrid-EV hatótávja?; Mekkora a Leapmotor C10 Hibrid-EV csomagtartója, és hány ülése van?",Y,0/5,,N
https://www.kinaiauto.com/modellek/dongfeng/shine-gs,200,5,,BreadcrumbList Car FAQPage ItemPage Organization WebSite,AggregateOffer Answer Brand ContactPoint Country EngineSpecification ImageObject ListItem PropertyValue QuantitativeValue Question SpeakableSpecification,https://www.kinaiauto.com/#organization,MISSING,https://www.kinaiauto.com/icons/icon-512.png,Organization: sameAs has 0 profile(s),BreadcrumbList|Car|Product,Y,"label=Gyakori kérdések.; 3 question items; Mennyibe kerül a Dongfeng Shine GS Magyarországon?; Mekkora a Dongfeng Shine GS csomagtartója, és hány ülése van?; Hol kapható a Dongfeng Shine GS Magyarországon?",Y,0/3,,N
https://www.kinaiauto.com/modellek/omoda/omoda-5-shs-h,200,5,,BreadcrumbList Car FAQPage ItemPage Organization WebSite,AggregateOffer Answer Brand ContactPoint Country EngineSpecification ImageObject ListItem PropertyValue QuantitativeValue Question SpeakableSpecification WarrantyPromise,https://www.kinaiauto.com/#organization,MISSING,https://www.kinaiauto.com/icons/icon-512.png,Organization: sameAs has 0 profile(s),BreadcrumbList|Car|Product,Y,"label=Gyakori kérdések.; 4 question items; Mennyibe kerül az Omoda 5 SHS-H Magyarországon?; Mekkora az Omoda 5 SHS-H csomagtartója, és hány ülése van?; Mennyi az Omoda 5 SHS-H garanciája?",Y,0/4,,N
https://www.kinaiauto.com/modellek/baic/bj30e,200,5,,BreadcrumbList Car FAQPage ItemPage Organization WebSite,AggregateOffer Answer Brand ContactPoint Country EngineSpecification ImageObject ListItem PropertyValue QuantitativeValue Question SpeakableSpecification WarrantyPromise,https://www.kinaiauto.com/#organization,MISSING,https://www.kinaiauto.com/icons/icon-512.png,Organization: sameAs has 0 profile(s),BreadcrumbList|Car|Product,Y,"label=Gyakori kérdések.; 4 question items; Mennyibe kerül a BAIC BJ30e Magyarországon?; Mekkora a BAIC BJ30e csomagtartója, és hány ülése van?; Mennyi a BAIC BJ30e garanciája?",Y,0/4,,N
https://www.kinaiauto.com/modellek/omoda/omoda-7-shs,200,5,,BreadcrumbList Car FAQPage ItemPage Organization WebSite,Answer Brand ContactPoint Country EngineSpecification ImageObject ListItem PropertyValue QuantitativeValue Question SpeakableSpecification,https://www.kinaiauto.com/#organization,MISSING,https://www.kinaiauto.com/icons/icon-512.png,Organization: sameAs has 0 profile(s),BreadcrumbList|Car|Product,Y,"label=Gyakori kérdések.; 4 question items; Mekkora az Omoda 7 SHS hatótávja?; Mekkora az Omoda 7 SHS csomagtartója, és hány ülése van?; Mennyi az Omoda 7 SHS garanciája?",Y,0/4,,N
https://www.kinaiauto.com/modellek/byd/seal-6-dm-i,200,5,,BreadcrumbList Car FAQPage ItemPage Organization WebSite,AggregateOffer Answer Brand ContactPoint Country EngineSpecification ImageObject ListItem PropertyValue QuantitativeValue Question SpeakableSpecification,https://www.kinaiauto.com/#organization,MISSING,https://www.kinaiauto.com/icons/icon-512.png,Organization: sameAs has 0 profile(s),BreadcrumbList|Car|Product,Y,"label=Gyakori kérdések.; 4 question items; Mennyibe kerül a BYD Seal 6 DM-i Magyarországon?; Mekkora a BYD Seal 6 DM-i hatótávja?; Mekkora a BYD Seal 6 DM-i csomagtartója, és hány ülése van?",Y,0/4,,N
https://www.kinaiauto.com/modellek/mg/hs,200,5,,BreadcrumbList Car FAQPage ItemPage Organization WebSite,AggregateOffer Answer Brand ContactPoint Country EngineSpecification ImageObject ListItem PropertyValue QuantitativeValue Question SpeakableSpecification WarrantyPromise,https://www.kinaiauto.com/#organization,MISSING,https://www.kinaiauto.com/icons/icon-512.png,Organization: sameAs has 0 profile(s),BreadcrumbList|Car|Product,Y,"label=Gyakori kérdések.; 4 question items; Mennyibe kerül az MG HS Magyarországon?; Mekkora az MG HS csomagtartója, és hány ülése van?; Mennyi az MG HS garanciája?",Y,0/4,,N
https://www.kinaiauto.com/modellek/byd/dolphin,200,5,,BreadcrumbList Car FAQPage ItemPage Organization WebSite,AggregateOffer Answer Brand ContactPoint Country EngineSpecification ImageObject ListItem PropertyValue QuantitativeValue Question SpeakableSpecification,https://www.kinaiauto.com/#organization,MISSING,https://www.kinaiauto.com/icons/icon-512.png,Organization: sameAs has 0 profile(s),BreadcrumbList|Car|Product,Y,"label=Gyakori kérdések.; 4 question items; Mennyibe kerül a BYD Dolphin Magyarországon?; Mekkora a BYD Dolphin hatótávja?; Mekkora a BYD Dolphin csomagtartója, és hány ülése van?",Y,0/4,,N
https://www.kinaiauto.com/modellek/xpeng/p7-plus,200,5,,BreadcrumbList Car FAQPage ItemPage Organization WebSite,AggregateOffer Answer Brand ContactPoint Country EngineSpecification ImageObject ListItem PropertyValue QuantitativeValue Question SpeakableSpecification,https://www.kinaiauto.com/#organization,MISSING,https://www.kinaiauto.com/icons/icon-512.png,Organization: sameAs has 0 profile(s),BreadcrumbList|Car|Product,Y,label=Gyakori kérdések.; 5 question items; Mennyibe kerül az XPENG P7+ Magyarországon?; Mekkora az XPENG P7+ hatótávja?; Milyen változatokban kapható az XPENG P7+?,Y,0/5,,N
https://www.kinaiauto.com/modellek/dongfeng/dfutourv9phev,200,5,,BreadcrumbList Car FAQPage ItemPage Organization WebSite,AggregateOffer Answer Brand ContactPoint Country EngineSpecification ImageObject ListItem PropertyValue QuantitativeValue Question SpeakableSpecification WarrantyPromise,https://www.kinaiauto.com/#organization,MISSING,https://www.kinaiauto.com/icons/icon-512.png,Organization: sameAs has 0 profile(s),BreadcrumbList|Car|Product,Y,"label=Gyakori kérdések.; 4 question items; Mennyibe kerül a Dongfeng U Tour V9 PHEV Magyarországon?; Mekkora a Dongfeng U Tour V9 PHEV csomagtartója, és hány ülése van?; Mennyi a Dongfeng U Tour V9 PHEV garanciája?",Y,0/4,,N
https://www.kinaiauto.com/modellek/dongfeng/df_t5evo_ev,200,5,,BreadcrumbList Car FAQPage ItemPage Organization WebSite,AggregateOffer Answer Brand ContactPoint Country EngineSpecification ImageObject ListItem PropertyValue QuantitativeValue Question SpeakableSpecification WarrantyPromise,https://www.kinaiauto.com/#organization,MISSING,https://www.kinaiauto.com/icons/icon-512.png,Organization: sameAs has 0 profile(s),BreadcrumbList|Car|Product,Y,"label=Gyakori kérdések.; 5 question items; Mennyibe kerül a Dongfeng T5 EVO EV Magyarországon?; Mekkora a Dongfeng T5 EVO EV hatótávja?; Mekkora a Dongfeng T5 EVO EV csomagtartója, és hány ülése van?",Y,0/5,,N
https://www.kinaiauto.com/modellek/mg/mg3ice,200,5,,BreadcrumbList Car FAQPage ItemPage Organization WebSite,AggregateOffer Answer Brand ContactPoint Country EngineSpecification ImageObject ListItem PropertyValue QuantitativeValue Question SpeakableSpecification WarrantyPromise,https://www.kinaiauto.com/#organization,MISSING,https://www.kinaiauto.com/icons/icon-512.png,Organization: sameAs has 0 profile(s),BreadcrumbList|Car|Product,Y,"label=Gyakori kérdések.; 4 question items; Mennyibe kerül az MG3 Magyarországon?; Mekkora az MG3 csomagtartója, és hány ülése van?; Mennyi az MG3 garanciája?",Y,0/4,,N
https://www.kinaiauto.com/modellek/dongfeng/forthing-t5-evo,200,5,,BreadcrumbList Car FAQPage ItemPage Organization WebSite,AggregateOffer Answer Brand ContactPoint Country EngineSpecification ImageObject ListItem PropertyValue QuantitativeValue Question SpeakableSpecification,https://www.kinaiauto.com/#organization,MISSING,https://www.kinaiauto.com/icons/icon-512.png,Organization: sameAs has 0 profile(s),BreadcrumbList|Car|Product,Y,"label=Gyakori kérdések.; 3 question items; Mennyibe kerül a Dongfeng Forthing T5 EVO Magyarországon?; Mekkora a Dongfeng Forthing T5 EVO csomagtartója, és hány ülése van?; Hol kapható a Dongfeng Forthing T5 EVO Magyarországon?",Y,0/3,,N
https://www.kinaiauto.com/modellek/jaecoo/jaecoo-7-shs-p,200,5,,BreadcrumbList Car FAQPage ItemPage Organization WebSite,AggregateOffer Answer Brand ContactPoint Country EngineSpecification ImageObject ListItem PropertyValue QuantitativeValue Question SpeakableSpecification WarrantyPromise,https://www.kinaiauto.com/#organization,MISSING,https://www.kinaiauto.com/icons/icon-512.png,Organization: sameAs has 0 profile(s),BreadcrumbList|Car|Product,Y,"label=Gyakori kérdések.; 5 question items; Mennyibe kerül a Jaecoo 7 SHS-P Magyarországon?; Mekkora a Jaecoo 7 SHS-P hatótávja?; Mekkora a Jaecoo 7 SHS-P csomagtartója, és hány ülése van?",Y,0/5,,N
https://www.kinaiauto.com/modellek/geely/starray-em-i,200,5,,BreadcrumbList Car FAQPage ItemPage Organization WebSite,AggregateOffer Answer Brand ContactPoint Country EngineSpecification ImageObject ListItem PropertyValue QuantitativeValue Question SpeakableSpecification,https://www.kinaiauto.com/#organization,MISSING,https://www.kinaiauto.com/icons/icon-512.png,Organization: sameAs has 0 profile(s),BreadcrumbList|Car|Product,Y,"label=Gyakori kérdések.; 4 question items; Mennyibe kerül a Geely Starray EM-i Magyarországon?; Mekkora a Geely Starray EM-i hatótávja?; Mekkora a Geely Starray EM-i csomagtartója, és hány ülése van?",Y,0/4,,N
https://www.kinaiauto.com/modellek/maxus/t60-max-pickup,200,5,,BreadcrumbList Car FAQPage ItemPage Organization WebSite,AggregateOffer Answer Brand ContactPoint Country EngineSpecification ImageObject ListItem PropertyValue QuantitativeValue Question SpeakableSpecification WarrantyPromise,https://www.kinaiauto.com/#organization,MISSING,https://www.kinaiauto.com/icons/icon-512.png,Organization: sameAs has 0 profile(s),BreadcrumbList|Car|Product,Y,"label=Gyakori kérdések.; 4 question items; Mennyibe kerül a Maxus T60 MAX Pickup Magyarországon?; Mekkora a Maxus T60 MAX Pickup csomagtartója, és hány ülése van?; Mennyi a Maxus T60 MAX Pickup garanciája?",Y,0/4,,N
https://www.kinaiauto.com/modellek/chery/tiggo-7,200,5,,BreadcrumbList Car FAQPage ItemPage Organization WebSite,AggregateOffer Answer Brand ContactPoint Country EngineSpecification ImageObject ListItem PropertyValue QuantitativeValue Question SpeakableSpecification WarrantyPromise,https://www.kinaiauto.com/#organization,MISSING,https://www.kinaiauto.com/icons/icon-512.png,Organization: sameAs has 0 profile(s),BreadcrumbList|Car|Product,Y,"label=Gyakori kérdések.; 4 question items; Mennyibe kerül a Chery Tiggo 7 Magyarországon?; Mekkora a Chery Tiggo 7 csomagtartója, és hány ülése van?; Mennyi a Chery Tiggo 7 garanciája?",Y,0/4,,N
https://www.kinaiauto.com/modellek/voyah/courage-ev,200,5,,BreadcrumbList Car FAQPage ItemPage Organization WebSite,AggregateOffer Answer Brand ContactPoint Country ImageObject ListItem PropertyValue QuantitativeValue Question SpeakableSpecification,https://www.kinaiauto.com/#organization,MISSING,https://www.kinaiauto.com/icons/icon-512.png,Organization: sameAs has 0 profile(s),BreadcrumbList|Car|Product,Y,label=Gyakori kérdések.; 5 question items; Mennyibe kerül a Voyah Courage EV Magyarországon?; Mekkora a Voyah Courage EV hatótávja?; Milyen változatokban kapható a Voyah Courage EV?,Y,0/5,,N
https://www.kinaiauto.com/modellek/leapmotor/lmb10phev,200,5,,BreadcrumbList Car FAQPage ItemPage Organization WebSite,Answer Brand ContactPoint Country EngineSpecification ImageObject ListItem PropertyValue QuantitativeValue Question SpeakableSpecification,https://www.kinaiauto.com/#organization,MISSING,https://www.kinaiauto.com/icons/icon-512.png,Organization: sameAs has 0 profile(s),BreadcrumbList|Car|Product,Y,"label=Gyakori kérdések.; 3 question items; Mekkora a Leapmotor B10 PHEV hatótávja?; Mekkora a Leapmotor B10 PHEV csomagtartója, és hány ülése van?; Hol kapható a Leapmotor B10 PHEV Magyarországon?",Y,0/3,,N
https://www.kinaiauto.com/modellek/byd/seal-6-dm-i-touring,200,5,,BreadcrumbList Car FAQPage ItemPage Organization WebSite,AggregateOffer Answer Brand ContactPoint Country EngineSpecification ImageObject ListItem PropertyValue QuantitativeValue Question SpeakableSpecification,https://www.kinaiauto.com/#organization,MISSING,https://www.kinaiauto.com/icons/icon-512.png,Organization: sameAs has 0 profile(s),BreadcrumbList|Car|Product,Y,"label=Gyakori kérdések.; 4 question items; Mennyibe kerül a BYD Seal 6 DM-i Touring Magyarországon?; Mekkora a BYD Seal 6 DM-i Touring hatótávja?; Mekkora a BYD Seal 6 DM-i Touring csomagtartója, és hány ülése van?",Y,0/4,,N
https://www.kinaiauto.com/modellek/voyah/voy_freebev,200,5,,BreadcrumbList Car FAQPage ItemPage Organization WebSite,AggregateOffer Answer Brand ContactPoint Country EngineSpecification ImageObject ListItem PropertyValue QuantitativeValue Question SpeakableSpecification,https://www.kinaiauto.com/#organization,MISSING,https://www.kinaiauto.com/icons/icon-512.png,Organization: sameAs has 0 profile(s),BreadcrumbList|Car|Product,Y,"label=Gyakori kérdések.; 4 question items; Mennyibe kerül a Voyah FREE BEV Magyarországon?; Mekkora a Voyah FREE BEV hatótávja?; Mekkora a Voyah FREE BEV csomagtartója, és hány ülése van?",Y,0/4,,N
https://www.kinaiauto.com/modellek/baic/baicx7,200,5,,BreadcrumbList Car FAQPage ItemPage Organization WebSite,AggregateOffer Answer Brand ContactPoint Country EngineSpecification ImageObject ListItem PropertyValue QuantitativeValue Question SpeakableSpecification WarrantyPromise,https://www.kinaiauto.com/#organization,MISSING,https://www.kinaiauto.com/icons/icon-512.png,Organization: sameAs has 0 profile(s),BreadcrumbList|Car|Product,Y,"label=Gyakori kérdések.; 4 question items; Mennyibe kerül a BAIC X7 Magyarországon?; Mekkora a BAIC X7 csomagtartója, és hány ülése van?; Mennyi a BAIC X7 garanciája?",Y,0/4,,N
https://www.kinaiauto.com/modellek/dongfeng/df_df6,200,5,,BreadcrumbList Car FAQPage ItemPage Organization WebSite,AggregateOffer Answer Brand ContactPoint Country EngineSpecification ImageObject ListItem PropertyValue QuantitativeValue Question SpeakableSpecification WarrantyPromise,https://www.kinaiauto.com/#organization,MISSING,https://www.kinaiauto.com/icons/icon-512.png,Organization: sameAs has 0 profile(s),BreadcrumbList|Car|Product,Y,"label=Gyakori kérdések.; 4 question items; Mennyibe kerül a Dongfeng DF6 Magyarországon?; Mekkora a Dongfeng DF6 csomagtartója, és hány ülése van?; Mennyi a Dongfeng DF6 garanciája?",Y,0/4,,N
https://www.kinaiauto.com/modellek/nio/EL_8,200,5,,BreadcrumbList Car FAQPage ItemPage Organization WebSite,AggregateOffer Answer Brand ContactPoint Country EngineSpecification ImageObject ListItem PropertyValue QuantitativeValue Question SpeakableSpecification,https://www.kinaiauto.com/#organization,MISSING,https://www.kinaiauto.com/icons/icon-512.png,Organization: sameAs has 0 profile(s),BreadcrumbList|Car|Product,Y,"label=Gyakori kérdések.; 4 question items; Mennyibe kerül a NIO EL8 Magyarországon?; Mekkora a NIO EL8 hatótávja?; Mekkora a NIO EL8 csomagtartója, és hány ülése van?",Y,0/4,,N
https://www.kinaiauto.com/modellek/dongfeng/fr_mhero917rev,200,5,,BreadcrumbList Car FAQPage ItemPage Organization WebSite,AggregateOffer Answer Brand ContactPoint Country EngineSpecification ImageObject ListItem PropertyValue QuantitativeValue Question SpeakableSpecification,https://www.kinaiauto.com/#organization,MISSING,https://www.kinaiauto.com/icons/icon-512.png,Organization: sameAs has 0 profile(s),BreadcrumbList|Car|Product,Y,"label=Gyakori kérdések.; 4 question items; Mennyibe kerül a Dongfeng MHERO 917 REV Magyarországon?; Mekkora a Dongfeng MHERO 917 REV hatótávja?; Mekkora a Dongfeng MHERO 917 REV csomagtartója, és hány ülése van?",Y,0/4,,N
https://www.kinaiauto.com/modellek/omoda/omoda-e5,200,5,,BreadcrumbList Car FAQPage ItemPage Organization WebSite,AggregateOffer Answer Brand ContactPoint Country EngineSpecification ImageObject ListItem PropertyValue QuantitativeValue Question SpeakableSpecification WarrantyPromise,https://www.kinaiauto.com/#organization,MISSING,https://www.kinaiauto.com/icons/icon-512.png,Organization: sameAs has 0 profile(s),BreadcrumbList|Car|Product,Y,"label=Gyakori kérdések.; 5 question items; Mennyibe kerül az Omoda E5 Magyarországon?; Mekkora az Omoda E5 hatótávja?; Mekkora az Omoda E5 csomagtartója, és hány ülése van?",Y,0/5,,N
https://www.kinaiauto.com/modellek/dongfeng/dfutour,200,5,,BreadcrumbList Car FAQPage ItemPage Organization WebSite,AggregateOffer Answer Brand ContactPoint Country EngineSpecification ImageObject ListItem PropertyValue QuantitativeValue Question SpeakableSpecification WarrantyPromise,https://www.kinaiauto.com/#organization,MISSING,https://www.kinaiauto.com/icons/icon-512.png,Organization: sameAs has 0 profile(s),BreadcrumbList|Car|Product,Y,"label=Gyakori kérdések.; 4 question items; Mennyibe kerül a Dongfeng U Tour Magyarországon?; Mekkora a Dongfeng U Tour csomagtartója, és hány ülése van?; Mennyi a Dongfeng U Tour garanciája?",Y,0/4,,N
https://www.kinaiauto.com/modellek/mg/mg-cyberster,200,5,,BreadcrumbList Car FAQPage ItemPage Organization WebSite,AggregateOffer Answer Brand ContactPoint Country EngineSpecification ImageObject ListItem PropertyValue QuantitativeValue Question SpeakableSpecification WarrantyPromise,https://www.kinaiauto.com/#organization,MISSING,https://www.kinaiauto.com/icons/icon-512.png,Organization: sameAs has 0 profile(s),BreadcrumbList|Car|Product,Y,label=Gyakori kérdések.; 6 question items; Mennyibe kerül az MG Cyberster Magyarországon?; Mekkora az MG Cyberster hatótávja?; Milyen változatokban kapható az MG Cyberster?,Y,0/6,,N
https://www.kinaiauto.com/modellek/byd/dolphin-surf,200,5,,BreadcrumbList Car FAQPage ItemPage Organization WebSite,AggregateOffer Answer Brand ContactPoint Country EngineSpecification ImageObject ListItem PropertyValue QuantitativeValue Question SpeakableSpecification,https://www.kinaiauto.com/#organization,MISSING,https://www.kinaiauto.com/icons/icon-512.png,Organization: sameAs has 0 profile(s),BreadcrumbList|Car|Product,Y,label=Gyakori kérdések.; 5 question items; Mennyibe kerül a BYD Dolphin Surf Magyarországon?; Mekkora a BYD Dolphin Surf hatótávja?; Milyen változatokban kapható a BYD Dolphin Surf?,Y,0/5,,N
