page,inbound_any,inbound_content,inbound_editorial,inbound_chrome_only,content_link_occurrences,outbound_content_unique,outbound_any_unique,sample_content_sources
/,95,95,0,0,95,79,81,/kinalat /markak/baic /markak/byd /markak/chery /markak/dongfeng
/kinalat,95,79,1,16,79,76,78,/ /modellek/baic/baicbj60 /modellek/baic/baicx7 /modellek/baic/bj30e /modellek/baic/x55
/osszehasonlitas,95,0,0,95,0,1,3,
/tudastar,95,0,0,95,0,1,3,
/markak/byd,27,27,27,0,41,28,31,/markak/baic /markak/chery /markak/dongfeng /markak/firefly /markak/geely
/markak/chery,17,17,17,0,21,18,21,/markak/baic /markak/byd /markak/dongfeng /markak/firefly /markak/geely
/markak/omoda,18,18,18,0,23,19,22,/markak/baic /markak/byd /markak/chery /markak/dongfeng /markak/firefly
/markak/jaecoo,17,17,17,0,21,18,21,/markak/baic /markak/byd /markak/chery /markak/dongfeng /markak/firefly
/markak/mg,23,23,23,0,33,24,27,/markak/baic /markak/byd /markak/chery /markak/dongfeng /markak/firefly
/markak/nio,17,17,17,0,21,18,21,/markak/baic /markak/byd /markak/chery /markak/dongfeng /markak/firefly
/markak/firefly,14,14,14,0,15,15,18,/markak/baic /markak/byd /markak/chery /markak/dongfeng /markak/geely
/markak/xpeng,17,17,17,0,21,18,21,/markak/baic /markak/byd /markak/chery /markak/dongfeng /markak/firefly
/markak/leapmotor,18,18,18,0,23,19,22,/markak/baic /markak/byd /markak/chery /markak/dongfeng /markak/firefly
/markak/geely,15,15,15,0,17,16,19,/markak/baic /markak/byd /markak/chery /markak/dongfeng /markak/firefly
/markak/dongfeng,27,27,27,0,41,28,31,/markak/baic /markak/byd /markak/chery /markak/firefly /markak/geely
/markak/voyah,19,19,19,0,25,20,23,/markak/baic /markak/byd /markak/chery /markak/dongfeng /markak/firefly
/markak/baic,17,17,17,0,21,18,21,/markak/byd /markak/chery /markak/dongfeng /markak/firefly /markak/geely
/markak/maxus,14,14,14,0,15,15,18,/markak/baic /markak/byd /markak/chery /markak/dongfeng /markak/firefly
/modellek/mg/mg3-hybrid-plus,16,16,16,0,21,13,15,/ /kinalat /markak/mg /modellek/byd/dolphin-surf /modellek/dongfeng/dfbox
/modellek/dongfeng/forthing-t5-evo-hev,22,22,22,0,27,19,21,/ /kinalat /markak/dongfeng /modellek/byd/Sealion_5_DM-i /modellek/chery/tiggo-4
/modellek/byd/sealion-7,21,21,21,0,26,19,21,/ /kinalat /markak/byd /modellek/baic/bj30e /modellek/byd/Sealion_5_DM-i
/modellek/nio/el6,14,14,14,0,21,9,11,/ /kinalat /markak/nio /modellek/baic/baicbj60 /modellek/byd/tang
/modellek/byd/seal-u-dm-i,25,25,25,0,32,20,22,/ /kinalat /markak/byd /modellek/baic/bj30e /modellek/byd/Sealion_5_DM-i
/modellek/chery/tiggo-9,10,10,10,0,15,10,12,/ /kinalat /markak/chery /modellek/chery/tiggo-4 /modellek/chery/tiggo-7
/modellek/nio/et5-touring,8,8,8,0,12,8,10,/ /kinalat /markak/nio /modellek/byd/seal-6-dm-i-touring /modellek/mg/mg-cyberster
/modellek/leapmotor/t03,13,13,13,0,17,11,13,/ /kinalat /markak/leapmotor /modellek/byd/dolphin-surf /modellek/dongfeng/dfbox
/modellek/omoda/omoda-9-shs-p,11,11,11,0,15,11,13,/ /kinalat /markak/omoda /modellek/baic/baicbj60 /modellek/chery/tiggo-9
/modellek/byd/seal,21,21,21,0,27,19,21,/ /kinalat /markak/byd /modellek/byd/Sealion_5_DM-i /modellek/byd/atto-2
/modellek/byd/Sealion_5_DM-i,17,17,17,0,24,18,20,/ /kinalat /markak/byd /modellek/byd/atto-2 /modellek/byd/atto-2-dm-i
/modellek/byd/atto-2-dm-i,16,16,16,0,21,16,18,/ /kinalat /markak/byd /modellek/byd/Sealion_5_DM-i /modellek/byd/atto-2
/modellek/baic/baicbj60,8,8,8,0,12,10,12,/ /kinalat /markak/baic /modellek/baic/baicx7 /modellek/baic/bj30e
/modellek/dongfeng/dfmage,23,23,23,0,31,20,22,/ /kinalat /markak/dongfeng /modellek/baic/baicx7 /modellek/baic/x55
/modellek/voyah/voy_passion,9,9,9,0,14,11,13,/ /kinalat /markak/voyah /modellek/byd/seal-6-dm-i /modellek/voyah/courage-ev
/modellek/byd/atto3evo,22,22,22,0,30,19,21,/ /kinalat /markak/byd /modellek/byd/Sealion_5_DM-i /modellek/byd/atto-2
/modellek/dongfeng/dfs7,19,19,19,0,24,19,21,/ /kinalat /markak/dongfeng /modellek/byd/seal /modellek/dongfeng/df_df6
/modellek/leapmotor/b10,13,13,13,0,18,11,13,/ /kinalat /markak/leapmotor /modellek/byd/atto-3 /modellek/byd/atto3evo
/modellek/omoda/omoda-5,12,12,12,0,17,11,13,/ /kinalat /markak/omoda /modellek/baic/baicx7 /modellek/baic/x55
/modellek/xpeng/xpengg9,10,10,10,0,14,9,11,/ /kinalat /markak/xpeng /modellek/dongfeng/forthing-u-tour-hev /modellek/mg/mg-cyberster
/modellek/voyah/voy_dreambev,9,9,9,0,14,11,13,/ /kinalat /markak/voyah /modellek/voyah/courage-ev /modellek/voyah/dream-phev
/modellek/xpeng/g6,11,11,11,0,17,10,12,/ /kinalat /markak/xpeng /modellek/byd/seal-u /modellek/byd/sealion-7
/modellek/mg/mg4-electric,13,13,13,0,18,15,17,/ /kinalat /markak/mg /modellek/byd/dolphin /modellek/mg/hs
/modellek/mg/mgs5-ev,18,18,18,0,24,16,18,/ /kinalat /markak/mg /modellek/byd/atto-3 /modellek/byd/atto3evo
/modellek/mg/mg-hs-hybrid-plus,15,15,15,0,21,14,16,/ /kinalat /markak/mg /modellek/baic/bj30e /modellek/chery/tiggo-7
/modellek/mg/mg-hs-phev,18,18,18,0,23,16,18,/ /kinalat /markak/mg /modellek/byd/seal-u-dm-i /modellek/chery/tiggo-7
/modellek/dongfeng/dfshine,16,16,16,0,21,17,19,/ /kinalat /markak/dongfeng /modellek/dongfeng/df_df6 /modellek/dongfeng/df_t5evo_ev
/modellek/voyah/dream-phev,10,10,10,0,15,10,12,/ /kinalat /markak/voyah /modellek/dongfeng/dfutourv9phev /modellek/voyah/courage-ev
/modellek/dongfeng/dfmherobev,20,20,20,0,25,20,22,/ /markak/dongfeng /modellek/byd/tang /modellek/dongfeng/df_df6 /modellek/dongfeng/df_t5evo_ev
/modellek/byd/seal-u,20,20,20,0,26,19,21,/ /kinalat /markak/byd /modellek/byd/Sealion_5_DM-i /modellek/byd/atto-2
/modellek/nio/et5,10,10,10,0,15,9,11,/ /kinalat /markak/nio /modellek/byd/seal /modellek/dongfeng/dfs7
/modellek/geely/e5,9,9,9,0,13,8,10,/ /kinalat /markak/geely /modellek/byd/seal-u /modellek/byd/sealion-7
/modellek/leapmotor/c10,11,11,11,0,15,11,13,/ /kinalat /markak/leapmotor /modellek/byd/seal-u /modellek/byd/sealion-7
/modellek/mg/mg-zs-hybrid-plus,15,15,15,0,21,15,17,/ /kinalat /markak/mg /modellek/chery/tiggo-4 /modellek/dongfeng/forthing-t5-evo-hev
/modellek/jaecoo/jaecoo-5,12,12,12,0,16,10,12,/ /kinalat /markak/jaecoo /modellek/baic/baicx7 /modellek/baic/x55
/modellek/dongfeng/dfbox,19,19,19,0,23,20,22,/ /kinalat /markak/dongfeng /modellek/byd/dolphin-surf /modellek/dongfeng/df_df6
/modellek/xpeng/g9,14,14,14,0,18,10,12,/ /kinalat /markak/xpeng /modellek/baic/baicbj60 /modellek/byd/tang
/modellek/byd/atto-2,16,16,16,0,21,16,18,/ /kinalat /markak/byd /modellek/byd/Sealion_5_DM-i /modellek/byd/atto-2-dm-i
/modellek/dongfeng/forthing-u-tour-hev,17,17,17,0,23,17,19,/ /kinalat /markak/dongfeng /modellek/dongfeng/df_df6 /modellek/dongfeng/df_t5evo_ev
/modellek/voyah/free-rev-318,11,11,11,0,16,12,14,/ /kinalat /markak/voyah /modellek/chery/tiggo-9 /modellek/dongfeng/fr_mhero917rev
/modellek/jaecoo/jaecoo-7,8,8,8,0,12,9,11,/ /kinalat /markak/jaecoo /modellek/dongfeng/shine-gs /modellek/jaecoo/jaecoo-5
/modellek/jaecoo/jaecoo-5-ev,12,12,12,0,16,10,12,/ /kinalat /markak/jaecoo /modellek/byd/atto-3 /modellek/byd/atto3evo
/modellek/chery/tiggo-8,7,7,7,0,11,8,10,/ /kinalat /markak/chery /modellek/baic/baicbj60 /modellek/chery/tiggo-4
/modellek/chery/tiggo-4,9,9,9,0,13,10,12,/ /kinalat /markak/chery /modellek/chery/tiggo-7 /modellek/chery/tiggo-8
/modellek/byd/tang,22,22,22,0,26,20,22,/ /kinalat /markak/byd /modellek/byd/Sealion_5_DM-i /modellek/byd/atto-2
/modellek/firefly/firefly,6,6,6,0,10,7,9,/ /kinalat /markak/firefly /modellek/byd/dolphin-surf /modellek/dongfeng/dfbox
/modellek/mg/zs,15,15,15,0,20,15,17,/ /kinalat /markak/mg /modellek/dongfeng/dfmage /modellek/jaecoo/jaecoo-5
/modellek/byd/atto-3,19,19,19,0,26,19,21,/ /kinalat /markak/byd /modellek/byd/Sealion_5_DM-i /modellek/byd/atto-2
/modellek/baic/x55,10,10,10,0,15,9,11,/ /kinalat /markak/baic /modellek/baic/baicbj60 /modellek/baic/baicx7
/modellek/leapmotor/c10-hibrid-ev,12,12,12,0,16,11,13,/ /kinalat /markak/leapmotor /modellek/byd/seal-u-dm-i /modellek/geely/starray-em-i
/modellek/dongfeng/shine-gs,18,18,18,0,24,19,21,/ /kinalat /markak/dongfeng /modellek/dongfeng/df_df6 /modellek/dongfeng/df_t5evo_ev
/modellek/omoda/omoda-5-shs-h,10,10,10,0,14,10,12,/ /kinalat /markak/omoda /modellek/chery/tiggo-4 /modellek/dongfeng/forthing-t5-evo-hev
/modellek/baic/bj30e,8,8,8,0,12,10,12,/ /kinalat /markak/baic /modellek/baic/baicbj60 /modellek/baic/baicx7
/modellek/omoda/omoda-7-shs,6,6,6,0,10,11,13,/ /markak/omoda /modellek/omoda/omoda-5 /modellek/omoda/omoda-5-shs-h /modellek/omoda/omoda-9-shs-p
/modellek/byd/seal-6-dm-i,17,17,17,0,24,17,19,/ /kinalat /markak/byd /modellek/byd/Sealion_5_DM-i /modellek/byd/atto-2
/modellek/mg/hs,14,14,14,0,20,15,17,/ /kinalat /markak/mg /modellek/dongfeng/shine-gs /modellek/jaecoo/jaecoo-7
/modellek/byd/dolphin,17,17,17,0,22,17,19,/ /kinalat /markak/byd /modellek/byd/Sealion_5_DM-i /modellek/byd/atto-2
/modellek/xpeng/p7-plus,9,9,9,0,13,9,11,/ /kinalat /markak/xpeng /modellek/byd/seal /modellek/dongfeng/dfs7
/modellek/dongfeng/dfutourv9phev,18,18,18,0,24,18,20,/ /kinalat /markak/dongfeng /modellek/dongfeng/df_df6 /modellek/dongfeng/df_t5evo_ev
/modellek/dongfeng/df_t5evo_ev,16,16,16,0,20,20,22,/ /kinalat /markak/dongfeng /modellek/dongfeng/df_df6 /modellek/dongfeng/dfbox
/modellek/mg/mg3ice,12,12,12,0,17,13,15,/ /kinalat /markak/mg /modellek/mg/hs /modellek/mg/mg-cyberster
/modellek/dongfeng/forthing-t5-evo,16,16,16,0,21,19,21,/ /kinalat /markak/dongfeng /modellek/dongfeng/df_df6 /modellek/dongfeng/df_t5evo_ev
/modellek/jaecoo/jaecoo-7-shs-p,11,11,11,0,16,10,12,/ /kinalat /markak/jaecoo /modellek/byd/seal-u-dm-i /modellek/geely/starray-em-i
/modellek/geely/starray-em-i,8,8,8,0,12,8,10,/ /kinalat /markak/geely /modellek/byd/seal-u-dm-i /modellek/geely/e5
/modellek/maxus/t60-max-pickup,4,4,4,0,8,4,6,/ /kinalat /markak/maxus /modellek/dongfeng/df_df6
/modellek/chery/tiggo-7,8,8,8,0,13,10,12,/ /kinalat /markak/chery /modellek/baic/bj30e /modellek/chery/tiggo-4
/modellek/voyah/courage-ev,8,8,8,0,12,12,14,/ /kinalat /markak/voyah /modellek/voyah/dream-phev /modellek/voyah/free-rev-318
/modellek/leapmotor/lmb10phev,7,7,7,0,11,10,12,/ /markak/leapmotor /modellek/byd/Sealion_5_DM-i /modellek/leapmotor/b10 /modellek/leapmotor/c10
/modellek/byd/seal-6-dm-i-touring,16,16,16,0,20,17,19,/ /kinalat /markak/byd /modellek/byd/Sealion_5_DM-i /modellek/byd/atto-2
/modellek/voyah/voy_freebev,11,11,11,0,15,12,14,/ /kinalat /markak/voyah /modellek/byd/tang /modellek/dongfeng/dfmherobev
/modellek/baic/baicx7,7,7,7,0,12,9,11,/ /kinalat /markak/baic /modellek/baic/baicbj60 /modellek/baic/bj30e
/modellek/dongfeng/df_df6,17,17,17,0,21,17,19,/ /kinalat /markak/dongfeng /modellek/dongfeng/df_t5evo_ev /modellek/dongfeng/dfbox
/modellek/nio/EL_8,6,6,6,0,11,9,11,/ /kinalat /markak/nio /modellek/nio/el6 /modellek/nio/et5
/modellek/dongfeng/fr_mhero917rev,19,19,19,0,23,19,21,/ /kinalat /markak/dongfeng /modellek/chery/tiggo-9 /modellek/dongfeng/df_df6
/modellek/omoda/omoda-e5,7,7,7,0,11,11,13,/ /kinalat /markak/omoda /modellek/omoda/omoda-5 /modellek/omoda/omoda-5-shs-h
/modellek/dongfeng/dfutour,16,16,16,0,22,16,18,/ /kinalat /markak/dongfeng /modellek/dongfeng/df_df6 /modellek/dongfeng/df_t5evo_ev
/modellek/mg/mg-cyberster,12,12,12,0,16,15,17,/ /kinalat /markak/mg /modellek/mg/hs /modellek/mg/mg-hs-hybrid-plus
/modellek/byd/dolphin-surf,19,19,19,0,23,20,22,/ /kinalat /markak/byd /modellek/byd/Sealion_5_DM-i /modellek/byd/atto-2
