url,status,blocks,json_errors,types_top,types_nested,org_id,org_sameAs,org_logo,problems,expected,expect_ok,faq_like_content,faq_markup,video_embed,video_markup
http://localhost:3100/,200,2,,Organization WebPage WebSite,ContactPoint Country ImageObject,http://localhost:3100/#organization,MISSING,http://localhost:3100/icons/icon-512.png,ImageObject: missing contentUrl | Organization: sameAs has 0 profile(s),,,,N,,N
http://localhost:3100/kinalat,200,3,,BreadcrumbList CollectionPage Organization WebSite,ContactPoint Country ImageObject ListItem,http://localhost:3100/#organization,MISSING,http://localhost:3100/icons/icon-512.png,ImageObject: missing contentUrl | Organization: sameAs has 0 profile(s),,,,N,,N
http://localhost:3100/osszehasonlitas,200,3,,BreadcrumbList Organization WebPage WebSite,ContactPoint Country ImageObject ListItem,http://localhost:3100/#organization,MISSING,http://localhost:3100/icons/icon-512.png,ImageObject: missing contentUrl | Organization: sameAs has 0 profile(s),,,,N,,N
http://localhost:3100/tudastar,200,4,,Article BreadcrumbList FAQPage Organization WebSite,Answer ContactPoint Country ImageObject ListItem Question,http://localhost:3100/#organization,MISSING,http://localhost:3100/icons/icon-512.png,ImageObject: missing contentUrl | Organization: sameAs has 0 profile(s),,,label=-; 1 question items; Magánemberként kell cégautóadót fizetni?,Y,,N
http://localhost:3100/markak/byd,200,5,,Brand BreadcrumbList CollectionPage ItemList Organization WebSite,ContactPoint Country ImageObject ListItem,http://localhost:3100/#organization,MISSING,http://localhost:3100/icons/icon-512.png,ImageObject: missing contentUrl | Organization: sameAs has 0 profile(s),Brand|BreadcrumbList|CollectionPage|ItemList,Y,,N,,N
http://localhost:3100/markak/chery,200,5,,Brand BreadcrumbList CollectionPage ItemList Organization WebSite,ContactPoint Country ImageObject ListItem,http://localhost:3100/#organization,MISSING,http://localhost:3100/icons/icon-512.png,ImageObject: missing contentUrl | Organization: sameAs has 0 profile(s),Brand|BreadcrumbList|CollectionPage|ItemList,Y,,N,,N
http://localhost:3100/markak/omoda,200,5,,Brand BreadcrumbList CollectionPage ItemList Organization WebSite,ContactPoint Country ImageObject ListItem,http://localhost:3100/#organization,MISSING,http://localhost:3100/icons/icon-512.png,ImageObject: missing contentUrl | Organization: sameAs has 0 profile(s),Brand|BreadcrumbList|CollectionPage|ItemList,Y,,N,,N
http://localhost:3100/markak/jaecoo,200,5,,Brand BreadcrumbList CollectionPage ItemList Organization WebSite,ContactPoint Country ImageObject ListItem,http://localhost:3100/#organization,MISSING,http://localhost:3100/icons/icon-512.png,ImageObject: missing contentUrl | Organization: sameAs has 0 profile(s),Brand|BreadcrumbList|CollectionPage|ItemList,Y,,N,,N
http://localhost:3100/markak/mg,200,5,,Brand BreadcrumbList CollectionPage ItemList Organization WebSite,ContactPoint Country ImageObject ListItem,http://localhost:3100/#organization,MISSING,http://localhost:3100/icons/icon-512.png,ImageObject: missing contentUrl | Organization: sameAs has 0 profile(s),Brand|BreadcrumbList|CollectionPage|ItemList,Y,,N,,N
http://localhost:3100/markak/nio,200,5,,Brand BreadcrumbList CollectionPage ItemList Organization WebSite,ContactPoint Country ImageObject ListItem,http://localhost:3100/#organization,MISSING,http://localhost:3100/icons/icon-512.png,ImageObject: missing contentUrl | Organization: sameAs has 0 profile(s),Brand|BreadcrumbList|CollectionPage|ItemList,Y,,N,,N
http://localhost:3100/markak/firefly,200,5,,Brand BreadcrumbList CollectionPage ItemList Organization WebSite,ContactPoint Country ImageObject ListItem,http://localhost:3100/#organization,MISSING,http://localhost:3100/icons/icon-512.png,ImageObject: missing contentUrl | Organization: sameAs has 0 profile(s),Brand|BreadcrumbList|CollectionPage|ItemList,Y,,N,,N
http://localhost:3100/markak/xpeng,200,5,,Brand BreadcrumbList CollectionPage ItemList Organization WebSite,ContactPoint Country ImageObject ListItem,http://localhost:3100/#organization,MISSING,http://localhost:3100/icons/icon-512.png,ImageObject: missing contentUrl | Organization: sameAs has 0 profile(s),Brand|BreadcrumbList|CollectionPage|ItemList,Y,,N,,N
http://localhost:3100/markak/leapmotor,200,5,,Brand BreadcrumbList CollectionPage ItemList Organization WebSite,ContactPoint Country ImageObject ListItem,http://localhost:3100/#organization,MISSING,http://localhost:3100/icons/icon-512.png,ImageObject: missing contentUrl | Organization: sameAs has 0 profile(s),Brand|BreadcrumbList|CollectionPage|ItemList,Y,,N,,N
http://localhost:3100/markak/geely,200,5,,Brand BreadcrumbList CollectionPage ItemList Organization WebSite,ContactPoint Country ImageObject ListItem,http://localhost:3100/#organization,MISSING,http://localhost:3100/icons/icon-512.png,ImageObject: missing contentUrl | Organization: sameAs has 0 profile(s),Brand|BreadcrumbList|CollectionPage|ItemList,Y,,N,,N
http://localhost:3100/markak/dongfeng,200,5,,Brand BreadcrumbList CollectionPage ItemList Organization WebSite,ContactPoint Country ImageObject ListItem,http://localhost:3100/#organization,MISSING,http://localhost:3100/icons/icon-512.png,ImageObject: missing contentUrl | Organization: sameAs has 0 profile(s),Brand|BreadcrumbList|CollectionPage|ItemList,Y,,N,,N
http://localhost:3100/markak/voyah,200,5,,Brand BreadcrumbList CollectionPage ItemList Organization WebSite,ContactPoint Country ImageObject ListItem,http://localhost:3100/#organization,MISSING,http://localhost:3100/icons/icon-512.png,ImageObject: missing contentUrl | Organization: sameAs has 0 profile(s),Brand|BreadcrumbList|CollectionPage|ItemList,Y,,N,,N
http://localhost:3100/markak/baic,200,5,,Brand BreadcrumbList CollectionPage ItemList Organization WebSite,ContactPoint Country ImageObject ListItem,http://localhost:3100/#organization,MISSING,http://localhost:3100/icons/icon-512.png,ImageObject: missing contentUrl | Organization: sameAs has 0 profile(s),Brand|BreadcrumbList|CollectionPage|ItemList,Y,,N,,N
http://localhost:3100/markak/maxus,200,5,,Brand BreadcrumbList CollectionPage ItemList Organization WebSite,ContactPoint Country ImageObject ListItem,http://localhost:3100/#organization,MISSING,http://localhost:3100/icons/icon-512.png,ImageObject: missing contentUrl | Organization: sameAs has 0 profile(s),Brand|BreadcrumbList|CollectionPage|ItemList,Y,,N,,N
http://localhost:3100/modellek/mg/mg3-hybrid-plus,200,4,,BreadcrumbList Car ItemPage Organization WebSite,AggregateOffer Brand ContactPoint Country EngineSpecification ImageObject ListItem PropertyValue QuantitativeValue WarrantyPromise,http://localhost:3100/#organization,MISSING,http://localhost:3100/icons/icon-512.png,ImageObject: missing contentUrl | Organization: sameAs has 0 profile(s),BreadcrumbList|Car|ItemPage,Y,,N,,N
http://localhost:3100/modellek/dongfeng/forthing-t5-evo-hev,200,4,,BreadcrumbList Car ItemPage Organization WebSite,AggregateOffer Brand ContactPoint Country EngineSpecification ImageObject ListItem PropertyValue QuantitativeValue,http://localhost:3100/#organization,MISSING,http://localhost:3100/icons/icon-512.png,ImageObject: missing contentUrl | Organization: sameAs has 0 profile(s),BreadcrumbList|Car|ItemPage,Y,,N,,N
http://localhost:3100/modellek/byd/sealion-7,200,4,,BreadcrumbList Car ItemPage Organization WebSite,AggregateOffer Brand ContactPoint Country EngineSpecification ImageObject ListItem PropertyValue QuantitativeValue,http://localhost:3100/#organization,MISSING,http://localhost:3100/icons/icon-512.png,ImageObject: missing contentUrl | Organization: sameAs has 0 profile(s),BreadcrumbList|Car|ItemPage,Y,,N,,N
http://localhost:3100/modellek/nio/el6,200,4,,BreadcrumbList Car ItemPage Organization WebSite,AggregateOffer Brand ContactPoint Country EngineSpecification ImageObject ListItem PropertyValue QuantitativeValue,http://localhost:3100/#organization,MISSING,http://localhost:3100/icons/icon-512.png,ImageObject: missing contentUrl | Organization: sameAs has 0 profile(s),BreadcrumbList|Car|ItemPage,Y,,N,,N
http://localhost:3100/modellek/byd/seal-u-dm-i,200,4,,BreadcrumbList Car ItemPage Organization WebSite,AggregateOffer Brand ContactPoint Country EngineSpecification ImageObject ListItem PropertyValue QuantitativeValue,http://localhost:3100/#organization,MISSING,http://localhost:3100/icons/icon-512.png,ImageObject: missing contentUrl | Organization: sameAs has 0 profile(s),BreadcrumbList|Car|ItemPage,Y,,N,,N
http://localhost:3100/modellek/chery/tiggo-9,200,4,,BreadcrumbList Car ItemPage Organization WebSite,AggregateOffer Brand ContactPoint Country EngineSpecification ImageObject ListItem PropertyValue QuantitativeValue WarrantyPromise,http://localhost:3100/#organization,MISSING,http://localhost:3100/icons/icon-512.png,ImageObject: missing contentUrl | Organization: sameAs has 0 profile(s),BreadcrumbList|Car|ItemPage,Y,,N,,N
http://localhost:3100/modellek/nio/et5-touring,200,4,,BreadcrumbList Car ItemPage Organization WebSite,AggregateOffer Brand ContactPoint Country EngineSpecification ImageObject ListItem PropertyValue QuantitativeValue,http://localhost:3100/#organization,MISSING,http://localhost:3100/icons/icon-512.png,ImageObject: missing contentUrl | Organization: sameAs has 0 profile(s),BreadcrumbList|Car|ItemPage,Y,,N,,N
http://localhost:3100/modellek/leapmotor/t03,200,4,,BreadcrumbList Car ItemPage Organization WebSite,AggregateOffer Brand ContactPoint Country EngineSpecification ImageObject ListItem PropertyValue QuantitativeValue WarrantyPromise,http://localhost:3100/#organization,MISSING,http://localhost:3100/icons/icon-512.png,ImageObject: missing contentUrl | Organization: sameAs has 0 profile(s),BreadcrumbList|Car|ItemPage,Y,,N,,N
http://localhost:3100/modellek/omoda/omoda-9-shs-p,200,4,,BreadcrumbList Car ItemPage Organization WebSite,AggregateOffer Brand ContactPoint Country EngineSpecification ImageObject ListItem PropertyValue QuantitativeValue WarrantyPromise,http://localhost:3100/#organization,MISSING,http://localhost:3100/icons/icon-512.png,ImageObject: missing contentUrl | Organization: sameAs has 0 profile(s),BreadcrumbList|Car|ItemPage,Y,,N,,N
http://localhost:3100/modellek/byd/seal,200,4,,BreadcrumbList Car ItemPage Organization WebSite,AggregateOffer Brand ContactPoint Country EngineSpecification ImageObject ListItem PropertyValue QuantitativeValue,http://localhost:3100/#organization,MISSING,http://localhost:3100/icons/icon-512.png,ImageObject: missing contentUrl | Organization: sameAs has 0 profile(s),BreadcrumbList|Car|ItemPage,Y,,N,,N
http://localhost:3100/modellek/byd/Sealion_5_DM-i,200,4,,BreadcrumbList Car ItemPage Organization WebSite,AggregateOffer Brand ContactPoint Country EngineSpecification ImageObject ListItem PropertyValue QuantitativeValue,http://localhost:3100/#organization,MISSING,http://localhost:3100/icons/icon-512.png,ImageObject: missing contentUrl | Organization: sameAs has 0 profile(s),BreadcrumbList|Car|ItemPage,Y,,N,,N
http://localhost:3100/modellek/byd/atto-2-dm-i,200,4,,BreadcrumbList Car ItemPage Organization WebSite,AggregateOffer Brand ContactPoint Country EngineSpecification ImageObject ListItem PropertyValue QuantitativeValue,http://localhost:3100/#organization,MISSING,http://localhost:3100/icons/icon-512.png,ImageObject: missing contentUrl | Organization: sameAs has 0 profile(s),BreadcrumbList|Car|ItemPage,Y,,N,,N
http://localhost:3100/modellek/baic/baicbj60,200,4,,BreadcrumbList Car ItemPage Organization WebSite,AggregateOffer Brand ContactPoint Country EngineSpecification ImageObject ListItem PropertyValue QuantitativeValue WarrantyPromise,http://localhost:3100/#organization,MISSING,http://localhost:3100/icons/icon-512.png,ImageObject: missing contentUrl | Organization: sameAs has 0 profile(s),BreadcrumbList|Car|ItemPage,Y,,N,,N
http://localhost:3100/modellek/dongfeng/dfmage,200,4,,BreadcrumbList Car ItemPage Organization WebSite,AggregateOffer Brand ContactPoint Country EngineSpecification ImageObject ListItem PropertyValue QuantitativeValue WarrantyPromise,http://localhost:3100/#organization,MISSING,http://localhost:3100/icons/icon-512.png,ImageObject: missing contentUrl | Organization: sameAs has 0 profile(s),BreadcrumbList|Car|ItemPage,Y,,N,,N
http://localhost:3100/modellek/voyah/voy_passion,200,4,,BreadcrumbList Car ItemPage Organization WebSite,AggregateOffer Brand ContactPoint Country EngineSpecification ImageObject ListItem PropertyValue QuantitativeValue,http://localhost:3100/#organization,MISSING,http://localhost:3100/icons/icon-512.png,ImageObject: missing contentUrl | Organization: sameAs has 0 profile(s),BreadcrumbList|Car|ItemPage,Y,,N,,N
http://localhost:3100/modellek/byd/atto3evo,200,4,,BreadcrumbList Car ItemPage Organization WebSite,AggregateOffer Brand ContactPoint Country EngineSpecification ImageObject ListItem PropertyValue QuantitativeValue,http://localhost:3100/#organization,MISSING,http://localhost:3100/icons/icon-512.png,ImageObject: missing contentUrl | Organization: sameAs has 0 profile(s),BreadcrumbList|Car|ItemPage,Y,,N,,N
http://localhost:3100/modellek/dongfeng/dfs7,200,4,,BreadcrumbList Car ItemPage Organization WebSite,AggregateOffer Brand ContactPoint Country EngineSpecification ImageObject ListItem PropertyValue QuantitativeValue WarrantyPromise,http://localhost:3100/#organization,MISSING,http://localhost:3100/icons/icon-512.png,ImageObject: missing contentUrl | Organization: sameAs has 0 profile(s),BreadcrumbList|Car|ItemPage,Y,,N,,N
http://localhost:3100/modellek/leapmotor/b10,200,4,,BreadcrumbList Car ItemPage Organization WebSite,AggregateOffer Brand ContactPoint Country EngineSpecification ImageObject ListItem PropertyValue QuantitativeValue WarrantyPromise,http://localhost:3100/#organization,MISSING,http://localhost:3100/icons/icon-512.png,ImageObject: missing contentUrl | Organization: sameAs has 0 profile(s),BreadcrumbList|Car|ItemPage,Y,,N,,N
http://localhost:3100/modellek/omoda/omoda-5,200,4,,BreadcrumbList Car ItemPage Organization WebSite,AggregateOffer Brand ContactPoint Country EngineSpecification ImageObject ListItem PropertyValue QuantitativeValue WarrantyPromise,http://localhost:3100/#organization,MISSING,http://localhost:3100/icons/icon-512.png,ImageObject: missing contentUrl | Organization: sameAs has 0 profile(s),BreadcrumbList|Car|ItemPage,Y,,N,,N
http://localhost:3100/modellek/xpeng/xpengg9,200,4,,BreadcrumbList Car ItemPage Organization WebSite,AggregateOffer Brand ContactPoint Country EngineSpecification ImageObject ListItem PropertyValue QuantitativeValue,http://localhost:3100/#organization,MISSING,http://localhost:3100/icons/icon-512.png,ImageObject: missing contentUrl | Organization: sameAs has 0 profile(s),BreadcrumbList|Car|ItemPage,Y,,N,,N
http://localhost:3100/modellek/voyah/voy_dreambev,200,4,,BreadcrumbList Car ItemPage Organization WebSite,AggregateOffer Brand ContactPoint Country EngineSpecification ImageObject ListItem PropertyValue QuantitativeValue,http://localhost:3100/#organization,MISSING,http://localhost:3100/icons/icon-512.png,ImageObject: missing contentUrl | Organization: sameAs has 0 profile(s),BreadcrumbList|Car|ItemPage,Y,,N,,N
http://localhost:3100/modellek/xpeng/g6,200,4,,BreadcrumbList Car ItemPage Organization WebSite,AggregateOffer Brand ContactPoint Country EngineSpecification ImageObject ListItem PropertyValue QuantitativeValue,http://localhost:3100/#organization,MISSING,http://localhost:3100/icons/icon-512.png,ImageObject: missing contentUrl | Organization: sameAs has 0 profile(s),BreadcrumbList|Car|ItemPage,Y,,N,,N
http://localhost:3100/modellek/mg/mg4-electric,200,4,,BreadcrumbList Car ItemPage Organization WebSite,AggregateOffer Brand ContactPoint Country EngineSpecification ImageObject ListItem PropertyValue QuantitativeValue WarrantyPromise,http://localhost:3100/#organization,MISSING,http://localhost:3100/icons/icon-512.png,ImageObject: missing contentUrl | Organization: sameAs has 0 profile(s),BreadcrumbList|Car|ItemPage,Y,,N,,N
http://localhost:3100/modellek/mg/mgs5-ev,200,4,,BreadcrumbList Car ItemPage Organization WebSite,AggregateOffer Brand ContactPoint Country EngineSpecification ImageObject ListItem PropertyValue QuantitativeValue WarrantyPromise,http://localhost:3100/#organization,MISSING,http://localhost:3100/icons/icon-512.png,ImageObject: missing contentUrl | Organization: sameAs has 0 profile(s),BreadcrumbList|Car|ItemPage,Y,,N,,N
http://localhost:3100/modellek/mg/mg-hs-hybrid-plus,200,4,,BreadcrumbList Car ItemPage Organization WebSite,AggregateOffer Brand ContactPoint Country EngineSpecification ImageObject ListItem PropertyValue QuantitativeValue WarrantyPromise,http://localhost:3100/#organization,MISSING,http://localhost:3100/icons/icon-512.png,ImageObject: missing contentUrl | Organization: sameAs has 0 profile(s),BreadcrumbList|Car|ItemPage,Y,,N,,N
http://localhost:3100/modellek/mg/mg-hs-phev,200,4,,BreadcrumbList Car ItemPage Organization WebSite,AggregateOffer Brand ContactPoint Country EngineSpecification ImageObject ListItem PropertyValue QuantitativeValue WarrantyPromise,http://localhost:3100/#organization,MISSING,http://localhost:3100/icons/icon-512.png,ImageObject: missing contentUrl | Organization: sameAs has 0 profile(s),BreadcrumbList|Car|ItemPage,Y,,N,,N
http://localhost:3100/modellek/dongfeng/dfshine,200,4,,BreadcrumbList Car ItemPage Organization WebSite,AggregateOffer Brand ContactPoint Country EngineSpecification ImageObject ListItem PropertyValue QuantitativeValue WarrantyPromise,http://localhost:3100/#organization,MISSING,http://localhost:3100/icons/icon-512.png,ImageObject: missing contentUrl | Organization: sameAs has 0 profile(s),BreadcrumbList|Car|ItemPage,Y,,N,,N
http://localhost:3100/modellek/voyah/dream-phev,200,4,,BreadcrumbList Car ItemPage Organization WebSite,AggregateOffer Brand ContactPoint Country EngineSpecification ImageObject ListItem PropertyValue QuantitativeValue,http://localhost:3100/#organization,MISSING,http://localhost:3100/icons/icon-512.png,ImageObject: missing contentUrl | Organization: sameAs has 0 profile(s),BreadcrumbList|Car|ItemPage,Y,,N,,N
http://localhost:3100/modellek/dongfeng/dfmherobev,200,4,,BreadcrumbList Car ItemPage Organization WebSite,Brand ContactPoint Country EngineSpecification ImageObject ListItem PropertyValue QuantitativeValue,http://localhost:3100/#organization,MISSING,http://localhost:3100/icons/icon-512.png,ImageObject: missing contentUrl | Organization: sameAs has 0 profile(s),BreadcrumbList|Car|ItemPage,Y,,N,,N
http://localhost:3100/modellek/byd/seal-u,200,4,,BreadcrumbList Car ItemPage Organization WebSite,AggregateOffer Brand ContactPoint Country EngineSpecification ImageObject ListItem PropertyValue QuantitativeValue,http://localhost:3100/#organization,MISSING,http://localhost:3100/icons/icon-512.png,ImageObject: missing contentUrl | Organization: sameAs has 0 profile(s),BreadcrumbList|Car|ItemPage,Y,,N,,N
http://localhost:3100/modellek/nio/et5,200,4,,BreadcrumbList Car ItemPage Organization WebSite,AggregateOffer Brand ContactPoint Country EngineSpecification ImageObject ListItem PropertyValue QuantitativeValue,http://localhost:3100/#organization,MISSING,http://localhost:3100/icons/icon-512.png,ImageObject: missing contentUrl | Organization: sameAs has 0 profile(s),BreadcrumbList|Car|ItemPage,Y,,N,,N
http://localhost:3100/modellek/geely/e5,200,4,,BreadcrumbList Car ItemPage Organization WebSite,AggregateOffer Brand ContactPoint Country EngineSpecification ImageObject ListItem PropertyValue QuantitativeValue WarrantyPromise,http://localhost:3100/#organization,MISSING,http://localhost:3100/icons/icon-512.png,ImageObject: missing contentUrl | Organization: sameAs has 0 profile(s),BreadcrumbList|Car|ItemPage,Y,,N,,N
http://localhost:3100/modellek/leapmotor/c10,200,4,,BreadcrumbList Car ItemPage Organization WebSite,AggregateOffer Brand ContactPoint Country EngineSpecification ImageObject ListItem PropertyValue QuantitativeValue WarrantyPromise,http://localhost:3100/#organization,MISSING,http://localhost:3100/icons/icon-512.png,ImageObject: missing contentUrl | Organization: sameAs has 0 profile(s),BreadcrumbList|Car|ItemPage,Y,,N,,N
http://localhost:3100/modellek/mg/mg-zs-hybrid-plus,200,4,,BreadcrumbList Car ItemPage Organization WebSite,AggregateOffer Brand ContactPoint Country EngineSpecification ImageObject ListItem PropertyValue QuantitativeValue WarrantyPromise,http://localhost:3100/#organization,MISSING,http://localhost:3100/icons/icon-512.png,ImageObject: missing contentUrl | Organization: sameAs has 0 profile(s),BreadcrumbList|Car|ItemPage,Y,,N,,N
http://localhost:3100/modellek/jaecoo/jaecoo-5,200,4,,BreadcrumbList Car ItemPage Organization WebSite,AggregateOffer Brand ContactPoint Country EngineSpecification ImageObject ListItem PropertyValue QuantitativeValue WarrantyPromise,http://localhost:3100/#organization,MISSING,http://localhost:3100/icons/icon-512.png,ImageObject: missing contentUrl | Organization: sameAs has 0 profile(s),BreadcrumbList|Car|ItemPage,Y,,N,,N
http://localhost:3100/modellek/dongfeng/dfbox,200,4,,BreadcrumbList Car ItemPage Organization WebSite,AggregateOffer Brand ContactPoint Country EngineSpecification ImageObject ListItem PropertyValue QuantitativeValue,http://localhost:3100/#organization,MISSING,http://localhost:3100/icons/icon-512.png,ImageObject: missing contentUrl | Organization: sameAs has 0 profile(s),BreadcrumbList|Car|ItemPage,Y,,N,,N
http://localhost:3100/modellek/xpeng/g9,200,4,,BreadcrumbList Car ItemPage Organization WebSite,AggregateOffer Brand ContactPoint Country EngineSpecification ImageObject ListItem PropertyValue QuantitativeValue,http://localhost:3100/#organization,MISSING,http://localhost:3100/icons/icon-512.png,ImageObject: missing contentUrl | Organization: sameAs has 0 profile(s),BreadcrumbList|Car|ItemPage,Y,,N,,N
http://localhost:3100/modellek/byd/atto-2,200,4,,BreadcrumbList Car ItemPage Organization WebSite,AggregateOffer Brand ContactPoint Country EngineSpecification ImageObject ListItem PropertyValue QuantitativeValue,http://localhost:3100/#organization,MISSING,http://localhost:3100/icons/icon-512.png,ImageObject: missing contentUrl | Organization: sameAs has 0 profile(s),BreadcrumbList|Car|ItemPage,Y,,N,,N
http://localhost:3100/modellek/dongfeng/forthing-u-tour-hev,200,4,,BreadcrumbList Car ItemPage Organization WebSite,AggregateOffer Brand ContactPoint Country EngineSpecification ImageObject ListItem PropertyValue QuantitativeValue,http://localhost:3100/#organization,MISSING,http://localhost:3100/icons/icon-512.png,ImageObject: missing contentUrl | Organization: sameAs has 0 profile(s),BreadcrumbList|Car|ItemPage,Y,,N,,N
http://localhost:3100/modellek/voyah/free-rev-318,200,4,,BreadcrumbList Car ItemPage Organization WebSite,AggregateOffer Brand ContactPoint Country EngineSpecification ImageObject ListItem PropertyValue QuantitativeValue,http://localhost:3100/#organization,MISSING,http://localhost:3100/icons/icon-512.png,ImageObject: missing contentUrl | Organization: sameAs has 0 profile(s),BreadcrumbList|Car|ItemPage,Y,,N,,N
http://localhost:3100/modellek/jaecoo/jaecoo-7,200,4,,BreadcrumbList Car ItemPage Organization WebSite,AggregateOffer Brand ContactPoint Country EngineSpecification ImageObject ListItem PropertyValue QuantitativeValue WarrantyPromise,http://localhost:3100/#organization,MISSING,http://localhost:3100/icons/icon-512.png,ImageObject: missing contentUrl | Organization: sameAs has 0 profile(s),BreadcrumbList|Car|ItemPage,Y,,N,,N
http://localhost:3100/modellek/jaecoo/jaecoo-5-ev,200,4,,BreadcrumbList Car ItemPage Organization WebSite,AggregateOffer Brand ContactPoint Country EngineSpecification ImageObject ListItem PropertyValue QuantitativeValue WarrantyPromise,http://localhost:3100/#organization,MISSING,http://localhost:3100/icons/icon-512.png,ImageObject: missing contentUrl | Organization: sameAs has 0 profile(s),BreadcrumbList|Car|ItemPage,Y,,N,,N
http://localhost:3100/modellek/chery/tiggo-8,200,4,,BreadcrumbList Car ItemPage Organization WebSite,AggregateOffer Brand ContactPoint Country EngineSpecification ImageObject ListItem PropertyValue QuantitativeValue WarrantyPromise,http://localhost:3100/#organization,MISSING,http://localhost:3100/icons/icon-512.png,ImageObject: missing contentUrl | Organization: sameAs has 0 profile(s),BreadcrumbList|Car|ItemPage,Y,,N,,N
http://localhost:3100/modellek/chery/tiggo-4,200,4,,BreadcrumbList Car ItemPage Organization WebSite,AggregateOffer Brand ContactPoint Country EngineSpecification ImageObject ListItem PropertyValue QuantitativeValue WarrantyPromise,http://localhost:3100/#organization,MISSING,http://localhost:3100/icons/icon-512.png,ImageObject: missing contentUrl | Organization: sameAs has 0 profile(s),BreadcrumbList|Car|ItemPage,Y,,N,,N
http://localhost:3100/modellek/byd/tang,200,4,,BreadcrumbList Car ItemPage Organization WebSite,AggregateOffer Brand ContactPoint Country EngineSpecification ImageObject ListItem PropertyValue QuantitativeValue,http://localhost:3100/#organization,MISSING,http://localhost:3100/icons/icon-512.png,ImageObject: missing contentUrl | Organization: sameAs has 0 profile(s),BreadcrumbList|Car|ItemPage,Y,,N,,N
http://localhost:3100/modellek/firefly/firefly,200,4,,BreadcrumbList Car ItemPage Organization WebSite,AggregateOffer Brand ContactPoint Country EngineSpecification ImageObject ListItem PropertyValue QuantitativeValue,http://localhost:3100/#organization,MISSING,http://localhost:3100/icons/icon-512.png,ImageObject: missing contentUrl | Organization: sameAs has 0 profile(s),BreadcrumbList|Car|ItemPage,Y,,N,,N
http://localhost:3100/modellek/mg/zs,200,4,,BreadcrumbList Car ItemPage Organization WebSite,AggregateOffer Brand ContactPoint Country EngineSpecification ImageObject ListItem PropertyValue QuantitativeValue WarrantyPromise,http://localhost:3100/#organization,MISSING,http://localhost:3100/icons/icon-512.png,ImageObject: missing contentUrl | Organization: sameAs has 0 profile(s),BreadcrumbList|Car|ItemPage,Y,,N,,N
http://localhost:3100/modellek/byd/atto-3,200,4,,BreadcrumbList Car ItemPage Organization WebSite,AggregateOffer Brand ContactPoint Country EngineSpecification ImageObject ListItem PropertyValue QuantitativeValue,http://localhost:3100/#organization,MISSING,http://localhost:3100/icons/icon-512.png,ImageObject: missing contentUrl | Organization: sameAs has 0 profile(s),BreadcrumbList|Car|ItemPage,Y,,N,,N
http://localhost:3100/modellek/baic/x55,200,4,,BreadcrumbList Car ItemPage Organization WebSite,AggregateOffer Brand ContactPoint Country EngineSpecification ImageObject ListItem PropertyValue QuantitativeValue,http://localhost:3100/#organization,MISSING,http://localhost:3100/icons/icon-512.png,ImageObject: missing contentUrl | Organization: sameAs has 0 profile(s),BreadcrumbList|Car|ItemPage,Y,,N,,N
http://localhost:3100/modellek/leapmotor/c10-hibrid-ev,200,4,,BreadcrumbList Car ItemPage Organization WebSite,AggregateOffer Brand ContactPoint Country EngineSpecification ImageObject ListItem PropertyValue QuantitativeValue WarrantyPromise,http://localhost:3100/#organization,MISSING,http://localhost:3100/icons/icon-512.png,ImageObject: missing contentUrl | Organization: sameAs has 0 profile(s),BreadcrumbList|Car|ItemPage,Y,,N,,N
http://localhost:3100/modellek/dongfeng/shine-gs,200,4,,BreadcrumbList Car ItemPage Organization WebSite,AggregateOffer Brand ContactPoint Country EngineSpecification ImageObject ListItem PropertyValue QuantitativeValue,http://localhost:3100/#organization,MISSING,http://localhost:3100/icons/icon-512.png,ImageObject: missing contentUrl | Organization: sameAs has 0 profile(s),BreadcrumbList|Car|ItemPage,Y,,N,,N
http://localhost:3100/modellek/omoda/omoda-5-shs-h,200,4,,BreadcrumbList Car ItemPage Organization WebSite,AggregateOffer Brand ContactPoint Country EngineSpecification ImageObject ListItem PropertyValue QuantitativeValue WarrantyPromise,http://localhost:3100/#organization,MISSING,http://localhost:3100/icons/icon-512.png,ImageObject: missing contentUrl | Organization: sameAs has 0 profile(s),BreadcrumbList|Car|ItemPage,Y,,N,,N
http://localhost:3100/modellek/baic/bj30e,200,4,,BreadcrumbList Car ItemPage Organization WebSite,AggregateOffer Brand ContactPoint Country EngineSpecification ImageObject ListItem PropertyValue QuantitativeValue WarrantyPromise,http://localhost:3100/#organization,MISSING,http://localhost:3100/icons/icon-512.png,ImageObject: missing contentUrl | Organization: sameAs has 0 profile(s),BreadcrumbList|Car|ItemPage,Y,,N,,N
http://localhost:3100/modellek/omoda/omoda-7-shs,200,4,,BreadcrumbList Car ItemPage Organization WebSite,Brand ContactPoint Country EngineSpecification ImageObject ListItem PropertyValue QuantitativeValue,http://localhost:3100/#organization,MISSING,http://localhost:3100/icons/icon-512.png,ImageObject: missing contentUrl | Organization: sameAs has 0 profile(s),BreadcrumbList|Car|ItemPage,Y,,N,,N
http://localhost:3100/modellek/byd/seal-6-dm-i,200,4,,BreadcrumbList Car ItemPage Organization WebSite,AggregateOffer Brand ContactPoint Country EngineSpecification ImageObject ListItem PropertyValue QuantitativeValue,http://localhost:3100/#organization,MISSING,http://localhost:3100/icons/icon-512.png,ImageObject: missing contentUrl | Organization: sameAs has 0 profile(s),BreadcrumbList|Car|ItemPage,Y,,N,,N
http://localhost:3100/modellek/mg/hs,200,4,,BreadcrumbList Car ItemPage Organization WebSite,AggregateOffer Brand ContactPoint Country EngineSpecification ImageObject ListItem PropertyValue QuantitativeValue WarrantyPromise,http://localhost:3100/#organization,MISSING,http://localhost:3100/icons/icon-512.png,ImageObject: missing contentUrl | Organization: sameAs has 0 profile(s),BreadcrumbList|Car|ItemPage,Y,,N,,N
http://localhost:3100/modellek/byd/dolphin,200,4,,BreadcrumbList Car ItemPage Organization WebSite,AggregateOffer Brand ContactPoint Country EngineSpecification ImageObject ListItem PropertyValue QuantitativeValue,http://localhost:3100/#organization,MISSING,http://localhost:3100/icons/icon-512.png,ImageObject: missing contentUrl | Organization: sameAs has 0 profile(s),BreadcrumbList|Car|ItemPage,Y,,N,,N
http://localhost:3100/modellek/xpeng/p7-plus,200,4,,BreadcrumbList Car ItemPage Organization WebSite,AggregateOffer Brand ContactPoint Country EngineSpecification ImageObject ListItem PropertyValue QuantitativeValue,http://localhost:3100/#organization,MISSING,http://localhost:3100/icons/icon-512.png,ImageObject: missing contentUrl | Organization: sameAs has 0 profile(s),BreadcrumbList|Car|ItemPage,Y,,N,,N
http://localhost:3100/modellek/dongfeng/dfutourv9phev,200,4,,BreadcrumbList Car ItemPage Organization WebSite,AggregateOffer Brand ContactPoint Country EngineSpecification ImageObject ListItem PropertyValue QuantitativeValue WarrantyPromise,http://localhost:3100/#organization,MISSING,http://localhost:3100/icons/icon-512.png,ImageObject: missing contentUrl | Organization: sameAs has 0 profile(s),BreadcrumbList|Car|ItemPage,Y,,N,,N
http://localhost:3100/modellek/dongfeng/df_t5evo_ev,200,4,,BreadcrumbList Car ItemPage Organization WebSite,AggregateOffer Brand ContactPoint Country EngineSpecification ImageObject ListItem PropertyValue QuantitativeValue WarrantyPromise,http://localhost:3100/#organization,MISSING,http://localhost:3100/icons/icon-512.png,ImageObject: missing contentUrl | Organization: sameAs has 0 profile(s),BreadcrumbList|Car|ItemPage,Y,,N,,N
http://localhost:3100/modellek/mg/mg3ice,200,4,,BreadcrumbList Car ItemPage Organization WebSite,AggregateOffer Brand ContactPoint Country EngineSpecification ImageObject ListItem PropertyValue QuantitativeValue WarrantyPromise,http://localhost:3100/#organization,MISSING,http://localhost:3100/icons/icon-512.png,ImageObject: missing contentUrl | Organization: sameAs has 0 profile(s),BreadcrumbList|Car|ItemPage,Y,,N,,N
http://localhost:3100/modellek/dongfeng/forthing-t5-evo,200,4,,BreadcrumbList Car ItemPage Organization WebSite,AggregateOffer Brand ContactPoint Country EngineSpecification ImageObject ListItem PropertyValue QuantitativeValue,http://localhost:3100/#organization,MISSING,http://localhost:3100/icons/icon-512.png,ImageObject: missing contentUrl | Organization: sameAs has 0 profile(s),BreadcrumbList|Car|ItemPage,Y,,N,,N
http://localhost:3100/modellek/jaecoo/jaecoo-7-shs-p,200,4,,BreadcrumbList Car ItemPage Organization WebSite,AggregateOffer Brand ContactPoint Country EngineSpecification ImageObject ListItem PropertyValue QuantitativeValue WarrantyPromise,http://localhost:3100/#organization,MISSING,http://localhost:3100/icons/icon-512.png,ImageObject: missing contentUrl | Organization: sameAs has 0 profile(s),BreadcrumbList|Car|ItemPage,Y,,N,,N
http://localhost:3100/modellek/geely/starray-em-i,200,4,,BreadcrumbList Car ItemPage Organization WebSite,AggregateOffer Brand ContactPoint Country EngineSpecification ImageObject ListItem PropertyValue QuantitativeValue,http://localhost:3100/#organization,MISSING,http://localhost:3100/icons/icon-512.png,ImageObject: missing contentUrl | Organization: sameAs has 0 profile(s),BreadcrumbList|Car|ItemPage,Y,,N,,N
http://localhost:3100/modellek/maxus/t60-max-pickup,200,4,,BreadcrumbList Car ItemPage Organization WebSite,AggregateOffer Brand ContactPoint Country EngineSpecification ImageObject ListItem PropertyValue QuantitativeValue WarrantyPromise,http://localhost:3100/#organization,MISSING,http://localhost:3100/icons/icon-512.png,ImageObject: missing contentUrl | Organization: sameAs has 0 profile(s),BreadcrumbList|Car|ItemPage,Y,,N,,N
http://localhost:3100/modellek/chery/tiggo-7,200,4,,BreadcrumbList Car ItemPage Organization WebSite,AggregateOffer Brand ContactPoint Country EngineSpecification ImageObject ListItem PropertyValue QuantitativeValue WarrantyPromise,http://localhost:3100/#organization,MISSING,http://localhost:3100/icons/icon-512.png,ImageObject: missing contentUrl | Organization: sameAs has 0 profile(s),BreadcrumbList|Car|ItemPage,Y,,N,,N
http://localhost:3100/modellek/voyah/courage-ev,200,4,,BreadcrumbList Car ItemPage Organization WebSite,AggregateOffer Brand ContactPoint Country ImageObject ListItem PropertyValue QuantitativeValue,http://localhost:3100/#organization,MISSING,http://localhost:3100/icons/icon-512.png,ImageObject: missing contentUrl | Organization: sameAs has 0 profile(s),BreadcrumbList|Car|ItemPage,Y,,N,,N
http://localhost:3100/modellek/leapmotor/lmb10phev,200,4,,BreadcrumbList Car ItemPage Organization WebSite,Brand ContactPoint Country EngineSpecification ImageObject ListItem PropertyValue QuantitativeValue,http://localhost:3100/#organization,MISSING,http://localhost:3100/icons/icon-512.png,ImageObject: missing contentUrl | Organization: sameAs has 0 profile(s),BreadcrumbList|Car|ItemPage,Y,,N,,N
http://localhost:3100/modellek/byd/seal-6-dm-i-touring,200,4,,BreadcrumbList Car ItemPage Organization WebSite,AggregateOffer Brand ContactPoint Country EngineSpecification ImageObject ListItem PropertyValue QuantitativeValue,http://localhost:3100/#organization,MISSING,http://localhost:3100/icons/icon-512.png,ImageObject: missing contentUrl | Organization: sameAs has 0 profile(s),BreadcrumbList|Car|ItemPage,Y,,N,,N
http://localhost:3100/modellek/voyah/voy_freebev,200,4,,BreadcrumbList Car ItemPage Organization WebSite,AggregateOffer Brand ContactPoint Country EngineSpecification ImageObject ListItem PropertyValue QuantitativeValue,http://localhost:3100/#organization,MISSING,http://localhost:3100/icons/icon-512.png,ImageObject: missing contentUrl | Organization: sameAs has 0 profile(s),BreadcrumbList|Car|ItemPage,Y,,N,,N
http://localhost:3100/modellek/baic/baicx7,200,4,,BreadcrumbList Car ItemPage Organization WebSite,AggregateOffer Brand ContactPoint Country EngineSpecification ImageObject ListItem PropertyValue QuantitativeValue WarrantyPromise,http://localhost:3100/#organization,MISSING,http://localhost:3100/icons/icon-512.png,ImageObject: missing contentUrl | Organization: sameAs has 0 profile(s),BreadcrumbList|Car|ItemPage,Y,,N,,N
http://localhost:3100/modellek/dongfeng/df_df6,200,4,,BreadcrumbList Car ItemPage Organization WebSite,AggregateOffer Brand ContactPoint Country EngineSpecification ImageObject ListItem PropertyValue QuantitativeValue WarrantyPromise,http://localhost:3100/#organization,MISSING,http://localhost:3100/icons/icon-512.png,ImageObject: missing contentUrl | Organization: sameAs has 0 profile(s),BreadcrumbList|Car|ItemPage,Y,,N,,N
http://localhost:3100/modellek/nio/EL_8,200,4,,BreadcrumbList Car ItemPage Organization WebSite,AggregateOffer Brand ContactPoint Country EngineSpecification ImageObject ListItem PropertyValue QuantitativeValue,http://localhost:3100/#organization,MISSING,http://localhost:3100/icons/icon-512.png,ImageObject: missing contentUrl | Organization: sameAs has 0 profile(s),BreadcrumbList|Car|ItemPage,Y,,N,,N
http://localhost:3100/modellek/dongfeng/fr_mhero917rev,200,4,,BreadcrumbList Car ItemPage Organization WebSite,AggregateOffer Brand ContactPoint Country EngineSpecification ImageObject ListItem PropertyValue QuantitativeValue,http://localhost:3100/#organization,MISSING,http://localhost:3100/icons/icon-512.png,ImageObject: missing contentUrl | Organization: sameAs has 0 profile(s),BreadcrumbList|Car|ItemPage,Y,,N,,N
http://localhost:3100/modellek/omoda/omoda-e5,200,4,,BreadcrumbList Car ItemPage Organization WebSite,AggregateOffer Brand ContactPoint Country EngineSpecification ImageObject ListItem PropertyValue QuantitativeValue WarrantyPromise,http://localhost:3100/#organization,MISSING,http://localhost:3100/icons/icon-512.png,ImageObject: missing contentUrl | Organization: sameAs has 0 profile(s),BreadcrumbList|Car|ItemPage,Y,,N,,N
http://localhost:3100/modellek/dongfeng/dfutour,200,4,,BreadcrumbList Car ItemPage Organization WebSite,AggregateOffer Brand ContactPoint Country EngineSpecification ImageObject ListItem PropertyValue QuantitativeValue WarrantyPromise,http://localhost:3100/#organization,MISSING,http://localhost:3100/icons/icon-512.png,ImageObject: missing contentUrl | Organization: sameAs has 0 profile(s),BreadcrumbList|Car|ItemPage,Y,,N,,N
http://localhost:3100/modellek/mg/mg-cyberster,200,4,,BreadcrumbList Car ItemPage Organization WebSite,AggregateOffer Brand ContactPoint Country EngineSpecification ImageObject ListItem PropertyValue QuantitativeValue WarrantyPromise,http://localhost:3100/#organization,MISSING,http://localhost:3100/icons/icon-512.png,ImageObject: missing contentUrl | Organization: sameAs has 0 profile(s),BreadcrumbList|Car|ItemPage,Y,,N,,N
http://localhost:3100/modellek/byd/dolphin-surf,200,4,,BreadcrumbList Car ItemPage Organization WebSite,AggregateOffer Brand ContactPoint Country EngineSpecification ImageObject ListItem PropertyValue QuantitativeValue,http://localhost:3100/#organization,MISSING,http://localhost:3100/icons/icon-512.png,ImageObject: missing contentUrl | Organization: sameAs has 0 profile(s),BreadcrumbList|Car|ItemPage,Y,,N,,N
