url,section,first_status,final_status,redirect_chain,elapsed_s,html_bytes,wire_bytes,content_encoding,cache_control,x_robots_tag,error,canonical,canonical_count,canonical_is_self,robots_meta,title,title_len,title_count,title_where,canonical_where,brand_in_title,meta_description,desc_len,desc_count,og_url,og_title,og_description,og_image,og_type,twitter_card,hreflang,jsonld_blocks,h1_count,h1,html_lang,main_text_chars,hu_char_share_main,meta_in_body,forbid_supabase.co,forbid_vercel.app,private_share_links
http://localhost:3100/,/,200,200,,0.019,555562,52110,gzip,"s-maxage=300, stale-while-revalidate=31535700",,,http://localhost:3100,1,Y,"index, follow","kinaiauto.com — kínai autók Magyarországon, 78 modell",53,1,head,head,1,"Független magyar kínai autó-iránytű: 78 Magyarországon kapható modell 14 márkától, kategória, ársáv és hajtás szerint szűrve.",125,1,http://localhost:3100,"kinaiauto.com — kínai autók Magyarországon, 78 modell","Független magyar kínai autó-iránytű: 78 Magyarországon kapható modell 14 márkától, kategória, ársáv és hajtás szerint szűrve.",http://localhost:3100/opengraph-image,website,summary_large_image,,2,1,Találd meg új kínai autódat kategória és ár alapján — majd kérj ajánlatokat egy kattintással.,hu,15574,8.91,0,0,0,0
http://localhost:3100/kinalat,/kinalat,200,200,,0.448,290140,44699,gzip,"private, no-cache, no-store, max-age=0, must-revalidate",,,http://localhost:3100/kinalat,1,Y,"index, follow","Kínai autók kínálata ár, hatótáv és méret szerint — kinaiauto.com",65,1,head,head,1,"A Magyarországon kapható kínai autók egy vizuális hasábon: szűrj kategóriára, hajtásra, márkára és ársávra, és lásd arányosan az árat, hatótávot…",145,1,http://localhost:3100/kinalat,"Kínai autók kínálata ár, hatótáv és méret szerint — kinaiauto.com","A Magyarországon kapható kínai autók egy vizuális hasábon: szűrj kategóriára, hajtásra, márkára és ársávra, és lásd arányosan az árat, hatótávot…",http://localhost:3100/opengraph-image,website,summary_large_image,,3,1,Lásd a tényleges különbségeket.,hu,4384,10.86,0,0,0,0
http://localhost:3100/osszehasonlitas,/osszehasonlitas,200,200,,0.019,186408,28664,gzip,"s-maxage=300, stale-while-revalidate=31535700",,,http://localhost:3100/osszehasonlitas,1,Y,"index, follow",Kínai autók összehasonlítása egymás mellett — kinaiauto.com,59,1,head,head,1,"Tegyél egymás mellé akár 4 kínai autót: ár, méret, csomagtartó, hatótáv, akkumulátor, teljesítmény. A táblázat soronként kiemeli a legjobb értéket.",147,1,http://localhost:3100/osszehasonlitas,Kínai autók összehasonlítása egymás mellett — kinaiauto.com,"Tegyél egymás mellé akár 4 kínai autót: ár, méret, csomagtartó, hatótáv, akkumulátor, teljesítmény. A táblázat soronként kiemeli a legjobb értéket.",http://localhost:3100/opengraph-image,website,summary_large_image,,3,1,"Tedd egymás mellé, és döntsd el.",hu,283,6.91,0,0,0,0
http://localhost:3100/tudastar,/tudastar,200,200,,0.01,79943,18567,gzip,s-maxage=31536000,,,http://localhost:3100/tudastar,1,Y,"index, follow",Tudástár — kínai autó vásárlás érthetően — kinaiauto.com,56,1,head,head,1,"Hajtástípusok, valós hatótáv, otthoni és nyilvános töltés, cégautóadó, illeték, lízing: vásárlói útmutató kínai autókhoz Magyarországon, 8 fejezetben.",150,1,http://localhost:3100/tudastar,Tudástár — kínai autó vásárlás érthetően — kinaiauto.com,"Hajtástípusok, valós hatótáv, otthoni és nyilvános töltés, cégautóadó, illeték, lízing: vásárlói útmutató kínai autókhoz Magyarországon, 8 fejezetben.",http://localhost:3100/opengraph-image,article,summary_large_image,,4,1,Kínai autók vásárlása érthetően.,hu,10678,10.38,0,0,0,0
http://localhost:3100/markak/byd,/markak/*,200,200,,0.018,193058,29430,gzip,"s-maxage=120, stale-while-revalidate=31535880",,,http://localhost:3100/markak/byd,1,Y,"index, follow","BYD autók Magyarországon — modellek, árak — kinaiauto.com",57,1,head,head,1,"BYD autók Magyarországon: 14 modell 8,0–29,5 millió Ft listaáron, elektromos, plug-in hibrid hajtással. Importőr: BYD Hungary Kft..",131,1,http://localhost:3100/markak/byd,"BYD autók Magyarországon — modellek, árak — kinaiauto.com","BYD autók Magyarországon: 14 modell 8,0–29,5 millió Ft listaáron, elektromos, plug-in hibrid hajtással. Importőr: BYD Hungary Kft..",https://minio.kinaiauto.com/car-photos/byd/sealion-7/exterior-1778761892342.jpg,website,summary_large_image,,5,1,BYD,hu,3836,10.18,0,0,0,0
http://localhost:3100/markak/chery,/markak/*,200,200,,0.015,109050,21164,gzip,"s-maxage=120, stale-while-revalidate=31535880",,,http://localhost:3100/markak/chery,1,Y,"index, follow","Chery autók Magyarországon — modellek, árak — kinaiauto.com",59,1,head,head,1,"Chery autók Magyarországon: 4 modell 9,2–20,0 millió Ft listaáron, plug-in hibrid, önttöltő hibrid hajtással. Importőr: Magyar Autópiac Kft. (mychery.hu).",154,1,http://localhost:3100/markak/chery,"Chery autók Magyarországon — modellek, árak — kinaiauto.com","Chery autók Magyarországon: 4 modell 9,2–20,0 millió Ft listaáron, plug-in hibrid, önttöltő hibrid hajtással. Importőr: Magyar Autópiac Kft. (mychery.hu).",https://minio.kinaiauto.com/car-photos/chery/tiggo-9/hero-1778673464632.jpg,website,summary_large_image,,5,1,Chery,hu,2177,8.33,0,0,0,0
http://localhost:3100/markak/omoda,/markak/*,200,200,,0.009,132646,23541,gzip,"s-maxage=120, stale-while-revalidate=31535880",,,http://localhost:3100/markak/omoda,1,Y,"index, follow","Omoda autók Magyarországon — modellek, árak — kinaiauto.com",59,1,head,head,1,"Omoda autók Magyarországon: 5 modell 9,5–22,0 millió Ft listaáron, plug-in hibrid, benzin, önttöltő hibrid, elektromos hajtással.",129,1,http://localhost:3100/markak/omoda,"Omoda autók Magyarországon — modellek, árak — kinaiauto.com","Omoda autók Magyarországon: 5 modell 9,5–22,0 millió Ft listaáron, plug-in hibrid, benzin, önttöltő hibrid, elektromos hajtással.",https://minio.kinaiauto.com/car-photos/omoda/omoda-9-shs-p/hero-1778749724323.jpg,website,summary_large_image,,5,1,Omoda,hu,3606,8.11,0,0,0,0
http://localhost:3100/markak/jaecoo,/markak/*,200,200,,0.014,124514,22608,gzip,"s-maxage=120, stale-while-revalidate=31535880",,,http://localhost:3100/markak/jaecoo,1,Y,"index, follow","Jaecoo autók Magyarországon — modellek, árak — kinaiauto.com",60,1,head,head,1,"Jaecoo autók Magyarországon: 4 modell 10,5–15,5 millió Ft listaáron, benzin, elektromos, plug-in hibrid hajtással. Importőr: Omoda & Jaecoo Hungary.",148,1,http://localhost:3100/markak/jaecoo,"Jaecoo autók Magyarországon — modellek, árak — kinaiauto.com","Jaecoo autók Magyarországon: 4 modell 10,5–15,5 millió Ft listaáron, benzin, elektromos, plug-in hibrid hajtással. Importőr: Omoda & Jaecoo Hungary.",https://minio.kinaiauto.com/car-photos/jaecoo/jaecoo-5/hero-1778674332842.jpg,website,summary_large_image,,5,1,Jaecoo,hu,3380,9.84,0,0,0,0
http://localhost:3100/markak/mg,/markak/*,200,200,,0.013,165018,27164,gzip,"s-maxage=120, stale-while-revalidate=31535880",,,http://localhost:3100/markak/mg,1,Y,"index, follow","MG autók Magyarországon — modellek, árak — kinaiauto.com",56,1,head,head,1,"MG autók Magyarországon: 10 modell 6,4–28,8 millió Ft listaáron, önttöltő hibrid, elektromos, plug-in hibrid, benzin hajtással.",127,1,http://localhost:3100/markak/mg,"MG autók Magyarországon — modellek, árak — kinaiauto.com","MG autók Magyarországon: 10 modell 6,4–28,8 millió Ft listaáron, önttöltő hibrid, elektromos, plug-in hibrid, benzin hajtással.",https://minio.kinaiauto.com/car-photos/mg/mg3-hybrid-plus/hero-1778752493763.jpg,website,summary_large_image,,5,1,MG,hu,3473,11.02,0,0,0,0
http://localhost:3100/markak/nio,/markak/*,200,200,,0.012,100411,19491,gzip,"s-maxage=120, stale-while-revalidate=31535880",,,http://localhost:3100/markak/nio,1,Y,"index, follow","NIO autók Magyarországon — modellek, árak — kinaiauto.com",57,1,head,head,1,"NIO autók Magyarországon: 4 modell 24,5–43,5 millió Ft listaáron, elektromos hajtással. Importőr: AutoWallis Group.",115,1,http://localhost:3100/markak/nio,"NIO autók Magyarországon — modellek, árak — kinaiauto.com","NIO autók Magyarországon: 4 modell 24,5–43,5 millió Ft listaáron, elektromos hajtással. Importőr: AutoWallis Group.",https://minio.kinaiauto.com/car-photos/nio/el6/hero-1778676636181.webp,website,summary_large_image,,5,1,NIO,hu,1388,7.14,0,0,0,0
http://localhost:3100/markak/firefly,/markak/*,200,200,,0.01,72050,15733,gzip,"s-maxage=120, stale-while-revalidate=31535880",,,http://localhost:3100/markak/firefly,1,Y,"index, follow","Firefly autók Magyarországon — modellek, árak — kinaiauto.com",61,1,head,head,1,"Firefly autók Magyarországon: 1 modell 12,0–13,0 millió Ft listaáron, elektromos hajtással. Importőr: AutoWallis Group.",119,1,http://localhost:3100/markak/firefly,"Firefly autók Magyarországon — modellek, árak — kinaiauto.com","Firefly autók Magyarországon: 1 modell 12,0–13,0 millió Ft listaáron, elektromos hajtással. Importőr: AutoWallis Group.",https://minio.kinaiauto.com/car-photos/firefly/firefly/hero-1778663957253.webp,website,summary_large_image,,5,1,Firefly,hu,988,8.94,0,0,0,0
http://localhost:3100/markak/xpeng,/markak/*,200,200,,0.011,103563,19925,gzip,"s-maxage=120, stale-while-revalidate=31535880",,,http://localhost:3100/markak/xpeng,1,Y,"index, follow","XPENG autók Magyarországon — modellek, árak — kinaiauto.com",59,1,head,head,1,"XPENG autók Magyarországon: 4 modell 18,0–35,9 millió Ft listaáron, elektromos hajtással. Importőr: AutoWallis Group.",117,1,http://localhost:3100/markak/xpeng,"XPENG autók Magyarországon — modellek, árak — kinaiauto.com","XPENG autók Magyarországon: 4 modell 18,0–35,9 millió Ft listaáron, elektromos hajtással. Importőr: AutoWallis Group.",https://minio.kinaiauto.com/car-photos/xpeng/xpengg9/exterior-1779434734166.webp,website,summary_large_image,,5,1,XPENG,hu,1937,10.0,0,0,0,0
http://localhost:3100/markak/leapmotor,/markak/*,200,200,,0.012,118317,21673,gzip,"s-maxage=120, stale-while-revalidate=31535880",,,http://localhost:3100/markak/leapmotor,1,Y,"index, follow","Leapmotor autók Magyarországon — modellek, árak — kinaiauto.com",63,1,head,head,1,"Leapmotor autók Magyarországon: 5 modell 7,8–17,9 millió Ft listaáron, elektromos, plug-in hibrid hajtással. Importőr: Duna Autó Zrt..",134,1,http://localhost:3100/markak/leapmotor,"Leapmotor autók Magyarországon — modellek, árak — kinaiauto.com","Leapmotor autók Magyarországon: 5 modell 7,8–17,9 millió Ft listaáron, elektromos, plug-in hibrid hajtással. Importőr: Duna Autó Zrt..",https://minio.kinaiauto.com/car-photos/leapmotor/t03/hero-1778747314385.png,website,summary_large_image,,5,1,Leapmotor,hu,2605,11.49,0,0,0,0
http://localhost:3100/markak/geely,/markak/*,200,200,,0.01,89969,18797,gzip,"s-maxage=120, stale-while-revalidate=31535880",,,http://localhost:3100/markak/geely,1,Y,"index, follow","Geely autók Magyarországon — modellek, árak — kinaiauto.com",59,1,head,head,1,"Geely autók Magyarországon: 2 modell 13,0–16,6 millió Ft listaáron, elektromos, plug-in hibrid hajtással. Importőr: Geely Hungary.",130,1,http://localhost:3100/markak/geely,"Geely autók Magyarországon — modellek, árak — kinaiauto.com","Geely autók Magyarországon: 2 modell 13,0–16,6 millió Ft listaáron, elektromos, plug-in hibrid hajtással. Importőr: Geely Hungary.",https://minio.kinaiauto.com/car-photos/geely/e5/hero-1778670334544.jpg,website,summary_large_image,,5,1,Geely,hu,1669,6.98,0,0,0,0
http://localhost:3100/markak/dongfeng,/markak/*,200,200,,0.013,206637,30668,gzip,"s-maxage=120, stale-while-revalidate=31535880",,,http://localhost:3100/markak/dongfeng,1,Y,"index, follow","Dongfeng autók Magyarországon — modellek, árak — kinaiauto.com",62,1,head,head,1,"Dongfeng autók Magyarországon: 14 modell 8,3–71,2 millió Ft listaáron, önttöltő hibrid, benzin, elektromos, plug-in hibrid, dízel hajtással.",140,1,http://localhost:3100/markak/dongfeng,"Dongfeng autók Magyarországon — modellek, árak — kinaiauto.com","Dongfeng autók Magyarországon: 14 modell 8,3–71,2 millió Ft listaáron, önttöltő hibrid, benzin, elektromos, plug-in hibrid, dízel hajtással.",https://minio.kinaiauto.com/car-photos/dongfeng/forthing-t5-evo-hev/hero-1778753813525.jpg,website,summary_large_image,,5,1,Dongfeng,hu,4085,9.65,0,0,0,0
http://localhost:3100/markak/voyah,/markak/*,200,200,,0.011,121804,22049,gzip,"s-maxage=120, stale-while-revalidate=31535880",,,http://localhost:3100/markak/voyah,1,Y,"index, follow","Voyah autók Magyarországon — modellek, árak — kinaiauto.com",59,1,head,head,1,"Voyah autók Magyarországon: 6 modell 24,1–44,2 millió Ft listaáron, plug-in hibrid, elektromos hajtással. Importőr: Voyah Magyarország.",135,1,http://localhost:3100/markak/voyah,"Voyah autók Magyarországon — modellek, árak — kinaiauto.com","Voyah autók Magyarországon: 6 modell 24,1–44,2 millió Ft listaáron, plug-in hibrid, elektromos hajtással. Importőr: Voyah Magyarország.",https://minio.kinaiauto.com/car-photos/voyah/voy_passion/exterior-1778905479406.webp,website,summary_large_image,,5,1,Voyah,hu,2115,5.83,0,0,0,0
http://localhost:3100/markak/baic,/markak/*,200,200,,0.011,99644,19187,gzip,"s-maxage=120, stale-while-revalidate=31535880",,,http://localhost:3100/markak/baic,1,Y,"index, follow","BAIC autók Magyarországon — modellek, árak — kinaiauto.com",58,1,head,head,1,"BAIC autók Magyarországon: 4 modell 12,0–25,0 millió Ft listaáron, önttöltő hibrid, benzin hajtással. Importőr: Gablini Csoport.",128,1,http://localhost:3100/markak/baic,"BAIC autók Magyarországon — modellek, árak — kinaiauto.com","BAIC autók Magyarországon: 4 modell 12,0–25,0 millió Ft listaáron, önttöltő hibrid, benzin hajtással. Importőr: Gablini Csoport.",https://minio.kinaiauto.com/car-photos/baic/baicbj60/hero-1778770212116.jpg,website,summary_large_image,,5,1,BAIC,hu,1428,5.47,0,0,0,0
http://localhost:3100/markak/maxus,/markak/*,200,200,,0.008,91225,18622,gzip,"s-maxage=120, stale-while-revalidate=31535880",,,http://localhost:3100/markak/maxus,1,Y,"index, follow","Maxus autók Magyarországon — modellek, árak — kinaiauto.com",59,1,head,head,1,"Maxus autók Magyarországon: 1 modell 19,0–19,0 millió Ft listaáron, dízel hajtással. Importőr: Maxus Magyarország.",114,1,http://localhost:3100/markak/maxus,"Maxus autók Magyarországon — modellek, árak — kinaiauto.com","Maxus autók Magyarországon: 1 modell 19,0–19,0 millió Ft listaáron, dízel hajtással. Importőr: Maxus Magyarország.",https://minio.kinaiauto.com/car-photos/maxus/t60-max-pickup/exterior-1778674838374.jpg,website,summary_large_image,,5,1,Maxus,hu,2266,10.87,0,0,0,0
http://localhost:3100/modellek/mg/mg3-hybrid-plus,/modellek/*,200,200,,0.024,283207,47651,gzip,"s-maxage=120, stale-while-revalidate=31535880",,,http://localhost:3100/modellek/mg/mg3-hybrid-plus,1,Y,"index, follow","MG MG3 Hybrid+ ára és adatai — 8,7 M Ft-tól — kinaiauto.com",59,1,head,head,1,"MG MG3 Hybrid+: városi kisautó, önttöltő hibrid hajtás, magyarországi listaár 8,7–9,9 millió Ft, 195 LE. Adatlap, változatok, garancia, kereskedők.",147,1,http://localhost:3100/modellek/mg/mg3-hybrid-plus,"MG MG3 Hybrid+ ára és adatai — 8,7 M Ft-tól — kinaiauto.com","MG MG3 Hybrid+: városi kisautó, önttöltő hibrid hajtás, magyarországi listaár 8,7–9,9 millió Ft, 195 LE. Adatlap, változatok, garancia, kereskedők.",https://minio.kinaiauto.com/car-photos/mg/mg3-hybrid-plus/hero-1778752493763.jpg,website,summary_large_image,,4,1,MG MG3 Hybrid+,hu,384,6.57,0,0,0,0
http://localhost:3100/modellek/dongfeng/forthing-t5-evo-hev,/modellek/*,200,200,,0.017,278084,46735,gzip,"s-maxage=120, stale-while-revalidate=31535880",,,http://localhost:3100/modellek/dongfeng/forthing-t5-evo-hev,1,Y,"index, follow","Dongfeng Forthing T5 EVO HEV ára és adatai — 15,8 M Ft-tól",58,1,head,head,0,"Dongfeng Forthing T5 EVO HEV: kompakt SUV, önttöltő hibrid hajtás, magyarországi listaár 15,8 millió Ft, 170 LE. Adatlap, változatok, garancia, kereskedők.",155,1,http://localhost:3100/modellek/dongfeng/forthing-t5-evo-hev,"Dongfeng Forthing T5 EVO HEV ára és adatai — 15,8 M Ft-tól","Dongfeng Forthing T5 EVO HEV: kompakt SUV, önttöltő hibrid hajtás, magyarországi listaár 15,8 millió Ft, 170 LE. Adatlap, változatok, garancia, kereskedők.",https://minio.kinaiauto.com/car-photos/dongfeng/forthing-t5-evo-hev/hero-1778753813525.jpg,website,summary_large_image,,4,1,Dongfeng Forthing T5 EVO HEV,hu,426,6.57,0,0,0,0
http://localhost:3100/modellek/byd/sealion-7,/modellek/*,200,200,,0.018,289899,47295,gzip,"s-maxage=120, stale-while-revalidate=31535880",,,http://localhost:3100/modellek/byd/sealion-7,1,Y,"index, follow","BYD Sealion 7 ára és adatai — 19,0 M Ft-tól — kinaiauto.com",59,1,head,head,1,"BYD Sealion 7: középméretű SUV, elektromos hajtás, magyarországi listaár 19,0–22,0 millió Ft, WLTP hatótáv 482–502 km, 523 LE.",126,1,http://localhost:3100/modellek/byd/sealion-7,"BYD Sealion 7 ára és adatai — 19,0 M Ft-tól — kinaiauto.com","BYD Sealion 7: középméretű SUV, elektromos hajtás, magyarországi listaár 19,0–22,0 millió Ft, WLTP hatótáv 482–502 km, 523 LE.",https://minio.kinaiauto.com/car-photos/byd/sealion-7/exterior-1778761892342.jpg,website,summary_large_image,,4,1,BYD Sealion 7,hu,423,6.57,0,0,0,0
http://localhost:3100/modellek/nio/el6,/modellek/*,200,200,,0.018,275995,45902,gzip,"s-maxage=120, stale-while-revalidate=31535880",,,http://localhost:3100/modellek/nio/el6,1,Y,"index, follow","NIO EL6 ára és adatai — 27,0 M Ft-tól — kinaiauto.com",53,1,head,head,1,"NIO EL6: nagy SUV, elektromos hajtás, magyarországi listaár 27,0–30,7 millió Ft, WLTP hatótáv 406–529 km, 490 LE. Adatlap, változatok, garancia, kereskedők.",156,1,http://localhost:3100/modellek/nio/el6,"NIO EL6 ára és adatai — 27,0 M Ft-tól — kinaiauto.com","NIO EL6: nagy SUV, elektromos hajtás, magyarországi listaár 27,0–30,7 millió Ft, WLTP hatótáv 406–529 km, 490 LE. Adatlap, változatok, garancia, kereskedők.",https://minio.kinaiauto.com/car-photos/nio/el6/hero-1778676636181.webp,website,summary_large_image,,4,1,NIO EL6,hu,312,6.57,0,0,0,0
http://localhost:3100/modellek/byd/seal-u-dm-i,/modellek/*,200,200,,0.019,277454,46329,gzip,"s-maxage=120, stale-while-revalidate=31535880",,,http://localhost:3100/modellek/byd/seal-u-dm-i,1,Y,"index, follow","BYD Seal U DM-i ára és adatai — 13,6 M Ft-tól — kinaiauto.com",61,1,head,head,1,"BYD Seal U DM-i: középméretű SUV, plug-in hibrid hajtás, magyarországi listaár 13,6–18,9 millió Ft, WLTP hatótáv 1125 km, 324 LE.",129,1,http://localhost:3100/modellek/byd/seal-u-dm-i,"BYD Seal U DM-i ára és adatai — 13,6 M Ft-tól — kinaiauto.com","BYD Seal U DM-i: középméretű SUV, plug-in hibrid hajtás, magyarországi listaár 13,6–18,9 millió Ft, WLTP hatótáv 1125 km, 324 LE.",https://minio.kinaiauto.com/car-photos/byd/seal-u-dm-i/hero-1778762075601.jpg,website,summary_large_image,,4,1,BYD Seal U DM-i,hu,423,6.57,0,0,0,0
http://localhost:3100/modellek/chery/tiggo-9,/modellek/*,200,200,,0.018,282432,47385,gzip,"s-maxage=120, stale-while-revalidate=31535880",,,http://localhost:3100/modellek/chery/tiggo-9,1,Y,"index, follow","Chery Tiggo 9 ára és adatai — 19,5 M Ft-tól — kinaiauto.com",59,1,head,head,1,"Chery Tiggo 9: nagy SUV, plug-in hibrid hajtás, magyarországi listaár 19,5–20,0 millió Ft, WLTP hatótáv 140 km, 428 LE.",119,1,http://localhost:3100/modellek/chery/tiggo-9,"Chery Tiggo 9 ára és adatai — 19,5 M Ft-tól — kinaiauto.com","Chery Tiggo 9: nagy SUV, plug-in hibrid hajtás, magyarországi listaár 19,5–20,0 millió Ft, WLTP hatótáv 140 km, 428 LE.",https://minio.kinaiauto.com/car-photos/chery/tiggo-9/hero-1778673464632.jpg,website,summary_large_image,,4,1,Chery Tiggo 9,hu,320,6.57,0,0,0,0
http://localhost:3100/modellek/nio/et5-touring,/modellek/*,200,200,,0.024,275876,45675,gzip,"s-maxage=120, stale-while-revalidate=31535880",,,http://localhost:3100/modellek/nio/et5-touring,1,Y,"index, follow","NIO ET5 Touring ára és adatai — 24,9 M Ft-tól — kinaiauto.com",61,1,head,head,1,"NIO ET5 Touring: kombi, elektromos hajtás, magyarországi listaár 24,9–28,6 millió Ft, WLTP hatótáv 435–560 km, 490 LE.",118,1,http://localhost:3100/modellek/nio/et5-touring,"NIO ET5 Touring ára és adatai — 24,9 M Ft-tól — kinaiauto.com","NIO ET5 Touring: kombi, elektromos hajtás, magyarországi listaár 24,9–28,6 millió Ft, WLTP hatótáv 435–560 km, 490 LE.",https://minio.kinaiauto.com/car-photos/nio/et5-touring/hero-1778675250250.webp,website,summary_large_image,,4,1,NIO ET5 Touring,hu,312,6.57,0,0,0,0
http://localhost:3100/modellek/leapmotor/t03,/modellek/*,200,200,,0.019,285171,47218,gzip,"s-maxage=120, stale-while-revalidate=31535880",,,http://localhost:3100/modellek/leapmotor/t03,1,Y,"index, follow","Leapmotor T03 ára és adatai — 7,8 M Ft-tól — kinaiauto.com",58,1,head,head,1,"Leapmotor T03: városi kisautó, elektromos hajtás, magyarországi listaár 7,8 millió Ft, WLTP hatótáv 265 km, 95 LE. Adatlap, változatok, garancia, kereskedők.",157,1,http://localhost:3100/modellek/leapmotor/t03,"Leapmotor T03 ára és adatai — 7,8 M Ft-tól — kinaiauto.com","Leapmotor T03: városi kisautó, elektromos hajtás, magyarországi listaár 7,8 millió Ft, WLTP hatótáv 265 km, 95 LE. Adatlap, változatok, garancia, kereskedők.",https://minio.kinaiauto.com/car-photos/leapmotor/t03/hero-1778747314385.png,website,summary_large_image,,4,1,Leapmotor T03,hu,322,6.57,0,0,0,0
http://localhost:3100/modellek/omoda/omoda-9-shs-p,/modellek/*,200,200,,0.019,298726,49166,gzip,"s-maxage=120, stale-while-revalidate=31535880",,,http://localhost:3100/modellek/omoda/omoda-9-shs-p,1,Y,"index, follow","Omoda Omoda 9 SHS-P ára és adatai — 22,0 M Ft-tól — kinaiauto.com",65,1,head,head,1,"Omoda Omoda 9 SHS-P: nagy SUV, plug-in hibrid hajtás, magyarországi listaár 22,0 millió Ft, WLTP hatótáv 1100 km, 462 LE.",121,1,http://localhost:3100/modellek/omoda/omoda-9-shs-p,"Omoda Omoda 9 SHS-P ára és adatai — 22,0 M Ft-tól — kinaiauto.com","Omoda Omoda 9 SHS-P: nagy SUV, plug-in hibrid hajtás, magyarországi listaár 22,0 millió Ft, WLTP hatótáv 1100 km, 462 LE.",https://minio.kinaiauto.com/car-photos/omoda/omoda-9-shs-p/hero-1778749724323.jpg,website,summary_large_image,,4,1,Omoda Omoda 9 SHS-P,hu,344,6.57,0,0,0,0
http://localhost:3100/modellek/byd/seal,/modellek/*,200,200,,0.018,283388,46602,gzip,"s-maxage=120, stale-while-revalidate=31535880",,,http://localhost:3100/modellek/byd/seal,1,Y,"index, follow","BYD Seal ára és adatai — 16,0 M Ft-tól — kinaiauto.com",54,1,head,head,1,"BYD Seal: szedán, elektromos hajtás, magyarországi listaár 16,0–20,0 millió Ft, WLTP hatótáv 460–570 km, 523 LE. Adatlap, változatok, garancia, kereskedők.",155,1,http://localhost:3100/modellek/byd/seal,"BYD Seal ára és adatai — 16,0 M Ft-tól — kinaiauto.com","BYD Seal: szedán, elektromos hajtás, magyarországi listaár 16,0–20,0 millió Ft, WLTP hatótáv 460–570 km, 523 LE. Adatlap, változatok, garancia, kereskedők.",https://minio.kinaiauto.com/car-photos/byd/seal/hero-1778762595469.jpg,website,summary_large_image,,4,1,BYD Seal,hu,423,6.57,0,0,0,0
http://localhost:3100/modellek/byd/Sealion_5_DM-i,/modellek/*,200,200,,0.019,278517,46462,gzip,"s-maxage=120, stale-while-revalidate=31535880",,,http://localhost:3100/modellek/byd/Sealion_5_DM-i,1,Y,"index, follow","BYD Sealion 5 DM-i ára és adatai — 13,2 M Ft-tól — kinaiauto.com",64,1,head,head,1,"BYD Sealion 5 DM-i: kompakt SUV, plug-in hibrid hajtás, magyarországi listaár 13,2–14,3 millió Ft, WLTP hatótáv 1016 km, 212 LE.",128,1,http://localhost:3100/modellek/byd/Sealion_5_DM-i,"BYD Sealion 5 DM-i ára és adatai — 13,2 M Ft-tól — kinaiauto.com","BYD Sealion 5 DM-i: kompakt SUV, plug-in hibrid hajtás, magyarországi listaár 13,2–14,3 millió Ft, WLTP hatótáv 1016 km, 212 LE.",https://minio.kinaiauto.com/car-photos/byd/Sealion_5_DM-i/hero-1778760709829.webp,website,summary_large_image,,4,1,BYD Sealion 5 DM-i,hu,423,6.57,0,0,0,0
http://localhost:3100/modellek/byd/atto-2-dm-i,/modellek/*,200,200,,0.019,276225,45828,gzip,"s-maxage=120, stale-while-revalidate=31535880",,,http://localhost:3100/modellek/byd/atto-2-dm-i,1,Y,"index, follow","BYD Atto 2 DM-i ára és adatai — 10,0 M Ft-tól — kinaiauto.com",61,1,head,head,1,"BYD Atto 2 DM-i: mini SUV, plug-in hibrid hajtás, magyarországi listaár 10,0–12,0 millió Ft, WLTP hatótáv 150 km, 212 LE.",121,1,http://localhost:3100/modellek/byd/atto-2-dm-i,"BYD Atto 2 DM-i ára és adatai — 10,0 M Ft-tól — kinaiauto.com","BYD Atto 2 DM-i: mini SUV, plug-in hibrid hajtás, magyarországi listaár 10,0–12,0 millió Ft, WLTP hatótáv 150 km, 212 LE.",https://minio.kinaiauto.com/car-photos/byd/atto-2-dm-i/hero-1778761142169.webp,website,summary_large_image,,4,1,BYD Atto 2 DM-i,hu,423,6.57,0,0,0,0
http://localhost:3100/modellek/baic/baicbj60,/modellek/*,200,200,,0.02,261692,44022,gzip,"s-maxage=120, stale-while-revalidate=31535880",,,http://localhost:3100/modellek/baic/baicbj60,1,Y,"index, follow","BAIC BJ60 ára és adatai — 25,0 M Ft-tól — kinaiauto.com",55,1,head,head,1,"BAIC BJ60: nagy SUV, önttöltő hibrid hajtás, magyarországi listaár 25,0 millió Ft, 266 LE. Adatlap, változatok, garancia, kereskedők.",133,1,http://localhost:3100/modellek/baic/baicbj60,"BAIC BJ60 ára és adatai — 25,0 M Ft-tól — kinaiauto.com","BAIC BJ60: nagy SUV, önttöltő hibrid hajtás, magyarországi listaár 25,0 millió Ft, 266 LE. Adatlap, változatok, garancia, kereskedők.",https://minio.kinaiauto.com/car-photos/baic/baicbj60/hero-1778770212116.jpg,website,summary_large_image,,4,1,BAIC BJ60,hu,306,6.57,0,0,0,0
http://localhost:3100/modellek/dongfeng/dfmage,/modellek/*,200,200,,0.019,281018,47032,gzip,"s-maxage=120, stale-while-revalidate=31535880",,,http://localhost:3100/modellek/dongfeng/dfmage,1,Y,"index, follow","Dongfeng MAGE ára és adatai — 9,4 M Ft-tól — kinaiauto.com",58,1,head,head,1,"Dongfeng MAGE: kompakt SUV, benzin hajtás, magyarországi listaár 9,4 millió Ft, 204 LE. Adatlap, változatok, garancia, kereskedők.",130,1,http://localhost:3100/modellek/dongfeng/dfmage,"Dongfeng MAGE ára és adatai — 9,4 M Ft-tól — kinaiauto.com","Dongfeng MAGE: kompakt SUV, benzin hajtás, magyarországi listaár 9,4 millió Ft, 204 LE. Adatlap, változatok, garancia, kereskedők.",https://minio.kinaiauto.com/car-photos/dongfeng/dfmage/exterior-1778902631789.webp,website,summary_large_image,,4,1,Dongfeng MAGE,hu,426,6.57,0,0,0,0
http://localhost:3100/modellek/voyah/voy_passion,/modellek/*,200,200,,0.018,269175,45096,gzip,"s-maxage=120, stale-while-revalidate=31535880",,,http://localhost:3100/modellek/voyah/voy_passion,1,Y,"index, follow","Voyah Passion PHEV ára és adatai — 26,0 M Ft-tól — kinaiauto.com",64,1,head,head,1,"Voyah Passion PHEV: szedán, plug-in hibrid hajtás, magyarországi listaár 26,0 millió Ft, 530 LE. Adatlap, változatok, garancia, kereskedők.",139,1,http://localhost:3100/modellek/voyah/voy_passion,"Voyah Passion PHEV ára és adatai — 26,0 M Ft-tól — kinaiauto.com","Voyah Passion PHEV: szedán, plug-in hibrid hajtás, magyarországi listaár 26,0 millió Ft, 530 LE. Adatlap, változatok, garancia, kereskedők.",https://minio.kinaiauto.com/car-photos/voyah/voy_passion/exterior-1778905479406.webp,website,summary_large_image,,4,1,Voyah Passion PHEV,hu,353,6.57,0,0,0,0
http://localhost:3100/modellek/byd/atto3evo,/modellek/*,200,200,,0.02,289791,47359,gzip,"s-maxage=120, stale-while-revalidate=31535880",,,http://localhost:3100/modellek/byd/atto3evo,1,Y,"index, follow","BYD Atto 3 EVO ára és adatai — 14,8 M Ft-tól — kinaiauto.com",60,1,head,head,1,"BYD Atto 3 EVO: kompakt SUV, elektromos hajtás, magyarországi listaár 14,8–18,5 millió Ft, WLTP hatótáv 510 km, 445 LE.",119,1,http://localhost:3100/modellek/byd/atto3evo,"BYD Atto 3 EVO ára és adatai — 14,8 M Ft-tól — kinaiauto.com","BYD Atto 3 EVO: kompakt SUV, elektromos hajtás, magyarországi listaár 14,8–18,5 millió Ft, WLTP hatótáv 510 km, 445 LE.",https://minio.kinaiauto.com/car-photos/byd/atto3evo/hero-1778768095241.webp,website,summary_large_image,,4,1,BYD Atto 3 EVO,hu,423,6.57,0,0,0,0
http://localhost:3100/modellek/dongfeng/dfs7,/modellek/*,200,200,,0.019,282218,46897,gzip,"s-maxage=120, stale-while-revalidate=31535880",,,http://localhost:3100/modellek/dongfeng/dfs7,1,Y,"index, follow","Dongfeng S7 ára és adatai — 14,3 M Ft-tól — kinaiauto.com",57,1,head,head,1,"Dongfeng S7: szedán, elektromos hajtás, magyarországi listaár 14,3 millió Ft, WLTP hatótáv 420 km, 218 LE. Adatlap, változatok, garancia, kereskedők.",149,1,http://localhost:3100/modellek/dongfeng/dfs7,"Dongfeng S7 ára és adatai — 14,3 M Ft-tól — kinaiauto.com","Dongfeng S7: szedán, elektromos hajtás, magyarországi listaár 14,3 millió Ft, WLTP hatótáv 420 km, 218 LE. Adatlap, változatok, garancia, kereskedők.",https://minio.kinaiauto.com/car-photos/dongfeng/dfs7/exterior-1778904211424.webp,website,summary_large_image,,4,1,Dongfeng S7,hu,426,6.57,0,0,0,0
http://localhost:3100/modellek/leapmotor/b10,/modellek/*,200,200,,0.018,295234,48036,gzip,"s-maxage=120, stale-while-revalidate=31535880",,,http://localhost:3100/modellek/leapmotor/b10,1,Y,"index, follow","Leapmotor B10 ára és adatai — 12,2 M Ft-tól — kinaiauto.com",59,1,head,head,1,"Leapmotor B10: kompakt SUV, elektromos hajtás, magyarországi listaár 12,2–15,0 millió Ft, WLTP hatótáv 435–173 km, 217 LE.",122,1,http://localhost:3100/modellek/leapmotor/b10,"Leapmotor B10 ára és adatai — 12,2 M Ft-tól — kinaiauto.com","Leapmotor B10: kompakt SUV, elektromos hajtás, magyarországi listaár 12,2–15,0 millió Ft, WLTP hatótáv 435–173 km, 217 LE.",https://minio.kinaiauto.com/car-photos/leapmotor/b10/hero-1778747659027.png,website,summary_large_image,,4,1,Leapmotor B10,hu,322,6.57,0,0,0,0
http://localhost:3100/modellek/omoda/omoda-5,/modellek/*,200,200,,0.022,301677,49757,gzip,"s-maxage=120, stale-while-revalidate=31535880",,,http://localhost:3100/modellek/omoda/omoda-5,1,Y,"index, follow","Omoda Omoda 5 ára és adatai — 9,5 M Ft-tól — kinaiauto.com",58,1,head,head,1,"Omoda Omoda 5: kompakt SUV, benzin hajtás, magyarországi listaár 9,5–12,0 millió Ft, WLTP hatótáv 500 km, 280 LE. Adatlap, változatok, garancia, kereskedők.",156,1,http://localhost:3100/modellek/omoda/omoda-5,"Omoda Omoda 5 ára és adatai — 9,5 M Ft-tól — kinaiauto.com","Omoda Omoda 5: kompakt SUV, benzin hajtás, magyarországi listaár 9,5–12,0 millió Ft, WLTP hatótáv 500 km, 280 LE. Adatlap, változatok, garancia, kereskedők.",https://minio.kinaiauto.com/car-photos/omoda/omoda-5/hero-1778749929827.jpg,website,summary_large_image,,4,1,Omoda Omoda 5,hu,344,6.57,0,0,0,0
http://localhost:3100/modellek/xpeng/xpengg9,/modellek/*,200,200,,0.019,290057,46843,gzip,"s-maxage=120, stale-while-revalidate=31535880",,,http://localhost:3100/modellek/xpeng/xpengg9,1,Y,"index, follow","XPENG X9 ára és adatai — 30,0 M Ft-tól — kinaiauto.com",54,1,head,head,1,"XPENG X9: egyterű / MPV, elektromos hajtás, magyarországi listaár 30,0–35,9 millió Ft, WLTP hatótáv 600 km, 370 LE. Adatlap, változatok, garancia, kereskedők.",158,1,http://localhost:3100/modellek/xpeng/xpengg9,"XPENG X9 ára és adatai — 30,0 M Ft-tól — kinaiauto.com","XPENG X9: egyterű / MPV, elektromos hajtás, magyarországi listaár 30,0–35,9 millió Ft, WLTP hatótáv 600 km, 370 LE. Adatlap, változatok, garancia, kereskedők.",https://minio.kinaiauto.com/car-photos/xpeng/xpengg9/exterior-1779434734166.webp,website,summary_large_image,,4,1,XPENG X9,hu,301,6.57,0,0,0,0
http://localhost:3100/modellek/voyah/voy_dreambev,/modellek/*,200,200,,0.015,273157,45624,gzip,"s-maxage=120, stale-while-revalidate=31535880",,,http://localhost:3100/modellek/voyah/voy_dreambev,1,Y,"index, follow","Voyah DREAM BEV ára és adatai — 44,2 M Ft-tól — kinaiauto.com",61,1,head,head,1,"Voyah DREAM BEV: egyterű / MPV, elektromos hajtás, magyarországi listaár 44,2 millió Ft, WLTP hatótáv 605 km, 435 LE.",117,1,http://localhost:3100/modellek/voyah/voy_dreambev,"Voyah DREAM BEV ára és adatai — 44,2 M Ft-tól — kinaiauto.com","Voyah DREAM BEV: egyterű / MPV, elektromos hajtás, magyarországi listaár 44,2 millió Ft, WLTP hatótáv 605 km, 435 LE.",https://minio.kinaiauto.com/car-photos/voyah/voy_dreambev/exterior-1779516444606.webp,website,summary_large_image,,4,1,Voyah DREAM BEV,hu,353,6.57,0,0,0,0
http://localhost:3100/modellek/xpeng/g6,/modellek/*,200,200,,0.018,285978,46206,gzip,"s-maxage=120, stale-while-revalidate=31535880",,,http://localhost:3100/modellek/xpeng/g6,1,Y,"index, follow","XPENG G6 ára és adatai — 18,0 M Ft-tól — kinaiauto.com",54,1,head,head,1,"XPENG G6: középméretű SUV, elektromos hajtás, magyarországi listaár 18,0–22,1 millió Ft, WLTP hatótáv 535 km, 480 LE.",117,1,http://localhost:3100/modellek/xpeng/g6,"XPENG G6 ára és adatai — 18,0 M Ft-tól — kinaiauto.com","XPENG G6: középméretű SUV, elektromos hajtás, magyarországi listaár 18,0–22,1 millió Ft, WLTP hatótáv 535 km, 480 LE.",https://minio.kinaiauto.com/car-photos/xpeng/g6/hero-1778748656169.webp,website,summary_large_image,,4,1,XPENG G6,hu,301,6.57,0,0,0,0
http://localhost:3100/modellek/mg/mg4-electric,/modellek/*,200,200,,0.02,301086,48891,gzip,"s-maxage=120, stale-while-revalidate=31535880",,,http://localhost:3100/modellek/mg/mg4-electric,1,Y,"index, follow","MG MG4 Electric ára és adatai — 11,3 M Ft-tól — kinaiauto.com",61,1,head,head,1,"MG MG4 Electric: kompakt ferdehátú, elektromos hajtás, magyarországi listaár 11,3–15,9 millió Ft, WLTP hatótáv 450 km, 435 LE.",126,1,http://localhost:3100/modellek/mg/mg4-electric,"MG MG4 Electric ára és adatai — 11,3 M Ft-tól — kinaiauto.com","MG MG4 Electric: kompakt ferdehátú, elektromos hajtás, magyarországi listaár 11,3–15,9 millió Ft, WLTP hatótáv 450 km, 435 LE.",https://minio.kinaiauto.com/car-photos/mg/mg4-electric/exterior-1778751369206.jpg,website,summary_large_image,,4,1,MG MG4 Electric,hu,384,6.57,0,0,0,0
http://localhost:3100/modellek/mg/mgs5-ev,/modellek/*,200,200,,0.018,299933,49232,gzip,"s-maxage=120, stale-while-revalidate=31535880",,,http://localhost:3100/modellek/mg/mgs5-ev,1,Y,"index, follow","MG MGS5 EV ára és adatai — 12,2 M Ft-tól — kinaiauto.com",56,1,head,head,1,"MG MGS5 EV: kompakt SUV, elektromos hajtás, magyarországi listaár 12,2–14,7 millió Ft, WLTP hatótáv 480 km, 231 LE. Adatlap, változatok, garancia, kereskedők.",158,1,http://localhost:3100/modellek/mg/mgs5-ev,"MG MGS5 EV ára és adatai — 12,2 M Ft-tól — kinaiauto.com","MG MGS5 EV: kompakt SUV, elektromos hajtás, magyarországi listaár 12,2–14,7 millió Ft, WLTP hatótáv 480 km, 231 LE. Adatlap, változatok, garancia, kereskedők.",https://minio.kinaiauto.com/car-photos/mg/mgs5-ev/hero-1778750454215.jpg,website,summary_large_image,,4,1,MG MGS5 EV,hu,384,6.57,0,0,0,0
http://localhost:3100/modellek/mg/mg-hs-hybrid-plus,/modellek/*,200,200,,0.018,279305,47124,gzip,"s-maxage=120, stale-while-revalidate=31535880",,,http://localhost:3100/modellek/mg/mg-hs-hybrid-plus,1,Y,"index, follow","MG MG HS Hybrid+ ára és adatai — 11,9 M Ft-tól — kinaiauto.com",62,1,head,head,1,"MG MG HS Hybrid+: középméretű SUV, önttöltő hibrid hajtás, magyarországi listaár 11,9–12,9 millió Ft, 224 LE. Adatlap, változatok, garancia, kereskedők.",152,1,http://localhost:3100/modellek/mg/mg-hs-hybrid-plus,"MG MG HS Hybrid+ ára és adatai — 11,9 M Ft-tól — kinaiauto.com","MG MG HS Hybrid+: középméretű SUV, önttöltő hibrid hajtás, magyarországi listaár 11,9–12,9 millió Ft, 224 LE. Adatlap, változatok, garancia, kereskedők.",https://minio.kinaiauto.com/car-photos/mg/mg-hs-hybrid-plus/hero-1778751458513.jpg,website,summary_large_image,,4,1,MG MG HS Hybrid+,hu,384,6.57,0,0,0,0
http://localhost:3100/modellek/mg/mg-hs-phev,/modellek/*,200,200,,0.019,285325,47785,gzip,"s-maxage=120, stale-while-revalidate=31535880",,,http://localhost:3100/modellek/mg/mg-hs-phev,1,Y,"index, follow","MG MG HS PHEV ára és adatai — 14,3 M Ft-tól — kinaiauto.com",59,1,head,head,1,"MG MG HS PHEV: középméretű SUV, plug-in hibrid hajtás, magyarországi listaár 14,3–15,4 millió Ft, WLTP hatótáv 100 km, 272 LE.",126,1,http://localhost:3100/modellek/mg/mg-hs-phev,"MG MG HS PHEV ára és adatai — 14,3 M Ft-tól — kinaiauto.com","MG MG HS PHEV: középméretű SUV, plug-in hibrid hajtás, magyarországi listaár 14,3–15,4 millió Ft, WLTP hatótáv 100 km, 272 LE.",https://minio.kinaiauto.com/car-photos/mg/mg-hs-phev/hero-1778751526729.jpg,website,summary_large_image,,4,1,MG MG HS PHEV,hu,384,6.57,0,0,0,0
http://localhost:3100/modellek/dongfeng/dfshine,/modellek/*,200,200,,0.029,280361,46592,gzip,"s-maxage=120, stale-while-revalidate=31535880",,,http://localhost:3100/modellek/dongfeng/dfshine,1,Y,"index, follow","Dongfeng Shine ára és adatai — 8,3 M Ft-tól — kinaiauto.com",59,1,head,head,1,"Dongfeng Shine: szedán, benzin hajtás, magyarországi listaár 8,3–9,0 millió Ft, 197 LE. Adatlap, változatok, garancia, kereskedők.",130,1,http://localhost:3100/modellek/dongfeng/dfshine,"Dongfeng Shine ára és adatai — 8,3 M Ft-tól — kinaiauto.com","Dongfeng Shine: szedán, benzin hajtás, magyarországi listaár 8,3–9,0 millió Ft, 197 LE. Adatlap, változatok, garancia, kereskedők.",https://minio.kinaiauto.com/car-photos/dongfeng/dfshine/exterior-1778901854075.webp,website,summary_large_image,,4,1,Dongfeng Shine,hu,426,6.57,0,0,0,0
http://localhost:3100/modellek/voyah/dream-phev,/modellek/*,200,200,,0.009,267557,44822,gzip,"s-maxage=120, stale-while-revalidate=31535880",,,http://localhost:3100/modellek/voyah/dream-phev,1,Y,"index, follow","Voyah Dream PHEV ára és adatai — 41,0 M Ft-tól — kinaiauto.com",62,1,head,head,1,"Voyah Dream PHEV: egyterű / MPV, plug-in hibrid hajtás, magyarországi listaár 41,0 millió Ft, WLTP hatótáv 236 km, 422 LE.",122,1,http://localhost:3100/modellek/voyah/dream-phev,"Voyah Dream PHEV ára és adatai — 41,0 M Ft-tól — kinaiauto.com","Voyah Dream PHEV: egyterű / MPV, plug-in hibrid hajtás, magyarországi listaár 41,0 millió Ft, WLTP hatótáv 236 km, 422 LE.",https://minio.kinaiauto.com/car-photos/voyah/dream-phev/exterior-1778754280927.webp,website,summary_large_image,,4,1,Voyah Dream PHEV,hu,353,6.57,0,0,0,0
http://localhost:3100/modellek/dongfeng/dfmherobev,/modellek/*,200,200,,0.019,281972,46592,gzip,"s-maxage=120, stale-while-revalidate=31535880",,,http://localhost:3100/modellek/dongfeng/dfmherobev,1,Y,"index, follow","Dongfeng MHERO 917 BEV — ár, adatok, adatlap — kinaiauto.com",60,1,head,head,1,"Dongfeng MHERO 917 BEV: nagy SUV, elektromos hajtás, WLTP hatótáv 505 km, 1088 LE. Adatlap, változatok, garancia, kereskedők.",125,1,http://localhost:3100/modellek/dongfeng/dfmherobev,"Dongfeng MHERO 917 BEV — ár, adatok, adatlap — kinaiauto.com","Dongfeng MHERO 917 BEV: nagy SUV, elektromos hajtás, WLTP hatótáv 505 km, 1088 LE. Adatlap, változatok, garancia, kereskedők.",https://minio.kinaiauto.com/car-photos/dongfeng/dfmherobev/exterior-1778906067417.webp,website,summary_large_image,,4,1,Dongfeng MHERO 917 BEV,hu,426,6.57,0,0,0,0
http://localhost:3100/modellek/byd/seal-u,/modellek/*,200,200,,0.02,288126,47033,gzip,"s-maxage=120, stale-while-revalidate=31535880",,,http://localhost:3100/modellek/byd/seal-u,1,Y,"index, follow","BYD Seal U ára és adatai — 17,0 M Ft-tól — kinaiauto.com",56,1,head,head,1,"BYD Seal U: középméretű SUV, elektromos hajtás, magyarországi listaár 17,0–19,0 millió Ft, WLTP hatótáv 500 km, 218 LE.",119,1,http://localhost:3100/modellek/byd/seal-u,"BYD Seal U ára és adatai — 17,0 M Ft-tól — kinaiauto.com","BYD Seal U: középméretű SUV, elektromos hajtás, magyarországi listaár 17,0–19,0 millió Ft, WLTP hatótáv 500 km, 218 LE.",https://minio.kinaiauto.com/car-photos/byd/seal-u/hero-1778761549471.png,website,summary_large_image,,4,1,BYD Seal U,hu,423,6.57,0,0,0,0
http://localhost:3100/modellek/nio/et5,/modellek/*,200,200,,0.019,276417,45967,gzip,"s-maxage=120, stale-while-revalidate=31535880",,,http://localhost:3100/modellek/nio/et5,1,Y,"index, follow","NIO ET5 ára és adatai — 24,5 M Ft-tól — kinaiauto.com",53,1,head,head,1,"NIO ET5: szedán, elektromos hajtás, magyarországi listaár 24,5–28,2 millió Ft, WLTP hatótáv 456–590 km, 490 LE. Adatlap, változatok, garancia, kereskedők.",154,1,http://localhost:3100/modellek/nio/et5,"NIO ET5 ára és adatai — 24,5 M Ft-tól — kinaiauto.com","NIO ET5: szedán, elektromos hajtás, magyarországi listaár 24,5–28,2 millió Ft, WLTP hatótáv 456–590 km, 490 LE. Adatlap, változatok, garancia, kereskedők.",https://minio.kinaiauto.com/car-photos/nio/et5/hero-1778410749209.webp,website,summary_large_image,,4,1,NIO ET5,hu,312,6.57,0,0,0,0
http://localhost:3100/modellek/geely/e5,/modellek/*,200,200,,0.019,285505,46801,gzip,"s-maxage=120, stale-while-revalidate=31535880",,,http://localhost:3100/modellek/geely/e5,1,Y,"index, follow","Geely E5 ára és adatai — 15,0 M Ft-tól — kinaiauto.com",54,1,head,head,1,"Geely E5: középméretű SUV, elektromos hajtás, magyarországi listaár 15,0–16,6 millió Ft, WLTP hatótáv 475 km, 218 LE.",117,1,http://localhost:3100/modellek/geely/e5,"Geely E5 ára és adatai — 15,0 M Ft-tól — kinaiauto.com","Geely E5: középméretű SUV, elektromos hajtás, magyarországi listaár 15,0–16,6 millió Ft, WLTP hatótáv 475 km, 218 LE.",https://minio.kinaiauto.com/car-photos/geely/e5/hero-1778670334544.jpg,website,summary_large_image,,4,1,Geely E5,hu,306,6.57,0,0,0,0
http://localhost:3100/modellek/leapmotor/c10,/modellek/*,200,200,,0.019,296498,48037,gzip,"s-maxage=120, stale-while-revalidate=31535880",,,http://localhost:3100/modellek/leapmotor/c10,1,Y,"index, follow","Leapmotor C10 ára és adatai — 15,0 M Ft-tól — kinaiauto.com",59,1,head,head,1,"Leapmotor C10: középméretű SUV, elektromos hajtás, magyarországi listaár 15,0–17,9 millió Ft, WLTP hatótáv 510 km, 295 LE.",122,1,http://localhost:3100/modellek/leapmotor/c10,"Leapmotor C10 ára és adatai — 15,0 M Ft-tól — kinaiauto.com","Leapmotor C10: középméretű SUV, elektromos hajtás, magyarországi listaár 15,0–17,9 millió Ft, WLTP hatótáv 510 km, 295 LE.",https://minio.kinaiauto.com/car-photos/leapmotor/c10/hero-1778747736499.png,website,summary_large_image,,4,1,Leapmotor C10,hu,322,6.57,0,0,0,0
http://localhost:3100/modellek/mg/mg-zs-hybrid-plus,/modellek/*,200,200,,0.019,279776,47234,gzip,"s-maxage=120, stale-while-revalidate=31535880",,,http://localhost:3100/modellek/mg/mg-zs-hybrid-plus,1,Y,"index, follow","MG MG ZS Hybrid+ ára és adatai — 10,4 M Ft-tól — kinaiauto.com",62,1,head,head,1,"MG MG ZS Hybrid+: kompakt SUV, önttöltő hibrid hajtás, magyarországi listaár 10,4–12,1 millió Ft, 197 LE. Adatlap, változatok, garancia, kereskedők.",148,1,http://localhost:3100/modellek/mg/mg-zs-hybrid-plus,"MG MG ZS Hybrid+ ára és adatai — 10,4 M Ft-tól — kinaiauto.com","MG MG ZS Hybrid+: kompakt SUV, önttöltő hibrid hajtás, magyarországi listaár 10,4–12,1 millió Ft, 197 LE. Adatlap, változatok, garancia, kereskedők.",https://minio.kinaiauto.com/car-photos/mg/mg-zs-hybrid-plus/hero-1778752042009.jpg,website,summary_large_image,,4,1,MG MG ZS Hybrid+,hu,384,6.57,0,0,0,0
http://localhost:3100/modellek/jaecoo/jaecoo-5,/modellek/*,200,200,,0.019,289454,47952,gzip,"s-maxage=120, stale-while-revalidate=31535880",,,http://localhost:3100/modellek/jaecoo/jaecoo-5,1,Y,"index, follow","Jaecoo Jaecoo 5 ára és adatai — 10,5 M Ft-tól — kinaiauto.com",61,1,head,head,1,"Jaecoo Jaecoo 5: kompakt SUV, benzin hajtás, magyarországi listaár 10,5 millió Ft, 147 LE. Adatlap, változatok, garancia, kereskedők.",133,1,http://localhost:3100/modellek/jaecoo/jaecoo-5,"Jaecoo Jaecoo 5 ára és adatai — 10,5 M Ft-tól — kinaiauto.com","Jaecoo Jaecoo 5: kompakt SUV, benzin hajtás, magyarországi listaár 10,5 millió Ft, 147 LE. Adatlap, változatok, garancia, kereskedők.",https://minio.kinaiauto.com/car-photos/jaecoo/jaecoo-5/hero-1778674332842.jpg,website,summary_large_image,,4,1,Jaecoo Jaecoo 5,hu,333,6.57,0,0,0,0
http://localhost:3100/modellek/dongfeng/dfbox,/modellek/*,200,200,,0.028,286044,47920,gzip,"s-maxage=120, stale-while-revalidate=31535880",,,http://localhost:3100/modellek/dongfeng/dfbox,1,Y,"index, follow","Dongfeng Box ára és adatai — 10,5 M Ft-tól — kinaiauto.com",58,1,head,head,1,"Dongfeng Box : városi kisautó, elektromos hajtás, magyarországi listaár 10,5 millió Ft, WLTP hatótáv 340 km, 95 LE. Adatlap, változatok, garancia, kereskedők.",158,1,http://localhost:3100/modellek/dongfeng/dfbox,"Dongfeng Box  ára és adatai — 10,5 M Ft-tól — kinaiauto.com","Dongfeng Box : városi kisautó, elektromos hajtás, magyarországi listaár 10,5 millió Ft, WLTP hatótáv 340 km, 95 LE. Adatlap, változatok, garancia, kereskedők.",https://minio.kinaiauto.com/car-photos/dongfeng/box-e1/hero-1778753030994.jpg,website,summary_large_image,,4,1,Dongfeng Box,hu,426,6.57,0,0,0,0
http://localhost:3100/modellek/xpeng/g9,/modellek/*,200,200,,0.02,287076,46435,gzip,"s-maxage=120, stale-while-revalidate=31535880",,,http://localhost:3100/modellek/xpeng/g9,1,Y,"index, follow","XPENG G9 ára és adatai — 22,0 M Ft-tól — kinaiauto.com",54,1,head,head,1,"XPENG G9: nagy SUV, elektromos hajtás, magyarországi listaár 22,0–29,8 millió Ft, WLTP hatótáv 585 km, 575 LE. Adatlap, változatok, garancia, kereskedők.",153,1,http://localhost:3100/modellek/xpeng/g9,"XPENG G9 ára és adatai — 22,0 M Ft-tól — kinaiauto.com","XPENG G9: nagy SUV, elektromos hajtás, magyarországi listaár 22,0–29,8 millió Ft, WLTP hatótáv 585 km, 575 LE. Adatlap, változatok, garancia, kereskedők.",https://minio.kinaiauto.com/car-photos/xpeng/g9/hero-1778748733825.webp,website,summary_large_image,,4,1,XPENG G9,hu,301,6.57,0,0,0,0
http://localhost:3100/modellek/byd/atto-2,/modellek/*,200,200,,0.02,292063,47158,gzip,"s-maxage=120, stale-while-revalidate=31535880",,,http://localhost:3100/modellek/byd/atto-2,1,Y,"index, follow","BYD Atto 2 ára és adatai — 11,5 M Ft-tól — kinaiauto.com",56,1,head,head,1,"BYD Atto 2: mini SUV, elektromos hajtás, magyarországi listaár 11,5–14,9 millió Ft, WLTP hatótáv 312–430 km, 201 LE.",116,1,http://localhost:3100/modellek/byd/atto-2,"BYD Atto 2 ára és adatai — 11,5 M Ft-tól — kinaiauto.com","BYD Atto 2: mini SUV, elektromos hajtás, magyarországi listaár 11,5–14,9 millió Ft, WLTP hatótáv 312–430 km, 201 LE.",https://minio.kinaiauto.com/car-photos/byd/atto-2/hero-1778760931618.jpg,website,summary_large_image,,4,1,BYD Atto 2,hu,423,6.57,0,0,0,0
http://localhost:3100/modellek/dongfeng/forthing-u-tour-hev,/modellek/*,200,200,,0.019,276066,46595,gzip,"s-maxage=120, stale-while-revalidate=31535880",,,http://localhost:3100/modellek/dongfeng/forthing-u-tour-hev,1,Y,"index, follow","Dongfeng Forthing U-Tour HEV ára és adatai — 16,9 M Ft-tól",58,1,head,head,0,"Dongfeng Forthing U-Tour HEV: egyterű / MPV, önttöltő hibrid hajtás, magyarországi listaár 16,9 millió Ft, 170 LE. Adatlap, változatok, garancia, kereskedők.",157,1,http://localhost:3100/modellek/dongfeng/forthing-u-tour-hev,"Dongfeng Forthing U-Tour HEV ára és adatai — 16,9 M Ft-tól","Dongfeng Forthing U-Tour HEV: egyterű / MPV, önttöltő hibrid hajtás, magyarországi listaár 16,9 millió Ft, 170 LE. Adatlap, változatok, garancia, kereskedők.",https://minio.kinaiauto.com/car-photos/dongfeng/forthing-u-tour-hev/hero-1778753991828.jpg,website,summary_large_image,,4,1,Dongfeng Forthing U-Tour HEV,hu,426,6.57,0,0,0,0
http://localhost:3100/modellek/voyah/free-rev-318,/modellek/*,200,200,,0.018,264332,44940,gzip,"s-maxage=120, stale-while-revalidate=31535880",,,http://localhost:3100/modellek/voyah/free-rev-318,1,Y,"index, follow","Voyah Free REV 318 ára és adatai — 26,0 M Ft-tól — kinaiauto.com",64,1,head,head,1,"Voyah Free REV 318: nagy SUV, plug-in hibrid hajtás, magyarországi listaár 26,0–27,0 millió Ft, WLTP hatótáv 1200 km, 490 LE.",125,1,http://localhost:3100/modellek/voyah/free-rev-318,"Voyah Free REV 318 ára és adatai — 26,0 M Ft-tól — kinaiauto.com","Voyah Free REV 318: nagy SUV, plug-in hibrid hajtás, magyarországi listaár 26,0–27,0 millió Ft, WLTP hatótáv 1200 km, 490 LE.",https://minio.kinaiauto.com/car-photos/voyah/free-rev-318/hero-1778754529969.webp,website,summary_large_image,,4,1,Voyah Free REV 318,hu,353,6.57,0,0,0,0
http://localhost:3100/modellek/jaecoo/jaecoo-7,/modellek/*,200,200,,0.021,292588,48293,gzip,"s-maxage=120, stale-while-revalidate=31535880",,,http://localhost:3100/modellek/jaecoo/jaecoo-7,1,Y,"index, follow","Jaecoo Jaecoo 7 ára és adatai — 11,5 M Ft-tól — kinaiauto.com",61,1,head,head,1,"Jaecoo Jaecoo 7: középméretű SUV, benzin hajtás, magyarországi listaár 11,5–13,0 millió Ft, 147 LE. Adatlap, változatok, garancia, kereskedők.",142,1,http://localhost:3100/modellek/jaecoo/jaecoo-7,"Jaecoo Jaecoo 7 ára és adatai — 11,5 M Ft-tól — kinaiauto.com","Jaecoo Jaecoo 7: középméretű SUV, benzin hajtás, magyarországi listaár 11,5–13,0 millió Ft, 147 LE. Adatlap, változatok, garancia, kereskedők.",https://minio.kinaiauto.com/car-photos/jaecoo/jaecoo-7/hero-1778674101626.png,website,summary_large_image,,4,1,Jaecoo Jaecoo 7,hu,333,6.57,0,0,0,0
http://localhost:3100/modellek/jaecoo/jaecoo-5-ev,/modellek/*,200,200,,0.018,303007,49912,gzip,"s-maxage=120, stale-while-revalidate=31535880",,,http://localhost:3100/modellek/jaecoo/jaecoo-5-ev,1,Y,"index, follow","Jaecoo Jaecoo 5 ev ára és adatai — 15,0 M Ft-tól — kinaiauto.com",64,1,head,head,1,"Jaecoo Jaecoo 5 ev: kompakt SUV, elektromos hajtás, magyarországi listaár 15,0–15,5 millió Ft, WLTP hatótáv 402 km, 211 LE.",123,1,http://localhost:3100/modellek/jaecoo/jaecoo-5-ev,"Jaecoo Jaecoo 5 ev ára és adatai — 15,0 M Ft-tól — kinaiauto.com","Jaecoo Jaecoo 5 ev: kompakt SUV, elektromos hajtás, magyarországi listaár 15,0–15,5 millió Ft, WLTP hatótáv 402 km, 211 LE.",https://minio.kinaiauto.com/car-photos/jaecoo/jaecoo-5-ev/hero-1778674573749.jpg,website,summary_large_image,,4,1,Jaecoo Jaecoo 5 ev,hu,333,6.57,0,0,0,0
http://localhost:3100/modellek/chery/tiggo-8,/modellek/*,200,200,,0.018,280477,47442,gzip,"s-maxage=120, stale-while-revalidate=31535880",,,http://localhost:3100/modellek/chery/tiggo-8,1,Y,"index, follow","Chery Tiggo 8 ára és adatai — 13,9 M Ft-tól — kinaiauto.com",59,1,head,head,1,"Chery Tiggo 8: nagy SUV, önttöltő hibrid hajtás, magyarországi listaár 13,9–16,7 millió Ft, WLTP hatótáv 1050 km, 279 LE.",121,1,http://localhost:3100/modellek/chery/tiggo-8,"Chery Tiggo 8 ára és adatai — 13,9 M Ft-tól — kinaiauto.com","Chery Tiggo 8: nagy SUV, önttöltő hibrid hajtás, magyarországi listaár 13,9–16,7 millió Ft, WLTP hatótáv 1050 km, 279 LE.",https://minio.kinaiauto.com/car-photos/chery/tiggo-8/hero-1778673288559.jpg,website,summary_large_image,,4,1,Chery Tiggo 8,hu,320,6.57,0,0,0,0
http://localhost:3100/modellek/chery/tiggo-4,/modellek/*,200,200,,0.019,279047,47280,gzip,"s-maxage=120, stale-while-revalidate=31535880",,,http://localhost:3100/modellek/chery/tiggo-4,1,Y,"index, follow","Chery Tiggo 4 ára és adatai — 9,2 M Ft-tól — kinaiauto.com",58,1,head,head,1,"Chery Tiggo 4: kompakt SUV, önttöltő hibrid hajtás, magyarországi listaár 9,2–11,0 millió Ft, WLTP hatótáv 950 km, 163 LE.",122,1,http://localhost:3100/modellek/chery/tiggo-4,"Chery Tiggo 4 ára és adatai — 9,2 M Ft-tól — kinaiauto.com","Chery Tiggo 4: kompakt SUV, önttöltő hibrid hajtás, magyarországi listaár 9,2–11,0 millió Ft, WLTP hatótáv 950 km, 163 LE.",https://minio.kinaiauto.com/car-photos/chery/tiggo-4/exterior-1778579251102.jpg,website,summary_large_image,,4,1,Chery Tiggo 4,hu,320,6.57,0,0,0,0
http://localhost:3100/modellek/byd/tang,/modellek/*,200,200,,0.019,281238,46871,gzip,"s-maxage=120, stale-while-revalidate=31535880",,,http://localhost:3100/modellek/byd/tang,1,Y,"index, follow","BYD Tang ára és adatai — 25,0 M Ft-tól — kinaiauto.com",54,1,head,head,1,"BYD Tang: nagy SUV, elektromos hajtás, magyarországi listaár 25,0–29,5 millió Ft, WLTP hatótáv 530 km, 259 LE. Adatlap, változatok, garancia, kereskedők.",153,1,http://localhost:3100/modellek/byd/tang,"BYD Tang ára és adatai — 25,0 M Ft-tól — kinaiauto.com","BYD Tang: nagy SUV, elektromos hajtás, magyarországi listaár 25,0–29,5 millió Ft, WLTP hatótáv 530 km, 259 LE. Adatlap, változatok, garancia, kereskedők.",https://minio.kinaiauto.com/car-photos/byd/tang/hero-1778760549275.jpg,website,summary_large_image,,4,1,BYD Tang,hu,423,6.57,0,0,0,0
http://localhost:3100/modellek/firefly/firefly,/modellek/*,200,200,,0.019,274141,45488,gzip,"s-maxage=120, stale-while-revalidate=31535880",,,http://localhost:3100/modellek/firefly/firefly,1,Y,"index, follow","Firefly Firefly ára és adatai — 12,0 M Ft-tól — kinaiauto.com",61,1,head,head,1,"Firefly Firefly: városi kisautó, elektromos hajtás, magyarországi listaár 12,0–13,0 millió Ft, WLTP hatótáv 330 km, 143 LE.",123,1,http://localhost:3100/modellek/firefly/firefly,"Firefly Firefly ára és adatai — 12,0 M Ft-tól — kinaiauto.com","Firefly Firefly: városi kisautó, elektromos hajtás, magyarországi listaár 12,0–13,0 millió Ft, WLTP hatótáv 330 km, 143 LE.",https://minio.kinaiauto.com/car-photos/firefly/firefly/hero-1778663957253.webp,website,summary_large_image,,4,1,Firefly Firefly,hu,299,6.57,0,0,0,0
http://localhost:3100/modellek/mg/zs,/modellek/*,200,200,,0.018,278112,47027,gzip,"s-maxage=120, stale-while-revalidate=31535880",,,http://localhost:3100/modellek/mg/zs,1,Y,"index, follow","MG MG ZS ára és adatai — 7,5 M Ft-tól — kinaiauto.com",53,1,head,head,1,"MG MG ZS: kompakt SUV, benzin hajtás, magyarországi listaár 7,5–8,5 millió Ft, 116 LE. Adatlap, változatok, garancia, kereskedők.",129,1,http://localhost:3100/modellek/mg/zs,"MG MG ZS ára és adatai — 7,5 M Ft-tól — kinaiauto.com","MG MG ZS: kompakt SUV, benzin hajtás, magyarországi listaár 7,5–8,5 millió Ft, 116 LE. Adatlap, változatok, garancia, kereskedők.",https://minio.kinaiauto.com/car-photos/mg/zs/hero-1778751980892.webp,website,summary_large_image,,4,1,MG MG ZS,hu,384,6.57,0,0,0,0
http://localhost:3100/modellek/byd/atto-3,/modellek/*,200,200,,0.027,278679,46390,gzip,"s-maxage=120, stale-while-revalidate=31535880",,,http://localhost:3100/modellek/byd/atto-3,1,Y,"index, follow","BYD Atto 3 ára és adatai — 12,0 M Ft-tól — kinaiauto.com",56,1,head,head,1,"BYD Atto 3: kompakt SUV, elektromos hajtás, magyarországi listaár 12,0–17,0 millió Ft, WLTP hatótáv 420 km, 204 LE. Adatlap, változatok, garancia, kereskedők.",158,1,http://localhost:3100/modellek/byd/atto-3,"BYD Atto 3 ára és adatai — 12,0 M Ft-tól — kinaiauto.com","BYD Atto 3: kompakt SUV, elektromos hajtás, magyarországi listaár 12,0–17,0 millió Ft, WLTP hatótáv 420 km, 204 LE. Adatlap, változatok, garancia, kereskedők.",https://minio.kinaiauto.com/car-photos/byd/atto-3/exterior-1778761729154.jpg,website,summary_large_image,,4,1,BYD Atto 3,hu,423,6.57,0,0,0,0
http://localhost:3100/modellek/baic/x55,/modellek/*,200,200,,0.018,263235,44423,gzip,"s-maxage=120, stale-while-revalidate=31535880",,,http://localhost:3100/modellek/baic/x55,1,Y,"index, follow","BAIC X55 ára és adatai — 12,0 M Ft-tól — kinaiauto.com",54,1,head,head,1,"BAIC X55: kompakt SUV, benzin hajtás, magyarországi listaár 12,0 millió Ft, 180 LE. Adatlap, változatok, garancia, kereskedők.",126,1,http://localhost:3100/modellek/baic/x55,"BAIC X55 ára és adatai — 12,0 M Ft-tól — kinaiauto.com","BAIC X55: kompakt SUV, benzin hajtás, magyarországi listaár 12,0 millió Ft, 180 LE. Adatlap, változatok, garancia, kereskedők.",https://minio.kinaiauto.com/car-photos/baic/x55/hero-1778672419220.jpg,website,summary_large_image,,4,1,BAIC X55,hu,306,6.57,0,0,0,0
http://localhost:3100/modellek/leapmotor/c10-hibrid-ev,/modellek/*,200,200,,0.016,284378,47192,gzip,"s-maxage=120, stale-while-revalidate=31535880",,,http://localhost:3100/modellek/leapmotor/c10-hibrid-ev,1,Y,"index, follow","Leapmotor C10 Hibrid-EV ára és adatai — 15,0 M Ft-tól",53,1,head,head,0,"Leapmotor C10 Hibrid-EV: középméretű SUV, plug-in hibrid hajtás, magyarországi listaár 15,0–17,9 millió Ft, WLTP hatótáv 970 km, 215 LE.",136,1,http://localhost:3100/modellek/leapmotor/c10-hibrid-ev,"Leapmotor C10 Hibrid-EV ára és adatai — 15,0 M Ft-tól","Leapmotor C10 Hibrid-EV: középméretű SUV, plug-in hibrid hajtás, magyarországi listaár 15,0–17,9 millió Ft, WLTP hatótáv 970 km, 215 LE.",https://minio.kinaiauto.com/car-photos/leapmotor/c10-hibrid-ev/hero-1778747479257.png,website,summary_large_image,,4,1,Leapmotor C10 Hibrid-EV,hu,322,6.57,0,0,0,0
http://localhost:3100/modellek/dongfeng/shine-gs,/modellek/*,200,200,,0.018,270290,45659,gzip,"s-maxage=120, stale-while-revalidate=31535880",,,http://localhost:3100/modellek/dongfeng/shine-gs,1,Y,"index, follow","Dongfeng Shine GS ára és adatai — 8,7 M Ft-tól — kinaiauto.com",62,1,head,head,1,"Dongfeng Shine GS: középméretű SUV, benzin hajtás, magyarországi listaár 8,7 millió Ft, 117 LE. Adatlap, változatok, garancia, kereskedők.",138,1,http://localhost:3100/modellek/dongfeng/shine-gs,"Dongfeng Shine GS ára és adatai — 8,7 M Ft-tól — kinaiauto.com","Dongfeng Shine GS: középméretű SUV, benzin hajtás, magyarországi listaár 8,7 millió Ft, 117 LE. Adatlap, változatok, garancia, kereskedők.",https://minio.kinaiauto.com/car-photos/dongfeng/shine-gs/hero-1778753439552.webp,website,summary_large_image,,4,1,Dongfeng Shine GS,hu,426,6.57,0,0,0,0
http://localhost:3100/modellek/omoda/omoda-5-shs-h,/modellek/*,200,200,,0.018,292633,48513,gzip,"s-maxage=120, stale-while-revalidate=31535880",,,http://localhost:3100/modellek/omoda/omoda-5-shs-h,1,Y,"index, follow","Omoda Omoda 5 SHS-H ára és adatai — 12,0 M Ft-tól — kinaiauto.com",65,1,head,head,1,"Omoda Omoda 5 SHS-H: kompakt SUV, önttöltő hibrid hajtás, magyarországi listaár 12,0 millió Ft, 224 LE. Adatlap, változatok, garancia, kereskedők.",146,1,http://localhost:3100/modellek/omoda/omoda-5-shs-h,"Omoda Omoda 5 SHS-H ára és adatai — 12,0 M Ft-tól — kinaiauto.com","Omoda Omoda 5 SHS-H: kompakt SUV, önttöltő hibrid hajtás, magyarországi listaár 12,0 millió Ft, 224 LE. Adatlap, változatok, garancia, kereskedők.",https://minio.kinaiauto.com/car-photos/omoda/omoda-5-shs-h/hero-1778749384663.jpg,website,summary_large_image,,4,1,Omoda Omoda 5 SHS-H,hu,344,6.57,0,0,0,0
http://localhost:3100/modellek/baic/bj30e,/modellek/*,200,200,,0.018,262833,44256,gzip,"s-maxage=120, stale-while-revalidate=31535880",,,http://localhost:3100/modellek/baic/bj30e,1,Y,"index, follow","BAIC BJ30e ára és adatai — 15,0 M Ft-tól — kinaiauto.com",56,1,head,head,1,"BAIC BJ30e: középméretű SUV, önttöltő hibrid hajtás, magyarországi listaár 15,0 millió Ft, 280 LE. Adatlap, változatok, garancia, kereskedők.",141,1,http://localhost:3100/modellek/baic/bj30e,"BAIC BJ30e ára és adatai — 15,0 M Ft-tól — kinaiauto.com","BAIC BJ30e: középméretű SUV, önttöltő hibrid hajtás, magyarországi listaár 15,0 millió Ft, 280 LE. Adatlap, változatok, garancia, kereskedők.",https://minio.kinaiauto.com/car-photos/baic/bj30e/hero-1778770153379.jpg,website,summary_large_image,,4,1,BAIC BJ30e,hu,306,6.57,0,0,0,0
http://localhost:3100/modellek/omoda/omoda-7-shs,/modellek/*,200,200,,0.019,294683,48577,gzip,"s-maxage=120, stale-while-revalidate=31535880",,,http://localhost:3100/modellek/omoda/omoda-7-shs,1,Y,"index, follow","Omoda Omoda 7 SHS — ár, adatok, adatlap — kinaiauto.com",55,1,head,head,1,"Omoda Omoda 7 SHS: középméretű SUV, plug-in hibrid hajtás, WLTP hatótáv 1200 km, 346 LE. Adatlap, változatok, garancia, kereskedők.",131,1,http://localhost:3100/modellek/omoda/omoda-7-shs,"Omoda Omoda 7 SHS — ár, adatok, adatlap — kinaiauto.com","Omoda Omoda 7 SHS: középméretű SUV, plug-in hibrid hajtás, WLTP hatótáv 1200 km, 346 LE. Adatlap, változatok, garancia, kereskedők.",https://minio.kinaiauto.com/car-photos/omoda/omoda-7-shs/hero-1778749818300.jpg,website,summary_large_image,,4,1,Omoda Omoda 7 SHS,hu,344,6.57,0,0,0,0
http://localhost:3100/modellek/byd/seal-6-dm-i,/modellek/*,200,200,,0.019,278561,46314,gzip,"s-maxage=120, stale-while-revalidate=31535880",,,http://localhost:3100/modellek/byd/seal-6-dm-i,1,Y,"index, follow","BYD Seal 6 DM-i ára és adatai — 14,8 M Ft-tól — kinaiauto.com",61,1,head,head,1,"BYD Seal 6 DM-i: szedán, plug-in hibrid hajtás, magyarországi listaár 14,8–17,8 millió Ft, WLTP hatótáv 1505 km, 212 LE.",120,1,http://localhost:3100/modellek/byd/seal-6-dm-i,"BYD Seal 6 DM-i ára és adatai — 14,8 M Ft-tól — kinaiauto.com","BYD Seal 6 DM-i: szedán, plug-in hibrid hajtás, magyarországi listaár 14,8–17,8 millió Ft, WLTP hatótáv 1505 km, 212 LE.",https://minio.kinaiauto.com/car-photos/byd/seal-6-dm-i/hero-1778762471236.webp,website,summary_large_image,,4,1,BYD Seal 6 DM-i,hu,423,6.57,0,0,0,0
http://localhost:3100/modellek/mg/hs,/modellek/*,200,200,,0.018,278120,46890,gzip,"s-maxage=120, stale-while-revalidate=31535880",,,http://localhost:3100/modellek/mg/hs,1,Y,"index, follow","MG MG HS ára és adatai — 10,0 M Ft-tól — kinaiauto.com",54,1,head,head,1,"MG MG HS: középméretű SUV, benzin hajtás, magyarországi listaár 10,0–12,2 millió Ft, 170 LE. Adatlap, változatok, garancia, kereskedők.",135,1,http://localhost:3100/modellek/mg/hs,"MG MG HS ára és adatai — 10,0 M Ft-tól — kinaiauto.com","MG MG HS: középméretű SUV, benzin hajtás, magyarországi listaár 10,0–12,2 millió Ft, 170 LE. Adatlap, változatok, garancia, kereskedők.",https://minio.kinaiauto.com/car-photos/mg/hs/hero-1778751286087.png,website,summary_large_image,,4,1,MG MG HS,hu,384,6.57,0,0,0,0
http://localhost:3100/modellek/byd/dolphin,/modellek/*,200,200,,0.03,279596,46433,gzip,"s-maxage=120, stale-while-revalidate=31535880",,,http://localhost:3100/modellek/byd/dolphin,1,Y,"index, follow","BYD Dolphin ára és adatai — 13,0 M Ft-tól — kinaiauto.com",57,1,head,head,1,"BYD Dolphin: kompakt ferdehátú, elektromos hajtás, magyarországi listaár 13,0–15,2 millió Ft, WLTP hatótáv 427 km, 204 LE.",122,1,http://localhost:3100/modellek/byd/dolphin,"BYD Dolphin ára és adatai — 13,0 M Ft-tól — kinaiauto.com","BYD Dolphin: kompakt ferdehátú, elektromos hajtás, magyarországi listaár 13,0–15,2 millió Ft, WLTP hatótáv 427 km, 204 LE.",https://minio.kinaiauto.com/car-photos/byd/dolphin/hero-1778761407392.jpg,website,summary_large_image,,4,1,BYD Dolphin,hu,423,6.57,0,0,0,0
http://localhost:3100/modellek/xpeng/p7-plus,/modellek/*,200,200,,0.018,285819,46142,gzip,"s-maxage=120, stale-while-revalidate=31535880",,,http://localhost:3100/modellek/xpeng/p7-plus,1,Y,"index, follow","XPENG P7+ ára és adatai — 18,4 M Ft-tól — kinaiauto.com",55,1,head,head,1,"XPENG P7+: szedán, elektromos hajtás, magyarországi listaár 18,4–22,5 millió Ft, WLTP hatótáv 530 km, 530 LE. Adatlap, változatok, garancia, kereskedők.",152,1,http://localhost:3100/modellek/xpeng/p7-plus,"XPENG P7+ ára és adatai — 18,4 M Ft-tól — kinaiauto.com","XPENG P7+: szedán, elektromos hajtás, magyarországi listaár 18,4–22,5 millió Ft, WLTP hatótáv 530 km, 530 LE. Adatlap, változatok, garancia, kereskedők.",https://minio.kinaiauto.com/car-photos/xpeng/p7-plus/hero-1778748808178.webp,website,summary_large_image,,4,1,XPENG P7+,hu,301,6.57,0,0,0,0
http://localhost:3100/modellek/dongfeng/dfutourv9phev,/modellek/*,200,200,,0.018,283131,47184,gzip,"s-maxage=120, stale-while-revalidate=31535880",,,http://localhost:3100/modellek/dongfeng/dfutourv9phev,1,Y,"index, follow","Dongfeng U Tour V9 PHEV ára és adatai — 19,0 M Ft-tól",53,1,head,head,0,"Dongfeng U Tour V9 PHEV: egyterű / MPV, plug-in hibrid hajtás, magyarországi listaár 19,0 millió Ft, 170 LE. Adatlap, változatok, garancia, kereskedők.",151,1,http://localhost:3100/modellek/dongfeng/dfutourv9phev,"Dongfeng U Tour V9 PHEV ára és adatai — 19,0 M Ft-tól","Dongfeng U Tour V9 PHEV: egyterű / MPV, plug-in hibrid hajtás, magyarországi listaár 19,0 millió Ft, 170 LE. Adatlap, változatok, garancia, kereskedők.",https://minio.kinaiauto.com/car-photos/dongfeng/dfutourv9phev/exterior-1778903555683.webp,website,summary_large_image,,4,1,Dongfeng U Tour V9 PHEV,hu,426,6.57,0,0,0,0
http://localhost:3100/modellek/dongfeng/df_t5evo_ev,/modellek/*,200,200,,0.02,283470,47046,gzip,"s-maxage=120, stale-while-revalidate=31535880",,,http://localhost:3100/modellek/dongfeng/df_t5evo_ev,1,Y,"index, follow","Dongfeng T5 EVO EV ára és adatai — 22,8 M Ft-tól — kinaiauto.com",64,1,head,head,1,"Dongfeng T5 EVO EV: kompakt SUV, elektromos hajtás, magyarországi listaár 22,8 millió Ft, WLTP hatótáv 521 km, 204 LE.",118,1,http://localhost:3100/modellek/dongfeng/df_t5evo_ev,"Dongfeng T5 EVO EV ára és adatai — 22,8 M Ft-tól — kinaiauto.com","Dongfeng T5 EVO EV: kompakt SUV, elektromos hajtás, magyarországi listaár 22,8 millió Ft, WLTP hatótáv 521 km, 204 LE.",https://minio.kinaiauto.com/car-photos/dongfeng/df_t5evo_ev/exterior-1778904930201.webp,website,summary_large_image,,4,1,Dongfeng T5 EVO EV,hu,426,6.57,0,0,0,0
http://localhost:3100/modellek/mg/mg3ice,/modellek/*,200,200,,0.019,276668,46607,gzip,"s-maxage=120, stale-while-revalidate=31535880",,,http://localhost:3100/modellek/mg/mg3ice,1,Y,"index, follow","MG MG3 ára és adatai — 6,4 M Ft-tól — kinaiauto.com",51,1,head,head,1,"MG MG3 : városi kisautó, benzin hajtás, magyarországi listaár 6,4–7,0 millió Ft, 116 LE. Adatlap, változatok, garancia, kereskedők.",131,1,http://localhost:3100/modellek/mg/mg3ice,"MG MG3  ára és adatai — 6,4 M Ft-tól — kinaiauto.com","MG MG3 : városi kisautó, benzin hajtás, magyarországi listaár 6,4–7,0 millió Ft, 116 LE. Adatlap, változatok, garancia, kereskedők.",https://minio.kinaiauto.com/car-photos/mg/mg3ice/hero-1778752294210.webp,website,summary_large_image,,4,1,MG MG3,hu,384,6.57,0,0,0,0
http://localhost:3100/modellek/dongfeng/forthing-t5-evo,/modellek/*,200,200,,0.019,276357,46098,gzip,"s-maxage=120, stale-while-revalidate=31535880",,,http://localhost:3100/modellek/dongfeng/forthing-t5-evo,1,Y,"index, follow","Dongfeng Forthing T5 EVO ára és adatai — 13,5 M Ft-tól",54,1,head,head,0,"Dongfeng Forthing T5 EVO: kompakt SUV, benzin hajtás, magyarországi listaár 13,5 millió Ft, 176 LE. Adatlap, változatok, garancia, kereskedők.",142,1,http://localhost:3100/modellek/dongfeng/forthing-t5-evo,"Dongfeng Forthing T5 EVO ára és adatai — 13,5 M Ft-tól","Dongfeng Forthing T5 EVO: kompakt SUV, benzin hajtás, magyarországi listaár 13,5 millió Ft, 176 LE. Adatlap, változatok, garancia, kereskedők.",https://minio.kinaiauto.com/car-photos/dongfeng/forthing-t5-evo/hero-1778753640495.jpg,website,summary_large_image,,4,1,Dongfeng Forthing T5 EVO,hu,426,6.57,0,0,0,0
http://localhost:3100/modellek/jaecoo/jaecoo-7-shs-p,/modellek/*,200,200,,0.019,300230,49574,gzip,"s-maxage=120, stale-while-revalidate=31535880",,,http://localhost:3100/modellek/jaecoo/jaecoo-7-shs-p,1,Y,"index, follow","Jaecoo Jaecoo 7 SHS-P ára és adatai — 13,0 M Ft-tól",51,1,head,head,0,"Jaecoo Jaecoo 7 SHS-P: középméretű SUV, plug-in hibrid hajtás, magyarországi listaár 13,0–15,0 millió Ft, WLTP hatótáv 1200 km, 204 LE.",135,1,http://localhost:3100/modellek/jaecoo/jaecoo-7-shs-p,"Jaecoo Jaecoo 7 SHS-P ára és adatai — 13,0 M Ft-tól","Jaecoo Jaecoo 7 SHS-P: középméretű SUV, plug-in hibrid hajtás, magyarországi listaár 13,0–15,0 millió Ft, WLTP hatótáv 1200 km, 204 LE.",https://minio.kinaiauto.com/car-photos/jaecoo/jaecoo-7-shs-p/exterior-1778674010270.png,website,summary_large_image,,4,1,Jaecoo Jaecoo 7 SHS-P,hu,333,6.57,0,0,0,0
http://localhost:3100/modellek/geely/starray-em-i,/modellek/*,200,200,,0.019,278017,46453,gzip,"s-maxage=120, stale-while-revalidate=31535880",,,http://localhost:3100/modellek/geely/starray-em-i,1,Y,"index, follow","Geely Starray EM-i ára és adatai — 13,0 M Ft-tól — kinaiauto.com",64,1,head,head,1,"Geely Starray EM-i: középméretű SUV, plug-in hibrid hajtás, magyarországi listaár 13,0–15,4 millió Ft, WLTP hatótáv 1055 km, 99 LE.",131,1,http://localhost:3100/modellek/geely/starray-em-i,"Geely Starray EM-i ára és adatai — 13,0 M Ft-tól — kinaiauto.com","Geely Starray EM-i: középméretű SUV, plug-in hibrid hajtás, magyarországi listaár 13,0–15,4 millió Ft, WLTP hatótáv 1055 km, 99 LE.",https://minio.kinaiauto.com/car-photos/geely/starray-em-i/hero-1778672165914.jpg,website,summary_large_image,,4,1,Geely Starray EM-i,hu,306,6.57,0,0,0,0
http://localhost:3100/modellek/maxus/t60-max-pickup,/modellek/*,200,200,,0.02,277238,46310,gzip,"s-maxage=120, stale-while-revalidate=31535880",,,http://localhost:3100/modellek/maxus/t60-max-pickup,1,Y,"index, follow","Maxus T60 MAX Pickup ára és adatai — 19,0 M Ft-tól",50,1,head,head,0,"Maxus T60 MAX Pickup: pickup, dízel hajtás, magyarországi listaár 19,0 millió Ft, 216 LE. Adatlap, változatok, garancia, kereskedők.",132,1,http://localhost:3100/modellek/maxus/t60-max-pickup,"Maxus T60 MAX Pickup ára és adatai — 19,0 M Ft-tól","Maxus T60 MAX Pickup: pickup, dízel hajtás, magyarországi listaár 19,0 millió Ft, 216 LE. Adatlap, változatok, garancia, kereskedők.",https://minio.kinaiauto.com/car-photos/maxus/t60-max-pickup/exterior-1778674838374.jpg,website,summary_large_image,,4,1,Maxus T60 MAX Pickup,hu,306,6.57,0,0,0,0
http://localhost:3100/modellek/chery/tiggo-7,/modellek/*,200,200,,0.014,280252,47647,gzip,"s-maxage=120, stale-while-revalidate=31535880",,,http://localhost:3100/modellek/chery/tiggo-7,1,Y,"index, follow","Chery Tiggo 7 ára és adatai — 13,5 M Ft-tól — kinaiauto.com",59,1,head,head,1,"Chery Tiggo 7: középméretű SUV, önttöltő hibrid hajtás, magyarországi listaár 13,5–15,5 millió Ft, WLTP hatótáv 90 km, 279 LE.",126,1,http://localhost:3100/modellek/chery/tiggo-7,"Chery Tiggo 7 ára és adatai — 13,5 M Ft-tól — kinaiauto.com","Chery Tiggo 7: középméretű SUV, önttöltő hibrid hajtás, magyarországi listaár 13,5–15,5 millió Ft, WLTP hatótáv 90 km, 279 LE.",https://minio.kinaiauto.com/car-photos/chery/tiggo-7/exterior-1778673385236.webp,website,summary_large_image,,4,1,Chery Tiggo 7,hu,320,6.57,0,0,0,0
http://localhost:3100/modellek/voyah/courage-ev,/modellek/*,200,200,,0.019,282696,46782,gzip,"s-maxage=120, stale-while-revalidate=31535880",,,http://localhost:3100/modellek/voyah/courage-ev,1,Y,"index, follow","Voyah Courage EV ára és adatai — 24,1 M Ft-tól — kinaiauto.com",62,1,head,head,1,"Voyah Courage EV: középméretű SUV, elektromos hajtás, magyarországi listaár 24,1 millió Ft, WLTP hatótáv 470 km, 430 LE.",120,1,http://localhost:3100/modellek/voyah/courage-ev,"Voyah Courage EV ára és adatai — 24,1 M Ft-tól — kinaiauto.com","Voyah Courage EV: középméretű SUV, elektromos hajtás, magyarországi listaár 24,1 millió Ft, WLTP hatótáv 470 km, 430 LE.",https://minio.kinaiauto.com/car-photos/voyah/courage-ev/hero-1778754958704.jpg,website,summary_large_image,,4,1,Voyah Courage EV,hu,353,6.57,0,0,0,0
http://localhost:3100/modellek/leapmotor/lmb10phev,/modellek/*,200,200,,0.029,280589,46484,gzip,"s-maxage=120, stale-while-revalidate=31535880",,,http://localhost:3100/modellek/leapmotor/lmb10phev,1,Y,"index, follow","Leapmotor B10 PHEV — ár, adatok, adatlap — kinaiauto.com",56,1,head,head,1,"Leapmotor B10 PHEV: kompakt SUV, plug-in hibrid hajtás, WLTP hatótáv 900 km, 217 LE. Adatlap, változatok, garancia, kereskedők.",127,1,http://localhost:3100/modellek/leapmotor/lmb10phev,"Leapmotor B10 PHEV — ár, adatok, adatlap — kinaiauto.com","Leapmotor B10 PHEV: kompakt SUV, plug-in hibrid hajtás, WLTP hatótáv 900 km, 217 LE. Adatlap, változatok, garancia, kereskedők.",https://minio.kinaiauto.com/car-photos/leapmotor/lmb10phev/exterior-1779515797888.png,website,summary_large_image,,4,1,Leapmotor B10 PHEV,hu,322,6.57,0,0,0,0
http://localhost:3100/modellek/byd/seal-6-dm-i-touring,/modellek/*,200,200,,0.019,279141,46329,gzip,"s-maxage=120, stale-while-revalidate=31535880",,,http://localhost:3100/modellek/byd/seal-6-dm-i-touring,1,Y,"index, follow","BYD Seal 6 DM-i Touring ára és adatai — 15,2 M Ft-tól",53,1,head,head,0,"BYD Seal 6 DM-i Touring: kombi, plug-in hibrid hajtás, magyarországi listaár 15,2–18,2 millió Ft, WLTP hatótáv 100 km, 212 LE.",126,1,http://localhost:3100/modellek/byd/seal-6-dm-i-touring,"BYD Seal 6 DM-i Touring ára és adatai — 15,2 M Ft-tól","BYD Seal 6 DM-i Touring: kombi, plug-in hibrid hajtás, magyarországi listaár 15,2–18,2 millió Ft, WLTP hatótáv 100 km, 212 LE.",https://minio.kinaiauto.com/car-photos/byd/seal-6-dm-i-touring/hero-1778762361947.webp,website,summary_large_image,,4,1,BYD Seal 6 DM-i Touring,hu,423,6.57,0,0,0,0
http://localhost:3100/modellek/voyah/voy_freebev,/modellek/*,200,200,,0.018,276587,45706,gzip,"s-maxage=120, stale-while-revalidate=31535880",,,http://localhost:3100/modellek/voyah/voy_freebev,1,Y,"index, follow","Voyah FREE BEV ára és adatai — 34,9 M Ft-tól — kinaiauto.com",60,1,head,head,1,"Voyah FREE BEV: nagy SUV, elektromos hajtás, magyarországi listaár 34,9 millió Ft, WLTP hatótáv 500 km, 490 LE. Adatlap, változatok, garancia, kereskedők.",154,1,http://localhost:3100/modellek/voyah/voy_freebev,"Voyah FREE BEV ára és adatai — 34,9 M Ft-tól — kinaiauto.com","Voyah FREE BEV: nagy SUV, elektromos hajtás, magyarországi listaár 34,9 millió Ft, WLTP hatótáv 500 km, 490 LE. Adatlap, változatok, garancia, kereskedők.",https://minio.kinaiauto.com/car-photos/voyah/voy_freebev/exterior-1778905784375.jpg,website,summary_large_image,,4,1,Voyah FREE BEV,hu,353,6.57,0,0,0,0
http://localhost:3100/modellek/baic/baicx7,/modellek/*,200,200,,0.019,264173,44570,gzip,"s-maxage=120, stale-while-revalidate=31535880",,,http://localhost:3100/modellek/baic/baicx7,1,Y,"index, follow","BAIC X7 ára és adatai — 13,0 M Ft-tól — kinaiauto.com",53,1,head,head,1,"BAIC X7: kompakt SUV, benzin hajtás, magyarországi listaár 13,0–15,0 millió Ft, 185 LE. Adatlap, változatok, garancia, kereskedők.",130,1,http://localhost:3100/modellek/baic/baicx7,"BAIC X7 ára és adatai — 13,0 M Ft-tól — kinaiauto.com","BAIC X7: kompakt SUV, benzin hajtás, magyarországi listaár 13,0–15,0 millió Ft, 185 LE. Adatlap, változatok, garancia, kereskedők.",https://minio.kinaiauto.com/car-photos/baic/baicx7/hero-1778770008228.jpg,website,summary_large_image,,4,1,BAIC X7,hu,306,6.57,0,0,0,0
http://localhost:3100/modellek/dongfeng/df_df6,/modellek/*,200,200,,0.019,276756,46307,gzip,"s-maxage=120, stale-while-revalidate=31535880",,,http://localhost:3100/modellek/dongfeng/df_df6,1,Y,"index, follow","Dongfeng DF6 ára és adatai — 12,0 M Ft-tól — kinaiauto.com",58,1,head,head,1,"Dongfeng DF6: pickup, dízel hajtás, magyarországi listaár 12,0 millió Ft, 163 LE. Adatlap, változatok, garancia, kereskedők.",124,1,http://localhost:3100/modellek/dongfeng/df_df6,"Dongfeng DF6 ára és adatai — 12,0 M Ft-tól — kinaiauto.com","Dongfeng DF6: pickup, dízel hajtás, magyarországi listaár 12,0 millió Ft, 163 LE. Adatlap, változatok, garancia, kereskedők.",https://minio.kinaiauto.com/car-photos/dongfeng/df_df6/exterior-1778914619629.webp,website,summary_large_image,,4,1,Dongfeng DF6,hu,426,6.57,0,0,0,0
http://localhost:3100/modellek/nio/EL_8,/modellek/*,200,200,,0.019,275196,45600,gzip,"s-maxage=120, stale-while-revalidate=31535880",,,http://localhost:3100/modellek/nio/EL_8,1,Y,"index, follow","NIO EL8 ára és adatai — 43,5 M Ft-tól — kinaiauto.com",53,1,head,head,1,"NIO EL8: nagy SUV, elektromos hajtás, magyarországi listaár 43,5 millió Ft, WLTP hatótáv 510 km, 653 LE. Adatlap, változatok, garancia, kereskedők.",147,1,http://localhost:3100/modellek/nio/EL_8,"NIO EL8 ára és adatai — 43,5 M Ft-tól — kinaiauto.com","NIO EL8: nagy SUV, elektromos hajtás, magyarországi listaár 43,5 millió Ft, WLTP hatótáv 510 km, 653 LE. Adatlap, változatok, garancia, kereskedők.",https://minio.kinaiauto.com/car-photos/nio/EL_8/hero-1778676778562.webp,website,summary_large_image,,4,1,NIO EL8,hu,312,6.57,0,0,0,0
http://localhost:3100/modellek/dongfeng/fr_mhero917rev,/modellek/*,200,200,,0.018,281174,46535,gzip,"s-maxage=120, stale-while-revalidate=31535880",,,http://localhost:3100/modellek/dongfeng/fr_mhero917rev,1,Y,"index, follow","Dongfeng MHERO 917 REV ára és adatai — 71,2 M Ft-tól",52,1,head,head,0,"Dongfeng MHERO 917 REV: nagy SUV, plug-in hibrid hajtás, magyarországi listaár 71,2 millió Ft, WLTP hatótáv 1026 km, 816 LE.",124,1,http://localhost:3100/modellek/dongfeng/fr_mhero917rev,"Dongfeng MHERO 917 REV ára és adatai — 71,2 M Ft-tól","Dongfeng MHERO 917 REV: nagy SUV, plug-in hibrid hajtás, magyarországi listaár 71,2 millió Ft, WLTP hatótáv 1026 km, 816 LE.",https://minio.kinaiauto.com/car-photos/dongfeng/fr_mhero917rev/exterior-1779516977084.webp,website,summary_large_image,,4,1,Dongfeng MHERO 917 REV,hu,426,6.57,0,0,0,0
http://localhost:3100/modellek/omoda/omoda-e5,/modellek/*,200,200,,0.019,299852,49301,gzip,"s-maxage=120, stale-while-revalidate=31535880",,,http://localhost:3100/modellek/omoda/omoda-e5,1,Y,"index, follow","Omoda Omoda E5 ára és adatai — 13,0 M Ft-tól — kinaiauto.com",60,1,head,head,1,"Omoda Omoda E5: kompakt SUV, elektromos hajtás, magyarországi listaár 13,0–14,5 millió Ft, WLTP hatótáv 430 km, 211 LE.",119,1,http://localhost:3100/modellek/omoda/omoda-e5,"Omoda Omoda E5 ára és adatai — 13,0 M Ft-tól — kinaiauto.com","Omoda Omoda E5: kompakt SUV, elektromos hajtás, magyarországi listaár 13,0–14,5 millió Ft, WLTP hatótáv 430 km, 211 LE.",https://minio.kinaiauto.com/car-photos/omoda/omoda-e5/hero-1778749523872.jpg,website,summary_large_image,,4,1,Omoda Omoda E5,hu,344,6.57,0,0,0,0
http://localhost:3100/modellek/dongfeng/dfutour,/modellek/*,200,200,,0.019,284006,47356,gzip,"s-maxage=120, stale-while-revalidate=31535880",,,http://localhost:3100/modellek/dongfeng/dfutour,1,Y,"index, follow","Dongfeng U Tour ára és adatai — 12,4 M Ft-tól — kinaiauto.com",61,1,head,head,1,"Dongfeng U Tour: egyterű / MPV, benzin hajtás, magyarországi listaár 12,4 millió Ft, 197 LE. Adatlap, változatok, garancia, kereskedők.",135,1,http://localhost:3100/modellek/dongfeng/dfutour,"Dongfeng U Tour ára és adatai — 12,4 M Ft-tól — kinaiauto.com","Dongfeng U Tour: egyterű / MPV, benzin hajtás, magyarországi listaár 12,4 millió Ft, 197 LE. Adatlap, változatok, garancia, kereskedők.",https://minio.kinaiauto.com/car-photos/dongfeng/dfutour/exterior-1778903159308.webp,website,summary_large_image,,4,1,Dongfeng U Tour,hu,426,6.57,0,0,0,0
http://localhost:3100/modellek/mg/mg-cyberster,/modellek/*,200,200,,0.019,299671,48852,gzip,"s-maxage=120, stale-while-revalidate=31535880",,,http://localhost:3100/modellek/mg/mg-cyberster,1,Y,"index, follow","MG MG Cyberster ára és adatai — 26,7 M Ft-tól — kinaiauto.com",61,1,head,head,1,"MG MG Cyberster: roadster, elektromos hajtás, magyarországi listaár 26,7–28,8 millió Ft, WLTP hatótáv 507 km, 510 LE.",117,1,http://localhost:3100/modellek/mg/mg-cyberster,"MG MG Cyberster ára és adatai — 26,7 M Ft-tól — kinaiauto.com","MG MG Cyberster: roadster, elektromos hajtás, magyarországi listaár 26,7–28,8 millió Ft, WLTP hatótáv 507 km, 510 LE.",https://minio.kinaiauto.com/car-photos/mg/mg-cyberster/hero-1778750129784.jpg,website,summary_large_image,,4,1,MG MG Cyberster,hu,384,6.57,0,0,0,0
http://localhost:3100/modellek/byd/dolphin-surf,/modellek/*,200,200,,0.019,292074,47240,gzip,"s-maxage=120, stale-while-revalidate=31535880",,,http://localhost:3100/modellek/byd/dolphin-surf,1,Y,"index, follow","BYD Dolphin Surf ára és adatai — 8,0 M Ft-tól — kinaiauto.com",61,1,head,head,1,"BYD Dolphin Surf: városi kisautó, elektromos hajtás, magyarországi listaár 8,0–10,5 millió Ft, WLTP hatótáv 220–322 km, 154 LE.",127,1,http://localhost:3100/modellek/byd/dolphin-surf,"BYD Dolphin Surf ára és adatai — 8,0 M Ft-tól — kinaiauto.com","BYD Dolphin Surf: városi kisautó, elektromos hajtás, magyarországi listaár 8,0–10,5 millió Ft, WLTP hatótáv 220–322 km, 154 LE.",https://minio.kinaiauto.com/car-photos/byd/dolphin-surf/hero-1778760800865.webp,website,summary_large_image,,4,1,BYD Dolphin Surf,hu,423,6.57,0,0,0,0
